{"type":"FeatureCollection", "features": [
{"type":"Feature","geometry":{"type":"MultiPolygon","coordinates":[[[[115.486,-8.763],[115.588,-8.82],[115.629,-8.773],[115.561,-8.672],[115.448,-8.722],[115.486,-8.763]]],[[[114.843,-8.437],[115.146,-8.675],[115.168,-8.773],[115.084,-8.829],[115.167,-8.849],[115.24,-8.804],[115.221,-8.753],[115.178,-8.777],[115.183,-8.724],[115.263,-8.707],[115.361,-8.578],[115.612,-8.506],[115.712,-8.39],[115.454,-8.163],[115.185,-8.062],[114.867,-8.196],[114.617,-8.123],[114.524,-8.155],[114.436,-8.097],[114.477,-8.165],[114.433,-8.165],[114.448,-8.219],[114.582,-8.398],[114.843,-8.437]]]]},"properties":{"shapeName":"Bali","shapeGroup":"IDN"}},
{"type":"Feature","geometry":{"type":"MultiPolygon","coordinates":[[[[117.998,-8.687],[118.003,-8.629],[117.951,-8.613],[117.998,-8.687]]],[[[117.735,-8.558],[117.8,-8.552],[117.725,-8.473],[117.735,-8.558]]],[[[119.263,-8.437],[119.335,-8.428],[119.276,-8.393],[119.263,-8.437]]],[[[116.016,-8.75],[115.914,-8.775],[115.852,-8.72],[115.831,-8.815],[116.009,-8.904],[116.067,-8.851],[116.049,-8.886],[116.155,-8.864],[116.173,-8.914],[116.373,-8.901],[116.377,-8.956],[116.427,-8.825],[116.476,-8.826],[116.436,-8.92],[116.511,-8.869],[116.51,-8.915],[116.571,-8.892],[116.592,-8.859],[116.504,-8.859],[116.481,-8.808],[116.667,-8.559],[116.718,-8.348],[116.46,-8.227],[116.269,-8.245],[116.042,-8.422],[116.085,-8.725],[116.063,-8.774],[116.046,-8.724],[116.016,-8.75]]],[[[117.057,-8.437],[116.999,-8.507],[116.819,-8.516],[116.746,-8.663],[116.822,-8.82],[116.732,-8.869],[116.715,-8.969],[117.014,-9.109],[117.184,-9.021],[117.411,-9.049],[117.69,-8.919],[117.817,-8.899],[117.884,-8.944],[118.013,-8.853],[118.126,-8.878],[118.404,-8.676],[118.39,-8.607],[118.433,-8.677],[118.379,-8.827],[118.467,-8.889],[118.72,-8.793],[118.922,-8.843],[118.96,-8.818],[118.909,-8.765],[118.726,-8.784],[118.679,-8.742],[118.907,-8.68],[118.971,-8.749],[119.133,-8.753],[119.193,-8.61],[119.166,-8.556],[119.131,-8.629],[119.036,-8.642],[119.053,-8.454],[118.986,-8.304],[118.766,-8.309],[118.702,-8.388],[118.713,-8.498],[118.649,-8.551],[118.698,-8.397],[118.647,-8.291],[118.464,-8.246],[118.279,-8.364],[118.163,-8.241],[118.144,-8.134],[117.924,-8.08],[117.724,-8.15],[117.693,-8.239],[117.98,-8.464],[118.081,-8.45],[118.194,-8.571],[118.232,-8.552],[118.269,-8.658],[118.088,-8.651],[117.942,-8.751],[117.893,-8.7],[117.775,-8.713],[117.737,-8.563],[117.636,-8.581],[117.635,-8.464],[117.582,-8.428],[117.571,-8.504],[117.562,-8.406],[117.428,-8.396],[117.388,-8.473],[117.154,-8.364],[117.057,-8.437]]],[[[117.675,-8.5],[117.651,-8.448],[117.65,-8.533],[117.675,-8.5]]],[[[119.021,-8.15],[119.004,-8.236],[119.083,-8.254],[119.113,-8.157],[119.021,-8.15]]],[[[117.524,-8.388],[117.69,-8.181],[117.667,-8.152],[117.482,-8.186],[117.47,-8.356],[117.524,-8.388]]]]},"properties":{"shapeName":"West Nusa Tenggara","shapeGroup":"IDN"}},
{"type":"Feature","geometry":{"type":"MultiPolygon","coordinates":[[[[105.184,-6.649],[105.243,-6.636],[105.266,-6.523],[105.184,-6.539],[105.1,-6.613],[105.169,-6.575],[105.184,-6.649]]],[[[106.726,-6.089],[106.679,-6.013],[106.481,-6.047],[106.356,-5.961],[106.255,-5.957],[106.168,-6.038],[106.041,-5.876],[105.973,-6.016],[105.883,-6.072],[105.784,-6.508],[105.713,-6.533],[105.65,-6.481],[105.611,-6.634],[105.469,-6.828],[105.37,-6.647],[105.263,-6.761],[105.211,-6.748],[105.241,-6.84],[105.326,-6.803],[105.538,-6.874],[106.032,-6.817],[106.31,-6.996],[106.396,-6.98],[106.436,-6.82],[106.526,-6.768],[106.429,-6.682],[106.426,-6.35],[106.469,-6.304],[106.49,-6.355],[106.77,-6.361],[106.78,-6.316],[106.688,-6.172],[106.726,-6.089]]]]},"properties":{"shapeName":"Banten","shapeGroup":"IDN"}},
{"type":"Feature","geometry":{"type":"MultiPolygon","coordinates":[[[[108.885,-6.809],[108.811,-6.957],[108.834,-7.147],[108.621,-7.212],[108.615,-7.375],[108.718,-7.386],[108.776,-7.475],[108.784,-7.706],[109.041,-7.785],[109.061,-7.696],[109.287,-7.702],[109.412,-7.776],[110.003,-7.888],[110.13,-7.748],[110.141,-7.645],[110.261,-7.644],[110.273,-7.707],[110.446,-7.541],[110.492,-7.767],[110.786,-7.817],[110.756,-8.025],[110.835,-8.203],[110.897,-8.212],[110.954,-8.07],[111.113,-8.069],[111.141,-7.939],[111.251,-7.95],[111.313,-7.852],[111.284,-7.754],[111.182,-7.713],[111.118,-7.419],[111.146,-7.269],[111.215,-7.258],[111.406,-7.398],[111.461,-7.385],[111.451,-7.248],[111.622,-7.135],[111.568,-7.098],[111.578,-6.959],[111.677,-6.742],[111.494,-6.62],[111.38,-6.702],[111.151,-6.655],[111.047,-6.426],[110.918,-6.403],[110.725,-6.433],[110.635,-6.678],[110.551,-6.726],[110.559,-6.805],[110.426,-6.955],[110.172,-6.844],[109.995,-6.923],[109.866,-6.915],[109.575,-6.837],[109.521,-6.772],[109.291,-6.873],[109.119,-6.847],[109.068,-6.784],[108.885,-6.809]]],[[[110.452,-5.816],[110.41,-5.841],[110.448,-5.889],[110.487,-5.771],[110.452,-5.816]]]]},"properties":{"shapeName":"Central Java","shapeGroup":"IDN"}},
{"type":"Feature","geometry":{"type":"Polygon","coordinates":[[[106.396,-6.98],[106.513,-6.966],[106.545,-7.055],[106.374,-7.237],[106.406,-7.382],[107.4,-7.492],[107.848,-7.737],[108.301,-7.814],[108.475,-7.807],[108.539,-7.691],[108.784,-7.706],[108.776,-7.475],[108.718,-7.386],[108.615,-7.375],[108.621,-7.212],[108.834,-7.147],[108.811,-6.957],[108.885,-6.809],[108.834,-6.748],[108.75,-6.814],[108.602,-6.763],[108.538,-6.483],[108.385,-6.357],[108.358,-6.248],[108.175,-6.224],[108.211,-6.267],[108.127,-6.335],[107.903,-6.244],[107.888,-6.182],[107.664,-6.251],[107.621,-6.189],[107.467,-6.149],[107.34,-5.97],[107.159,-5.987],[107.024,-5.915],[107.014,-6.076],[106.969,-6.092],[106.914,-6.365],[106.795,-6.365],[106.78,-6.316],[106.77,-6.361],[106.49,-6.355],[106.469,-6.304],[106.426,-6.35],[106.429,-6.682],[106.526,-6.768],[106.436,-6.82],[106.396,-6.98]]]},"properties":{"shapeName":"West Java","shapeGroup":"IDN"}},
{"type":"Feature","geometry":{"type":"Polygon","coordinates":[[[110.731,-2.997],[110.801,-2.977],[110.971,-3.067],[111.41,-2.907],[111.548,-3.023],[111.691,-2.943],[111.709,-2.851],[111.823,-3.03],[111.813,-3.417],[111.767,-3.504],[111.844,-3.541],[112.261,-3.313],[112.562,-3.445],[112.918,-3.242],[113.042,-3.13],[112.992,-3.165],[112.942,-3.112],[113.046,-2.974],[113.342,-3.279],[113.319,-3.23],[113.367,-3.271],[113.433,-3.169],[113.585,-3.141],[113.633,-3.297],[113.581,-3.442],[113.628,-3.465],[113.821,-3.45],[114.052,-3.316],[114.353,-3.447],[114.591,-2.821],[114.761,-2.722],[114.876,-2.464],[115.241,-2.198],[115.291,-2.226],[115.325,-2.085],[115.278,-2.001],[115.351,-1.93],[115.31,-1.807],[115.401,-1.435],[115.524,-1.43],[115.756,-1.303],[115.847,-1.155],[115.757,-1.133],[115.501,-0.847],[115.39,-0.816],[115.352,-0.582],[115.246,-0.445],[115.228,-0.297],[115.321,-0.095],[115.301,-0.032],[115.042,-0.19],[114.935,-0.188],[114.895,0.044],[114.788,0.097],[114.908,0.319],[115.05,0.303],[115.132,0.388],[114.978,0.748],[114.908,0.795],[114.876,0.702],[114.824,0.753],[114.7,0.729],[114.412,0.496],[114.197,0.542],[114.108,0.703],[114.005,0.655],[113.84,0.668],[113.461,0.281],[113.271,0.242],[113.419,0.125],[113.44,-0.064],[113.409,-0.162],[113.208,-0.338],[113.267,-0.423],[113.218,-0.503],[113.143,-0.446],[112.992,-0.488],[112.475,-0.732],[112.433,-0.673],[112.302,-0.733],[112.197,-0.616],[112.158,-0.729],[112.023,-0.703],[112.029,-0.796],[111.954,-0.819],[111.91,-0.773],[111.919,-0.871],[111.625,-0.985],[111.554,-1.111],[111.573,-1.2],[111.409,-1.241],[111.279,-1.425],[111.185,-1.432],[111.192,-1.514],[111.147,-1.473],[111.119,-1.553],[110.984,-1.538],[110.858,-1.631],[110.914,-1.718],[110.977,-1.668],[111.006,-1.699],[110.975,-1.955],[111.085,-1.995],[111.032,-2.244],[111.119,-2.653],[111.173,-2.69],[110.969,-2.856],[110.774,-2.926],[110.731,-2.997]]]},"properties":{"shapeName":"Central Kalimantan","shapeGroup":"IDN"}},
{"type":"Feature","geometry":{"type":"MultiPolygon","coordinates":[[[[114.353,-3.447],[114.499,-3.511],[114.612,-3.64],[114.646,-4.176],[115.716,-3.732],[115.823,-3.638],[115.971,-3.607],[116.032,-3.363],[116.185,-3.242],[116.207,-3.129],[116.274,-3.13],[116.177,-2.998],[116.085,-2.99],[116.122,-2.821],[116.214,-3.002],[116.271,-3.002],[116.364,-2.879],[116.416,-2.579],[116.323,-2.58],[116.312,-2.535],[116.451,-2.502],[116.512,-2.562],[116.554,-2.419],[115.967,-2.293],[115.836,-2.387],[115.781,-2.198],[115.818,-2.066],[115.706,-2.036],[115.727,-1.787],[115.637,-1.547],[115.537,-1.532],[115.647,-1.388],[115.671,-1.444],[115.708,-1.415],[115.756,-1.303],[115.524,-1.43],[115.401,-1.435],[115.31,-1.807],[115.351,-1.93],[115.278,-2.001],[115.325,-2.085],[115.291,-2.226],[115.241,-2.198],[114.876,-2.464],[114.761,-2.722],[114.591,-2.821],[114.353,-3.447]]],[[[116.062,-3.866],[116.039,-4.024],[116.091,-4.085],[116.116,-4.022],[116.31,-3.917],[116.271,-3.816],[116.339,-3.728],[116.271,-3.544],[116.314,-3.474],[116.25,-3.374],[116.28,-3.214],[116.115,-3.304],[116.038,-3.482],[116.005,-3.682],[116.062,-3.866]]],[[[116.368,-3.651],[116.435,-3.421],[116.408,-3.36],[116.312,-3.555],[116.368,-3.651]]]]},"properties":{"shapeName":"South Kalimantan","shapeGroup":"IDN"}},
{"type":"Feature","geometry":{"type":"MultiPolygon","coordinates":[[[[113.84,0.668],[113.926,0.838],[113.875,0.893],[113.894,1.052],[113.986,1.144],[114.117,1.154],[114.148,1.379],[114.207,1.41],[114.204,1.421],[114.193,1.428],[114.18,1.435],[114.161,1.441],[113.954,1.442],[113.815,1.364],[113.81,1.299],[113.63,1.216],[113.544,1.32],[113.419,1.285],[113.326,1.377],[113.181,1.379],[113.106,1.445],[112.975,1.409],[113.071,1.529],[113.003,1.581],[112.885,1.588],[112.842,1.537],[112.5,1.58],[112.208,1.45],[112.154,1.142],[111.935,1.118],[111.826,0.985],[111.667,1.043],[111.54,0.949],[111.489,1.034],[111.405,1.009],[111.225,1.093],[110.905,1.028],[110.805,0.9],[110.633,0.909],[110.576,0.854],[110.446,0.908],[110.395,0.997],[110.281,0.994],[110.277,0.999],[110.281,1.014],[110.192,1.183],[110.064,1.209],[109.999,1.297],[109.984,1.298],[109.981,1.297],[109.969,1.341],[109.946,1.407],[109.914,1.423],[109.846,1.426],[109.84,1.424],[109.832,1.429],[109.839,1.486],[109.807,1.466],[109.662,1.619],[109.684,1.775],[109.683,1.786],[109.593,1.794],[109.581,1.798],[109.582,1.83],[109.579,1.837],[109.539,1.912],[109.545,1.929],[109.564,1.937],[109.566,1.943],[109.564,1.948],[109.556,1.955],[109.555,1.962],[109.585,1.977],[109.6,1.974],[109.645,2.081],[109.587,1.991],[109.323,1.927],[109.338,1.832],[109.26,1.673],[109.06,1.524],[109.044,1.347],[108.96,1.205],[109.141,1.24],[108.907,1.169],[108.98,0.989],[108.841,0.815],[108.926,0.634],[108.915,0.336],[109.092,0.245],[109.189,0.066],[109.055,-0.222],[109.115,-0.517],[109.252,-0.604],[109.376,-0.584],[109.36,-0.653],[109.539,-0.732],[109.469,-0.754],[109.248,-0.662],[109.257,-0.849],[109.397,-0.933],[109.448,-0.849],[109.553,-0.885],[109.682,-1.013],[109.734,-0.967],[109.732,-0.988],[109.765,-0.996],[109.769,-1.035],[109.804,-1.049],[109.819,-1.091],[109.945,-1.126],[109.909,-1.21],[110.062,-1.347],[110.032,-1.667],[109.901,-1.828],[110.065,-1.929],[110.118,-2.032],[110.063,-2.245],[110.138,-2.303],[110.2,-2.519],[110.149,-2.621],[110.211,-2.645],[110.259,-2.762],[110.257,-2.958],[110.306,-2.996],[110.572,-2.838],[110.644,-3.036],[110.731,-2.997],[110.774,-2.926],[110.969,-2.856],[111.173,-2.69],[111.119,-2.653],[111.032,-2.244],[111.085,-1.995],[110.975,-1.955],[111.006,-1.699],[110.977,-1.668],[110.914,-1.718],[110.858,-1.631],[110.984,-1.538],[111.119,-1.553],[111.147,-1.473],[111.192,-1.514],[111.185,-1.432],[111.279,-1.425],[111.409,-1.241],[111.573,-1.2],[111.554,-1.111],[111.625,-0.985],[111.919,-0.871],[111.91,-0.773],[111.954,-0.819],[112.029,-0.796],[112.023,-0.703],[112.158,-0.729],[112.197,-0.616],[112.302,-0.733],[112.433,-0.673],[112.475,-0.732],[112.992,-0.488],[113.143,-0.446],[113.218,-0.503],[113.267,-0.423],[113.208,-0.338],[113.409,-0.162],[113.44,-0.064],[113.419,0.125],[113.271,0.242],[113.461,0.281],[113.84,0.668]]],[[[110.192,-2.91],[110.162,-2.854],[110.134,-2.899],[110.192,-2.91]]],[[[110.112,-2.673],[110.045,-2.748],[110.128,-2.742],[110.112,-2.673]]],[[[109.687,-1.217],[109.78,-1.147],[109.762,-1.004],[109.718,-0.989],[109.675,-1.02],[109.488,-0.973],[109.383,-1.26],[109.501,-1.31],[109.687,-1.217]]]]},"properties":{"shapeName":"West Kalimantan","shapeGroup":"IDN"}},
{"type":"Feature","geometry":{"type":"MultiPolygon","coordinates":[[[[123.879,-2.039],[123.862,-2.008],[123.848,-2.068],[123.879,-2.039]]],[[[123.86,-2],[123.784,-1.879],[123.785,-1.983],[123.825,-2.027],[123.86,-2]]],[[[123.74,-1.955],[123.722,-1.907],[123.697,-1.953],[123.74,-1.955]]],[[[123.286,-1.238],[123.3,-1.283],[123.317,-1.175],[123.286,-1.238]]],[[[121.671,-0.527],[121.659,-0.577],[121.74,-0.495],[121.831,-0.533],[121.863,-0.497],[121.887,-0.541],[121.919,-0.447],[121.772,-0.416],[121.671,-0.527]]],[[[121.878,-0.351],[121.92,-0.444],[122.065,-0.395],[122.059,-0.348],[122.012,-0.375],[121.968,-0.326],[121.928,-0.336],[121.97,-0.366],[121.878,-0.351]]],[[[122.061,-0.351],[122.085,-0.431],[122.091,-0.393],[122.145,-0.419],[122.091,-0.272],[122.061,-0.351]]],[[[121.641,-0.127],[121.563,-0.161],[121.593,-0.211],[121.651,-0.194],[121.641,-0.127]]],[[[122.344,-0.309],[122.397,-0.39],[122.38,-0.274],[122.228,-0.213],[122.344,-0.309]]],[[[122.172,-0.256],[122.25,-0.282],[122.186,-0.25],[122.209,-0.21],[122.172,-0.256]]],[[[123.325,-1.764],[123.378,-1.673],[123.276,-1.798],[123.325,-1.764]]],[[[123.578,-1.721],[123.623,-1.624],[123.562,-1.602],[123.514,-1.481],[123.48,-1.689],[123.578,-1.721]]],[[[123.059,-1.83],[123.064,-1.925],[123.149,-1.818],[123.096,-1.76],[123.059,-1.83]]],[[[122.792,-1.406],[122.792,-1.484],[122.904,-1.601],[123.158,-1.3],[123.175,-1.511],[123.111,-1.6],[123.162,-1.641],[123.231,-1.604],[123.243,-1.649],[123.257,-1.448],[123.3,-1.41],[123.356,-1.526],[123.458,-1.519],[123.56,-1.281],[123.374,-1.222],[123.24,-1.388],[123.184,-1.32],[123.249,-1.229],[123.19,-1.151],[123.146,-1.206],[123.106,-1.161],[122.971,-1.216],[122.911,-1.181],[122.792,-1.406]]],[[[122.194,1.034],[122.063,1.063],[121.984,1.022],[121.927,1.103],[121.66,1.034],[121.432,1.164],[121.465,1.307],[121.254,1.23],[120.996,1.34],[120.894,1.304],[120.903,1.356],[120.808,1.325],[120.808,1.028],[120.635,0.939],[120.593,0.748],[120.391,0.796],[120.373,0.867],[120.363,0.828],[120.327,0.855],[120.354,0.984],[120.281,0.986],[120.239,0.802],[120.038,0.718],[120.045,0.514],[119.882,0.459],[119.85,0.327],[119.903,0.221],[119.771,0.213],[119.878,0.081],[119.84,-0.102],[119.772,-0.107],[119.666,0.018],[119.666,-0.018],[119.604,-0.006],[119.709,-0.141],[119.81,-0.137],[119.758,-0.491],[119.879,-0.863],[119.837,-0.879],[119.732,-0.644],[119.661,-0.717],[119.68,-0.769],[119.552,-0.861],[119.61,-1.12],[119.581,-1.256],[119.423,-1.358],[119.694,-1.45],[119.657,-1.503],[119.776,-1.693],[119.755,-1.756],[119.905,-1.8],[119.813,-2.045],[120.099,-1.967],[120.325,-2.053],[120.388,-1.882],[120.695,-2.208],[120.903,-2.22],[121.346,-2.38],[121.483,-2.487],[121.702,-2.552],[121.791,-2.712],[121.893,-2.793],[121.96,-2.952],[122.1,-2.963],[122.19,-3.03],[122.323,-3.242],[122.424,-3.281],[122.43,-3.191],[122.487,-3.181],[122.251,-3.027],[122.315,-2.91],[122.208,-2.9],[122.185,-2.823],[122.011,-2.719],[122.035,-2.657],[121.824,-2.292],[121.677,-2.172],[121.551,-2.168],[121.533,-2.04],[121.499,-2.054],[121.409,-1.906],[121.343,-2.006],[121.312,-1.93],[121.363,-1.875],[121.296,-1.857],[121.299,-1.798],[121.457,-1.811],[121.448,-1.867],[121.527,-1.875],[121.553,-1.956],[121.676,-1.947],[121.807,-1.731],[121.886,-1.706],[121.863,-1.67],[121.905,-1.701],[122.031,-1.612],[122.218,-1.603],[122.391,-1.495],[122.715,-1.134],[122.802,-0.942],[123.041,-0.911],[123.099,-0.835],[123.144,-0.954],[123.267,-1.045],[123.347,-1.038],[123.444,-0.839],[123.445,-0.713],[123.259,-0.579],[123.058,-0.565],[122.954,-0.645],[122.723,-0.663],[122.961,-0.755],[122.725,-0.813],[122.616,-0.762],[122.202,-0.788],[122.124,-0.944],[122.006,-0.937],[121.956,-0.992],[121.707,-0.946],[121.635,-0.804],[121.304,-1.101],[121.1,-1.438],[120.863,-1.413],[120.824,-1.353],[120.677,-1.416],[120.506,-0.995],[120.409,-0.922],[120.311,-0.966],[120.075,-0.669],[120.007,-0.275],[120.034,-0.066],[120.095,-0.033],[120.159,0.229],[120.409,0.476],[120.647,0.521],[120.898,0.396],[121.337,0.474],[121.335,0.575],[121.156,0.68],[121.214,0.788],[121.364,0.8],[121.353,0.848],[121.495,0.837],[121.858,0.98],[121.981,0.905],[122.194,1.034]]]]},"properties":{"shapeName":"Central Sulawesi","shapeGroup":"IDN"}},
{"type":"Feature","geometry":{"type":"Polygon","coordinates":[[[121.337,0.474],[121.522,0.496],[121.532,0.555],[121.721,0.521],[121.804,0.41],[122.401,0.526],[122.642,0.474],[122.652,0.517],[122.693,0.472],[123.062,0.521],[123.268,0.322],[123.478,0.316],[123.548,0.432],[123.53,0.579],[123.248,0.717],[123.271,0.801],[123.116,0.925],[122.947,0.964],[122.975,0.936],[122.857,0.806],[122.457,1.029],[122.194,1.034],[121.981,0.905],[121.858,0.98],[121.495,0.837],[121.353,0.848],[121.364,0.8],[121.214,0.788],[121.156,0.68],[121.335,0.575],[121.337,0.474]]]},"properties":{"shapeName":"Gorontalo","shapeGroup":"IDN"}},
{"type":"Feature","geometry":{"type":"MultiPolygon","coordinates":[[[[123.478,0.316],[123.778,0.311],[124.513,0.472],[124.493,0.543],[124.57,0.577],[124.544,0.625],[124.64,0.792],[124.72,0.894],[124.888,0.974],[125.024,1.142],[125.078,1.366],[125.235,1.469],[125.144,1.605],[125.175,1.685],[125.042,1.673],[124.981,1.75],[124.965,1.672],[124.805,1.571],[124.827,1.463],[124.532,1.353],[124.515,1.301],[124.612,1.253],[124.577,1.188],[124.354,1.165],[124.297,1.01],[123.93,0.858],[123.957,0.837],[123.75,0.831],[123.598,0.904],[123.261,0.915],[123.248,0.959],[123.168,0.952],[123.179,0.902],[123.116,0.925],[123.271,0.801],[123.248,0.717],[123.53,0.579],[123.548,0.432],[123.478,0.316]]],[[[125.221,1.438],[125.174,1.387],[125.26,1.413],[125.292,1.549],[125.221,1.438]]],[[[125.08,1.833],[125.099,1.887],[125.051,1.805],[125.08,1.833]]],[[[125.378,2.118],[125.346,2.07],[125.411,2.134],[125.378,2.118]]],[[[124.766,1.743],[124.731,1.724],[124.769,1.692],[124.766,1.743]]],[[[125.156,1.748],[125.188,1.8],[125.135,1.847],[125.156,1.748]]],[[[125.394,2.691],[125.457,2.763],[125.427,2.809],[125.359,2.743],[125.417,2.635],[125.394,2.691]]],[[[125.387,2.331],[125.467,2.348],[125.392,2.384],[125.387,2.331]]],[[[126.807,3.828],[126.757,3.854],[126.735,3.815],[126.823,3.728],[126.807,3.828]]],[[[126.722,3.895],[126.609,4.041],[126.684,3.812],[126.722,3.895]]],[[[126.855,4.464],[126.809,4.533],[126.731,4.536],[126.68,4.334],[126.792,4.214],[126.669,4.047],[126.681,3.993],[126.808,4.032],[126.796,4.147],[126.911,4.272],[126.855,4.464]]],[[[125.503,3.553],[125.504,3.435],[125.645,3.383],[125.676,3.426],[125.662,3.523],[125.66,3.485],[125.56,3.578],[125.595,3.611],[125.508,3.722],[125.425,3.734],[125.399,3.668],[125.502,3.61],[125.503,3.553]]]]},"properties":{"shapeName":"North Sulawesi","shapeGroup":"IDN"}},
{"type":"Feature","geometry":{"type":"MultiPolygon","coordinates":[[[[119.813,-2.045],[119.614,-2.206],[119.597,-2.295],[119.717,-2.393],[119.702,-2.554],[119.764,-2.678],[119.646,-2.757],[119.495,-2.74],[119.632,-3.117],[119.397,-3.192],[119.474,-3.502],[119.511,-3.595],[119.453,-3.713],[119.587,-4.04],[119.586,-3.974],[119.635,-3.968],[119.596,-4.239],[119.638,-4.32],[119.594,-4.57],[119.482,-4.751],[119.525,-4.924],[119.381,-5.167],[119.354,-5.325],[119.425,-5.576],[119.488,-5.604],[119.46,-5.577],[119.517,-5.536],[119.557,-5.649],[119.612,-5.613],[119.703,-5.702],[119.843,-5.67],[119.936,-5.544],[120.129,-5.588],[120.318,-5.508],[120.472,-5.623],[120.405,-5.341],[120.27,-5.146],[120.306,-4.868],[120.383,-4.838],[120.4,-4.709],[120.458,-4.658],[120.338,-4.399],[120.393,-4.336],[120.373,-4.145],[120.321,-4.098],[120.344,-3.891],[120.441,-3.74],[120.379,-3.5],[120.422,-3.265],[120.255,-3.159],[120.259,-3.065],[120.188,-2.973],[120.453,-2.823],[120.573,-2.685],[120.755,-2.62],[120.994,-2.679],[121.06,-2.646],[121.037,-2.694],[121.098,-2.717],[120.988,-2.833],[121.093,-2.77],[121.138,-2.916],[121.295,-3.079],[121.638,-2.889],[121.791,-2.712],[121.702,-2.552],[121.483,-2.487],[121.346,-2.38],[120.903,-2.22],[120.695,-2.208],[120.388,-1.882],[120.325,-2.053],[120.099,-1.967],[119.813,-2.045]]],[[[121.784,-7.336],[121.755,-7.423],[121.84,-7.371],[121.784,-7.336]]],[[[121.166,-7.348],[121.083,-7.304],[121.06,-7.372],[121.099,-7.398],[121.166,-7.348]]],[[[120.938,-7.284],[120.796,-7.271],[121.003,-7.333],[121.064,-7.301],[120.938,-7.284]]],[[[120.668,-7.147],[120.768,-7.135],[120.787,-7.061],[120.621,-7.002],[120.604,-7.075],[120.668,-7.147]]],[[[120.476,-6.316],[120.484,-6.499],[120.568,-6.056],[120.493,-5.768],[120.43,-6.169],[120.476,-6.316]]]]},"properties":{"shapeName":"South Sulawesi","shapeGroup":"IDN"}},
{"type":"Feature","geometry":{"type":"MultiPolygon","coordinates":[[[[121.791,-2.712],[121.638,-2.889],[121.295,-3.079],[121.138,-2.916],[121.093,-2.77],[120.988,-2.833],[121.077,-2.867],[121.069,-3.205],[120.866,-3.43],[120.88,-3.529],[121.171,-3.826],[121.244,-3.828],[121.252,-3.92],[121.288,-3.883],[121.35,-3.991],[121.609,-4.067],[121.58,-4.245],[121.527,-4.244],[121.467,-4.683],[121.698,-4.854],[122.022,-4.893],[122.12,-4.819],[122.038,-4.756],[122.019,-4.649],[122.09,-4.542],[122.219,-4.479],[122.505,-4.456],[122.577,-4.396],[122.673,-4.511],[122.691,-4.472],[122.742,-4.511],[122.762,-4.435],[122.663,-4.335],[122.833,-4.449],[122.901,-4.38],[122.855,-4.071],[122.762,-4.066],[122.835,-4.121],[122.858,-4.192],[122.817,-4.136],[122.659,-4.151],[122.654,-4.006],[122.514,-3.996],[122.666,-3.898],[122.524,-3.895],[122.444,-3.751],[122.359,-3.751],[122.196,-3.609],[122.282,-3.549],[122.262,-3.483],[122.301,-3.467],[122.239,-3.389],[122.329,-3.374],[122.316,-3.426],[122.384,-3.457],[122.376,-3.384],[122.294,-3.357],[122.323,-3.242],[122.19,-3.03],[122.1,-2.963],[121.96,-2.952],[121.893,-2.793],[121.791,-2.712]]],[[[123.992,-5.967],[124.078,-6.02],[123.986,-5.878],[123.992,-5.967]]],[[[123.951,-5.726],[123.893,-5.741],[124.006,-5.764],[123.951,-5.726]]],[[[123.492,-5.363],[123.541,-5.377],[123.465,-5.327],[123.492,-5.363]]],[[[123.529,-5.316],[123.582,-5.383],[123.638,-5.371],[123.642,-5.287],[123.59,-5.249],[123.526,-5.252],[123.529,-5.316]]],[[[123.75,-5.498],[123.69,-5.47],[123.818,-5.602],[123.75,-5.498]]],[[[123.024,-4.219],[123.136,-4.256],[123.254,-4.065],[123.012,-3.978],[122.937,-4.07],[123.024,-4.219]]],[[[121.428,-4.115],[121.383,-4.105],[121.392,-4.167],[121.471,-4.111],[121.428,-4.115]]],[[[123.12,-3.636],[123.181,-3.614],[123.158,-3.558],[123.043,-3.592],[123.12,-3.636]]],[[[122.344,-3.568],[122.296,-3.535],[122.282,-3.591],[122.344,-3.568]]],[[[122.344,-4.69],[122.325,-4.725],[122.381,-4.668],[122.344,-4.69]]],[[[122.507,-5.625],[122.457,-5.693],[122.549,-5.679],[122.507,-5.625]]],[[[121.795,-5.275],[121.949,-5.494],[122.049,-5.461],[122.017,-5.241],[122.071,-5.202],[122.035,-5.148],[121.986,-5.164],[121.968,-5.063],[121.94,-5.116],[121.894,-5.056],[121.857,-5.083],[121.883,-5.153],[121.823,-5.169],[121.795,-5.275]]],[[[123.047,-5.146],[122.952,-5.218],[122.92,-5.182],[123.007,-4.913],[122.987,-4.743],[123.068,-4.687],[123.047,-4.744],[123.097,-4.794],[123.102,-4.652],[123.214,-4.851],[123.191,-4.579],[123.044,-4.422],[123.076,-4.367],[122.867,-4.526],[122.835,-4.921],[122.738,-5.052],[122.808,-5.009],[122.737,-5.176],[122.755,-5.229],[122.788,-5.183],[122.822,-5.214],[122.655,-5.324],[122.647,-5.443],[122.556,-5.504],[122.637,-5.695],[122.713,-5.619],[122.713,-5.682],[122.752,-5.639],[122.754,-5.694],[122.802,-5.697],[122.893,-5.567],[122.897,-5.517],[122.844,-5.522],[122.872,-5.455],[122.976,-5.394],[123.015,-5.444],[123.131,-5.397],[123.217,-5.303],[123.047,-5.146]]],[[[122.344,-4.794],[122.325,-4.855],[122.419,-4.994],[122.307,-5.15],[122.268,-5.383],[122.364,-5.39],[122.377,-5.325],[122.434,-5.313],[122.382,-5.332],[122.397,-5.383],[122.465,-5.403],[122.478,-5.3],[122.543,-5.259],[122.52,-5.437],[122.594,-5.435],[122.646,-5.297],[122.578,-5.251],[122.627,-5.204],[122.589,-5.16],[122.764,-4.965],[122.728,-4.676],[122.69,-4.672],[122.72,-4.634],[122.598,-4.641],[122.49,-4.762],[122.374,-4.743],[122.344,-4.794]]]]},"properties":{"shapeName":"Southeast Sulawesi","shapeGroup":"IDN"}},
{"type":"Feature","geometry":{"type":"Polygon","coordinates":[[[119.552,-0.861],[119.303,-1.276],[119.326,-1.582],[119.28,-1.688],[119.363,-1.857],[119.332,-1.961],[119.213,-1.996],[119.122,-2.313],[119.145,-2.47],[119.041,-2.51],[119.029,-2.584],[118.917,-2.665],[118.868,-2.68],[118.817,-2.617],[118.758,-2.783],[118.769,-2.867],[118.886,-2.89],[118.84,-3.079],[118.776,-3.104],[118.935,-3.569],[119.303,-3.426],[119.474,-3.502],[119.397,-3.192],[119.632,-3.117],[119.495,-2.74],[119.646,-2.757],[119.764,-2.678],[119.702,-2.554],[119.717,-2.393],[119.597,-2.295],[119.614,-2.206],[119.813,-2.045],[119.905,-1.8],[119.755,-1.756],[119.776,-1.693],[119.657,-1.503],[119.694,-1.45],[119.423,-1.358],[119.581,-1.256],[119.61,-1.12],[119.552,-0.861]]]},"properties":{"shapeName":"West Sulawesi","shapeGroup":"IDN"}},
{"type":"Feature","geometry":{"type":"MultiPolygon","coordinates":[[[[97.077,2.079],[97.124,2.006],[97.154,2.086],[97.077,2.079]]],[[[96.617,2.113],[96.635,2.061],[96.688,2.086],[96.617,2.113]]],[[[95.239,5.851],[95.285,5.78],[95.375,5.806],[95.328,5.901],[95.293,5.838],[95.216,5.907],[95.239,5.851]]],[[[95.057,5.647],[95.144,5.666],[95.03,5.751],[95.057,5.647]]],[[[95.128,5.625],[95.194,5.605],[95.155,5.66],[95.128,5.625]]],[[[97.224,2.222],[97.113,2.215],[97.234,2.168],[97.339,2.033],[97.339,2.165],[97.298,2.23],[97.224,2.222]]],[[[95.717,2.812],[95.696,2.755],[95.799,2.629],[96.076,2.57],[96.315,2.418],[96.344,2.341],[96.499,2.363],[96.409,2.511],[96.385,2.456],[96.351,2.546],[96.162,2.678],[96.183,2.616],[96.102,2.65],[96.152,2.689],[96.1,2.754],[95.879,2.833],[95.904,2.896],[95.791,2.929],[95.789,2.826],[95.717,2.812]]],[[[98.252,4.289],[98.286,4.418],[98.065,4.554],[97.985,4.536],[98.019,4.61],[97.903,4.89],[97.501,5.248],[97.202,5.141],[97.103,5.225],[96.851,5.277],[96.391,5.21],[96.077,5.294],[95.887,5.505],[95.615,5.627],[95.518,5.595],[95.431,5.656],[95.194,5.528],[95.253,5.381],[95.213,5.28],[95.307,5.169],[95.412,4.819],[95.54,4.656],[96.024,4.194],[96.167,4.127],[96.497,3.75],[96.868,3.69],[97.169,3.258],[97.259,3.22],[97.373,2.986],[97.595,2.879],[97.663,2.403],[97.778,2.24],[97.948,2.271],[98.145,2.153],[98.188,2.323],[98.08,2.527],[98.112,2.79],[97.955,2.902],[97.931,3.063],[97.981,3.123],[97.872,3.249],[98.027,3.331],[97.95,3.392],[97.956,3.481],[97.799,3.726],[97.91,3.823],[97.904,3.911],[97.949,3.891],[98.024,3.973],[98.069,4.256],[98.252,4.289]]]]},"properties":{"shapeName":"Aceh","shapeGroup":"IDN"}},
{"type":"Feature","geometry":{"type":"MultiPolygon","coordinates":[[[[102.088,-5.357],[102.266,-5.512],[102.375,-5.489],[102.339,-5.455],[102.386,-5.39],[102.237,-5.319],[102.146,-5.282],[102.088,-5.357]]],[[[101.025,-2.484],[101.323,-2.738],[101.616,-3.24],[102.231,-3.677],[102.292,-3.975],[102.796,-4.354],[102.901,-4.489],[103.223,-4.656],[103.329,-4.809],[103.596,-4.924],[103.779,-4.795],[103.763,-4.741],[103.682,-4.728],[103.686,-4.634],[103.598,-4.591],[103.636,-4.555],[103.572,-4.501],[103.625,-4.425],[103.6,-4.358],[103.513,-4.376],[103.183,-4.239],[103.128,-4.026],[102.822,-3.97],[102.62,-3.801],[102.734,-3.742],[102.814,-3.526],[102.902,-3.615],[102.956,-3.568],[102.998,-3.37],[102.901,-3.38],[102.898,-3.333],[102.812,-3.336],[102.79,-3.285],[102.586,-3.329],[102.492,-3.245],[102.462,-3.073],[102.253,-3.033],[102.063,-2.77],[101.861,-2.724],[101.67,-2.529],[101.548,-2.569],[101.557,-2.449],[101.293,-2.277],[101.025,-2.484]]]]},"properties":{"shapeName":"Bengkulu","shapeGroup":"IDN"}},
{"type":"Feature","geometry":{"type":"Polygon","coordinates":[[[102.063,-2.77],[102.228,-2.692],[102.256,-2.623],[102.462,-2.703],[102.592,-2.683],[102.793,-2.539],[102.877,-2.418],[102.84,-2.372],[102.874,-2.311],[103.122,-2.357],[103.205,-2.321],[103.161,-2.234],[103.223,-2.137],[103.449,-2.358],[103.453,-2.178],[103.558,-2.14],[103.518,-2.102],[103.537,-1.904],[103.621,-1.835],[103.878,-1.743],[104.093,-1.786],[104.345,-1.738],[104.374,-1.64],[104.489,-1.661],[104.365,-1.022],[104.206,-1.07],[103.912,-0.982],[103.828,-1.02],[103.838,-1.089],[103.803,-0.994],[103.551,-0.813],[103.338,-0.833],[103.485,-0.77],[103.36,-0.803],[103.009,-0.755],[102.645,-1.12],[102.382,-1.027],[102.307,-0.917],[102.204,-0.949],[102.165,-0.899],[101.984,-0.88],[101.822,-0.977],[101.825,-1.094],[101.886,-1.1],[101.814,-1.215],[101.687,-1.278],[101.689,-1.488],[101.492,-1.677],[101.221,-1.715],[101.123,-1.677],[101.139,-1.905],[101.273,-2.082],[101.293,-2.277],[101.557,-2.449],[101.548,-2.569],[101.67,-2.529],[101.861,-2.724],[102.063,-2.77]]]},"properties":{"shapeName":"Jambi","shapeGroup":"IDN"}},
{"type":"Feature","geometry":{"type":"Polygon","coordinates":[[[103.596,-4.924],[103.914,-5.132],[103.904,-5.232],[103.988,-5.26],[104.069,-5.409],[104.311,-5.589],[104.301,-5.642],[104.564,-5.865],[104.581,-5.943],[104.734,-5.933],[104.531,-5.545],[104.561,-5.512],[104.708,-5.522],[105.163,-5.807],[105.223,-5.78],[105.154,-5.752],[105.219,-5.721],[105.167,-5.606],[105.243,-5.589],[105.29,-5.445],[105.409,-5.622],[105.526,-5.693],[105.558,-5.667],[105.583,-5.803],[105.706,-5.85],[105.718,-5.908],[105.799,-5.795],[105.82,-5.329],[105.902,-4.94],[105.861,-4.785],[105.916,-4.647],[105.913,-4.438],[105.825,-4.343],[105.821,-4.158],[105.608,-4.057],[105.606,-3.933],[105.432,-3.784],[105.357,-3.797],[105.332,-3.724],[105.277,-3.877],[105.139,-3.936],[105.12,-4.047],[105.012,-4.173],[104.79,-4.262],[104.622,-4.217],[104.37,-4.353],[104.289,-4.68],[104.368,-4.798],[104.334,-4.871],[104.194,-4.861],[104.112,-4.92],[103.927,-4.876],[103.85,-4.918],[103.866,-4.846],[103.779,-4.795],[103.596,-4.924]]]},"properties":{"shapeName":"Lampung","shapeGroup":"IDN"}},
{"type":"Feature","geometry":{"type":"MultiPolygon","coordinates":[[[[103.485,-0.77],[103.389,-0.718],[103.439,-0.519],[103.542,-0.504],[103.597,-0.396],[103.787,-0.342],[103.71,-0.257],[103.45,-0.214],[103.405,-0.149],[103.501,-0.146],[103.446,-0.089],[103.584,-0.104],[103.595,-0.025],[103.814,-0.005],[103.713,0.305],[103.407,0.526],[103.328,0.544],[103.108,0.456],[102.883,0.733],[102.571,0.737],[102.422,0.8],[102.227,1.002],[102.148,1.379],[101.753,1.664],[101.561,1.637],[101.41,1.698],[101.305,2.039],[101.04,2.292],[100.766,2.27],[100.789,2.119],[100.877,2.044],[100.881,1.96],[100.783,2.075],[100.566,2.157],[100.395,2.321],[100.315,2.556],[100.296,1.905],[100.379,1.812],[100.44,1.607],[100.072,1.391],[100.221,1.153],[100.181,0.754],[100.162,0.626],[100.259,0.455],[100.364,0.41],[100.497,0.445],[100.755,0.255],[100.815,0.266],[100.845,0.015],[100.734,-0.043],[100.793,-0.1],[100.776,-0.214],[100.847,-0.339],[100.908,-0.372],[100.915,-0.326],[100.996,-0.314],[101.069,-0.501],[101.36,-0.659],[101.65,-0.934],[101.822,-0.977],[101.984,-0.88],[102.165,-0.899],[102.204,-0.949],[102.307,-0.917],[102.382,-1.027],[102.645,-1.12],[103.009,-0.755],[103.36,-0.803],[103.485,-0.77]]],[[[102.656,1.011],[102.862,1.071],[102.804,0.995],[103.071,0.834],[103.155,0.85],[103.003,1.072],[102.902,1.122],[102.735,1.152],[102.656,1.011]]],[[[103.519,-0.2],[103.569,-0.186],[103.479,-0.202],[103.519,-0.2]]],[[[103.15,0.637],[103.167,0.499],[103.288,0.533],[103.248,0.688],[103.182,0.697],[103.15,0.637]]],[[[102.607,1.034],[102.538,1.129],[102.479,1.123],[102.499,0.945],[102.607,1.034]]],[[[102.656,0.788],[102.918,0.776],[103.021,0.685],[103.056,0.786],[102.765,1.01],[102.7,0.949],[102.696,0.936],[102.717,0.934],[102.748,0.908],[102.776,0.914],[102.791,0.94],[102.777,0.913],[102.747,0.906],[102.699,0.927],[102.692,0.936],[102.696,0.951],[102.745,0.998],[102.741,1.022],[102.59,1.001],[102.408,0.885],[102.511,0.786],[102.656,0.788]]],[[[102.473,1.251],[102.296,1.409],[102.213,1.412],[102.248,1.073],[102.392,0.911],[102.485,0.945],[102.44,1.064],[102.473,1.251]]],[[[102.387,1.334],[102.508,1.256],[102.461,1.518],[102.002,1.601],[102.107,1.467],[102.295,1.429],[102.387,1.334]]],[[[100.876,2.035],[100.793,2.095],[100.87,1.996],[100.876,2.035]]],[[[100.735,2.262],[100.721,2.176],[100.785,2.121],[100.735,2.262]]],[[[101.388,1.907],[101.452,1.729],[101.616,1.688],[101.731,1.759],[101.781,1.98],[101.656,2.125],[101.578,2.032],[101.466,2.063],[101.406,2.023],[101.388,1.907]]]]},"properties":{"shapeName":"Riau","shapeGroup":"IDN"}},
{"type":"Feature","geometry":{"type":"MultiPolygon","coordinates":[[[[101.293,-2.277],[101.273,-2.082],[101.139,-1.905],[101.123,-1.677],[101.221,-1.715],[101.492,-1.677],[101.689,-1.488],[101.687,-1.278],[101.814,-1.215],[101.886,-1.1],[101.825,-1.094],[101.822,-0.977],[101.65,-0.934],[101.36,-0.659],[101.069,-0.501],[100.996,-0.314],[100.915,-0.326],[100.908,-0.372],[100.847,-0.339],[100.776,-0.214],[100.793,-0.1],[100.734,-0.043],[100.845,0.015],[100.815,0.266],[100.755,0.255],[100.497,0.445],[100.364,0.41],[100.259,0.455],[100.162,0.626],[100.181,0.754],[99.713,0.895],[99.915,0.569],[99.91,0.5],[99.717,0.454],[99.64,0.547],[99.503,0.54],[99.166,0.236],[99.353,0.231],[99.398,0.15],[99.742,-0.031],[99.818,-0.3],[100.325,-0.851],[100.414,-1.058],[100.364,-1.076],[100.348,-1.172],[100.379,-1.146],[100.431,-1.202],[100.401,-1.271],[100.568,-1.337],[100.561,-1.442],[100.644,-1.622],[100.864,-1.928],[100.88,-2.049],[100.822,-2.172],[101.025,-2.484],[101.293,-2.277]]],[[[100.018,-2.812],[100.021,-2.851],[100.145,-2.841],[100.223,-2.752],[99.993,-2.503],[99.964,-2.571],[100.018,-2.812]]],[[[100.177,-2.812],[100.189,-2.991],[100.333,-3.133],[100.37,-3.228],[100.326,-3.208],[100.334,-3.243],[100.465,-3.347],[100.359,-3.163],[100.472,-3.143],[100.471,-3.02],[100.236,-2.784],[100.177,-2.812]]],[[[99.244,-1.85],[99.291,-1.807],[99.254,-1.79],[99.244,-1.85]]],[[[98.847,-0.937],[98.663,-0.98],[98.603,-1.226],[98.876,-1.677],[99.108,-1.812],[99.241,-1.797],[99.2,-1.641],[99.28,-1.752],[99.29,-1.637],[99.115,-1.44],[99.171,-1.47],[98.936,-1.062],[98.93,-0.934],[98.847,-0.937]]],[[[99.844,-2.348],[99.702,-2.085],[99.562,-2.042],[99.573,-2.148],[99.528,-2.154],[99.601,-2.284],[99.86,-2.403],[99.844,-2.348]]]]},"properties":{"shapeName":"West Sumatra","shapeGroup":"IDN"}},
{"type":"Feature","geometry":{"type":"Polygon","coordinates":[[[103.779,-4.795],[103.866,-4.846],[103.85,-4.918],[103.927,-4.876],[104.112,-4.92],[104.194,-4.861],[104.334,-4.871],[104.368,-4.798],[104.289,-4.68],[104.37,-4.353],[104.622,-4.217],[104.79,-4.262],[105.012,-4.173],[105.12,-4.047],[105.139,-3.936],[105.277,-3.877],[105.332,-3.724],[105.357,-3.797],[105.432,-3.784],[105.606,-3.933],[105.608,-4.057],[105.821,-4.158],[105.961,-3.831],[105.832,-3.712],[105.824,-3.594],[105.931,-3.358],[106.089,-3.253],[106.044,-2.988],[105.814,-2.918],[105.779,-2.682],[105.677,-2.677],[105.615,-2.605],[105.622,-2.391],[105.211,-2.327],[105.025,-2.393],[105.041,-2.356],[104.911,-2.334],[104.903,-2.28],[104.731,-2.385],[104.903,-2.192],[104.891,-2.087],[104.83,-2.005],[104.719,-1.994],[104.684,-2.055],[104.658,-1.964],[104.562,-2.001],[104.644,-1.925],[104.553,-1.854],[104.52,-1.927],[104.466,-1.911],[104.545,-1.778],[104.489,-1.661],[104.374,-1.64],[104.345,-1.738],[104.093,-1.786],[103.878,-1.743],[103.621,-1.835],[103.537,-1.904],[103.518,-2.102],[103.558,-2.14],[103.453,-2.178],[103.449,-2.358],[103.223,-2.137],[103.161,-2.234],[103.205,-2.321],[103.122,-2.357],[102.874,-2.311],[102.84,-2.372],[102.877,-2.418],[102.793,-2.539],[102.592,-2.683],[102.462,-2.703],[102.256,-2.623],[102.228,-2.692],[102.063,-2.77],[102.253,-3.033],[102.462,-3.073],[102.492,-3.245],[102.586,-3.329],[102.79,-3.285],[102.812,-3.336],[102.898,-3.333],[102.901,-3.38],[102.998,-3.37],[102.956,-3.568],[102.902,-3.615],[102.814,-3.526],[102.734,-3.742],[102.62,-3.801],[102.822,-3.97],[103.128,-4.026],[103.183,-4.239],[103.513,-4.376],[103.6,-4.358],[103.625,-4.425],[103.572,-4.501],[103.636,-4.555],[103.598,-4.591],[103.686,-4.634],[103.682,-4.728],[103.763,-4.741],[103.779,-4.795]]]},"properties":{"shapeName":"South Sumatra","shapeGroup":"IDN"}},
{"type":"Feature","geometry":{"type":"MultiPolygon","coordinates":[[[[98.145,2.153],[98.264,2.028],[98.464,1.987],[98.674,1.743],[98.734,1.718],[98.732,1.768],[98.671,1.78],[98.742,1.783],[98.825,1.678],[98.808,1.567],[98.762,1.527],[98.713,1.561],[98.851,1.316],[98.971,0.847],[99.058,0.742],[99.046,0.638],[99.107,0.578],[99.109,0.346],[99.166,0.236],[99.503,0.54],[99.64,0.547],[99.717,0.454],[99.91,0.5],[99.915,0.569],[99.713,0.895],[100.181,0.754],[100.221,1.153],[100.072,1.391],[100.44,1.607],[100.379,1.812],[100.296,1.905],[100.315,2.556],[100.22,2.705],[100.164,2.706],[100.122,2.646],[100.174,2.505],[100.149,2.474],[100.222,2.443],[100.149,2.467],[100.143,2.51],[100.081,2.473],[100.134,2.51],[100.086,2.712],[99.969,2.705],[100.031,2.668],[99.996,2.571],[100.015,2.671],[99.949,2.697],[99.987,2.96],[99.29,3.478],[98.706,3.772],[98.689,3.892],[98.553,3.944],[98.54,4.011],[98.162,4.151],[98.245,4.187],[98.252,4.289],[98.069,4.256],[98.024,3.973],[97.949,3.891],[97.904,3.911],[97.91,3.823],[97.799,3.726],[97.956,3.481],[97.95,3.392],[98.027,3.331],[97.872,3.249],[97.981,3.123],[97.931,3.063],[97.955,2.902],[98.112,2.79],[98.08,2.527],[98.188,2.323],[98.145,2.153]]],[[[98.438,-0.247],[98.35,-0.514],[98.288,-0.523],[98.418,-0.598],[98.43,-0.532],[98.506,-0.556],[98.522,-0.38],[98.438,-0.247]]],[[[98.338,0],[98.294,-0.021],[98.557,-0.39],[98.574,-0.283],[98.493,-0.21],[98.471,-0.094],[98.415,0.002],[98.338,0]]],[[[98.853,0.108],[98.775,0.169],[98.525,0.142],[98.629,0.065],[98.853,0.108]]],[[[98.459,1.701],[98.461,1.638],[98.611,1.613],[98.459,1.701]]],[[[97.78,0.561],[97.828,0.544],[97.901,0.625],[97.894,0.856],[97.947,0.954],[97.897,1.055],[97.687,1.182],[97.541,1.42],[97.416,1.522],[97.34,1.537],[97.271,1.417],[97.061,1.415],[97.254,1.259],[97.406,0.94],[97.486,0.94],[97.633,0.8],[97.686,0.584],[97.78,0.561]]]]},"properties":{"shapeName":"North Sumatra","shapeGroup":"IDN"}},
{"type":"Feature","geometry":{"type":"MultiPolygon","coordinates":[[[[121.846,-10.463],[121.684,-10.578],[121.838,-10.626],[121.986,-10.551],[121.999,-10.443],[121.904,-10.419],[121.846,-10.463]]],[[[123.047,-10.726],[122.858,-10.759],[122.874,-10.83],[122.81,-10.782],[122.832,-10.932],[123.133,-10.816],[123.222,-10.828],[123.253,-10.734],[123.426,-10.658],[123.338,-10.585],[123.441,-10.492],[123.367,-10.546],[123.426,-10.472],[123.374,-10.432],[123.219,-10.585],[123.332,-10.58],[123.195,-10.594],[123.047,-10.726]]],[[[119.616,-8.789],[119.717,-8.793],[119.688,-8.72],[119.802,-8.619],[119.688,-8.638],[119.673,-8.689],[119.663,-8.612],[119.615,-8.609],[119.661,-8.682],[119.616,-8.789]]],[[[123.427,-10.126],[123.301,-10.271],[123.322,-10.339],[123.408,-10.335],[123.391,-10.207],[123.506,-10.178],[123.427,-10.126]]],[[[119.685,-9.844],[119.95,-9.974],[120.01,-10.124],[120.165,-10.24],[120.347,-10.249],[120.454,-10.317],[120.528,-10.242],[120.685,-10.225],[120.842,-10.089],[120.793,-10.126],[120.841,-10.017],[120.677,-9.898],[120.56,-9.698],[120.466,-9.615],[120.251,-9.647],[120.211,-9.491],[120.083,-9.469],[119.936,-9.276],[119.797,-9.4],[119.624,-9.345],[119.17,-9.377],[118.999,-9.45],[118.931,-9.537],[119.026,-9.675],[119.186,-9.758],[119.303,-9.745],[119.395,-9.797],[119.46,-9.741],[119.618,-9.762],[119.685,-9.844]]],[[[124.95,-8.958],[124.699,-9.053],[124.615,-9.154],[124.478,-9.176],[124.479,-9.196],[124.477,-9.2],[124.355,-9.485],[124.28,-9.503],[124.284,-9.455],[124.284,-9.448],[124.219,-9.369],[124.212,-9.368],[124.211,-9.37],[124.203,-9.374],[124.134,-9.426],[124.048,-9.345],[124.042,-9.34],[124.043,-9.336],[123.673,-9.629],[123.668,-9.853],[123.583,-9.917],[123.581,-10.018],[123.753,-10.028],[123.756,-10.093],[123.533,-10.176],[123.459,-10.358],[123.799,-10.356],[124.019,-10.273],[124.174,-10.127],[124.404,-10.167],[124.751,-9.881],[124.984,-9.638],[124.959,-9.536],[125.008,-9.517],[124.994,-9.559],[125.088,-9.462],[125.088,-9.459],[125.085,-9.455],[124.983,-9.191],[125.131,-9.179],[125.148,-9.171],[125.175,-9.175],[125.177,-9.171],[125.18,-9.166],[125.187,-9.029],[125.114,-8.966],[124.984,-9.066],[124.98,-9.063],[124.965,-9.059],[124.955,-9.056],[124.943,-9.047],[124.942,-9.037],[124.95,-8.958]]],[[[119.453,-8.437],[119.374,-8.585],[119.41,-8.647],[119.377,-8.738],[119.444,-8.751],[119.434,-8.676],[119.494,-8.62],[119.454,-8.603],[119.575,-8.595],[119.572,-8.489],[119.453,-8.437]]],[[[122.976,-8.438],[122.883,-8.529],[122.887,-8.609],[123.022,-8.476],[123.168,-8.436],[122.976,-8.438]]],[[[120.938,-8.935],[121.341,-8.906],[121.388,-8.789],[121.588,-8.802],[121.643,-8.906],[121.671,-8.848],[121.776,-8.883],[122.115,-8.73],[122.421,-8.745],[122.78,-8.612],[122.845,-8.563],[122.778,-8.421],[122.888,-8.449],[122.914,-8.329],[123.02,-8.317],[122.952,-8.196],[122.971,-8.133],[122.867,-8.063],[122.783,-8.108],[122.732,-8.227],[122.901,-8.175],[122.94,-8.199],[122.893,-8.278],[122.493,-8.474],[122.475,-8.608],[122.296,-8.642],[122.016,-8.53],[122.024,-8.44],[121.8,-8.511],[121.62,-8.472],[121.614,-8.556],[121.571,-8.531],[121.506,-8.614],[121.476,-8.564],[121.419,-8.592],[121.344,-8.547],[121.308,-8.48],[121.024,-8.413],[120.978,-8.347],[120.735,-8.349],[120.594,-8.254],[120.589,-8.298],[120.465,-8.295],[120.428,-8.241],[120.371,-8.294],[120.203,-8.305],[120.166,-8.382],[120.121,-8.356],[120.103,-8.452],[120.086,-8.388],[120.044,-8.401],[120.075,-8.377],[120.019,-8.384],[119.992,-8.463],[119.857,-8.43],[119.878,-8.505],[119.805,-8.571],[119.796,-8.741],[119.906,-8.867],[120.153,-8.784],[120.277,-8.854],[120.596,-8.815],[120.746,-8.894],[120.838,-8.83],[120.938,-8.935]]],[[[124.322,-8.287],[124.362,-8.325],[124.369,-8.282],[124.322,-8.287]]],[[[124.354,-8.438],[125.063,-8.356],[125.14,-8.319],[125.141,-8.237],[125.092,-8.147],[124.749,-8.147],[124.607,-8.197],[124.605,-8.127],[124.479,-8.13],[124.407,-8.279],[124.568,-8.218],[124.407,-8.297],[124.354,-8.438]]],[[[122.334,-8.437],[122.355,-8.488],[122.415,-8.477],[122.415,-8.436],[122.334,-8.437]]],[[[123.31,-8.437],[123.209,-8.515],[123.221,-8.555],[123.317,-8.527],[123.393,-8.586],[123.491,-8.515],[123.546,-8.572],[123.587,-8.531],[123.553,-8.47],[123.62,-8.406],[123.676,-8.427],[123.766,-8.288],[123.924,-8.245],[123.782,-8.171],[123.685,-8.26],[123.605,-8.22],[123.635,-8.291],[123.574,-8.296],[123.552,-8.369],[123.493,-8.36],[123.558,-8.241],[123.409,-8.252],[123.345,-8.305],[123.415,-8.284],[123.477,-8.34],[123.31,-8.437]]],[[[121.74,-8.321],[121.707,-8.293],[121.676,-8.337],[121.74,-8.321]]],[[[123.914,-8.438],[124.034,-8.42],[124.056,-8.544],[124.142,-8.538],[124.302,-8.33],[124.322,-8.183],[124.25,-8.193],[124.119,-8.392],[124.059,-8.293],[123.914,-8.438]]],[[[123.065,-8.412],[123.29,-8.391],[123.333,-8.27],[123.142,-8.234],[123.011,-8.338],[123.001,-8.41],[123.065,-8.412]]]]},"properties":{"shapeName":"East Nusa Tenggara","shapeGroup":"IDN"}},
{"type":"Feature","geometry":{"type":"MultiPolygon","coordinates":[[[[130.781,-8.337],[131.166,-8.119],[131.068,-8.162],[131.082,-8.112],[131.017,-8.079],[130.781,-8.337]]],[[[127.606,-8.207],[127.66,-8.239],[127.754,-8.19],[127.692,-8.154],[127.606,-8.207]]],[[[128.219,-8.209],[128.092,-8.207],[128.079,-8.256],[128.233,-8.272],[128.219,-8.209]]],[[[128.828,-8.205],[129.031,-8.243],[128.965,-8.185],[128.828,-8.205]]],[[[127.858,-8.212],[128.045,-8.26],[128.126,-8.155],[127.763,-8.11],[127.858,-8.212]]],[[[129.523,-7.941],[129.57,-7.908],[129.515,-7.843],[129.523,-7.941]]],[[[131.084,-7.64],[130.97,-7.682],[130.967,-7.742],[131.089,-7.703],[131.126,-7.653],[131.084,-7.64]]],[[[127.211,-8.106],[127.215,-8.034],[127.161,-8.016],[127.143,-8.098],[127.211,-8.106]]],[[[126.563,-7.815],[126.826,-7.754],[126.816,-7.661],[126.721,-7.667],[126.62,-7.557],[126.185,-7.728],[125.972,-7.653],[125.863,-7.768],[125.789,-8.006],[126.071,-7.888],[126.467,-7.975],[126.563,-7.815]]],[[[129.856,-7.843],[129.666,-7.787],[129.598,-7.821],[129.582,-7.899],[129.753,-8.055],[129.862,-7.926],[129.856,-7.843]]],[[[131.947,-7.031],[131.91,-7.081],[132.008,-6.987],[131.947,-7.031]]],[[[127.367,-7.655],[127.486,-7.521],[127.365,-7.501],[127.323,-7.627],[127.367,-7.655]]],[[[130.99,-7.524],[130.851,-7.495],[130.833,-7.555],[130.973,-7.566],[130.99,-7.524]]],[[[131.198,-7.573],[131.156,-7.672],[131.271,-7.704],[131.106,-7.705],[131.156,-7.772],[131.082,-7.848],[131.103,-7.996],[131.232,-8.007],[131.295,-7.922],[131.293,-8.03],[131.484,-7.731],[131.622,-7.65],[131.706,-7.422],[131.657,-7.43],[131.631,-7.261],[131.742,-7.222],[131.691,-7.164],[131.71,-7.144],[131.66,-7.183],[131.656,-7.119],[131.537,-7.143],[131.543,-7.228],[131.446,-7.282],[131.452,-7.346],[131.384,-7.346],[131.343,-7.447],[131.241,-7.472],[131.198,-7.573]]],[[[130.97,-7.49],[131.057,-7.485],[131.061,-7.523],[131.168,-7.418],[130.99,-7.43],[130.97,-7.49]]],[[[131.953,-7.155],[131.915,-7.103],[131.755,-7.116],[131.714,-7.155],[131.893,-7.177],[131.949,-7.254],[131.987,-7.214],[131.953,-7.155]]],[[[128.529,-7.127],[128.646,-7.218],[128.701,-7.117],[128.609,-7.062],[128.529,-7.127]]],[[[131.266,-7.379],[131.302,-7.339],[131.257,-7.304],[131.208,-7.358],[131.266,-7.379]]],[[[131.623,-6.709],[131.575,-6.669],[131.522,-6.798],[131.623,-6.709]]],[[[134.672,-6.665],[134.623,-6.756],[134.674,-6.783],[134.762,-6.622],[134.703,-6.579],[134.672,-6.665]]],[[[134.833,-6.519],[134.82,-6.482],[134.776,-6.544],[134.833,-6.519]]],[[[134.692,-6.442],[134.641,-6.499],[134.682,-6.564],[134.745,-6.553],[134.692,-6.442]]],[[[134.842,-6.328],[134.796,-6.39],[134.845,-6.477],[134.908,-6.315],[134.855,-6.282],[134.842,-6.328]]],[[[134.6,-6.47],[134.591,-6.518],[134.643,-6.457],[134.6,-6.47]]],[[[134.297,-6.872],[134.379,-6.816],[134.429,-6.649],[134.465,-6.68],[134.531,-6.584],[134.475,-6.568],[134.505,-6.523],[134.461,-6.433],[134.34,-6.399],[134.303,-6.291],[134.113,-6.16],[134.117,-6.418],[134.141,-6.463],[134.211,-6.426],[134.236,-6.609],[134.296,-6.661],[134.235,-6.615],[134.202,-6.486],[134.153,-6.532],[134.182,-6.484],[134.137,-6.482],[134.116,-6.448],[134.052,-6.775],[134.095,-6.85],[134.194,-6.835],[134.151,-6.869],[134.2,-6.944],[134.297,-6.872]]],[[[132.287,-5.625],[132.307,-5.59],[132.257,-5.585],[132.287,-5.625]]],[[[132.343,-5.582],[132.377,-5.536],[132.313,-5.522],[132.343,-5.582]]],[[[134.244,-5.625],[134.279,-5.646],[134.346,-5.571],[134.244,-5.625]]],[[[132.743,-5.625],[132.813,-5.689],[132.802,-5.523],[132.743,-5.625]]],[[[134.279,-5.529],[134.254,-5.487],[134.254,-5.553],[134.279,-5.529]]],[[[134.596,-5.572],[134.68,-5.573],[134.706,-5.516],[134.647,-5.504],[134.623,-5.424],[134.5,-5.419],[134.492,-5.486],[134.538,-5.478],[134.503,-5.494],[134.528,-5.511],[134.512,-5.524],[134.507,-5.556],[134.596,-5.572]]],[[[129.909,-4.549],[129.861,-4.556],[129.934,-4.573],[129.947,-4.508],[129.909,-4.549]]],[[[127.607,-3.295],[127.523,-3.265],[127.487,-3.301],[127.656,-3.367],[127.607,-3.295]]],[[[127.224,-3.905],[127.236,-3.838],[127.151,-3.835],[127.224,-3.905]]],[[[128.493,-3.62],[128.574,-3.591],[128.556,-3.545],[128.422,-3.522],[128.4,-3.631],[128.493,-3.62]]],[[[128.709,-3.604],[128.715,-3.498],[128.684,-3.543],[128.566,-3.498],[128.644,-3.631],[128.654,-3.573],[128.709,-3.604]]],[[[127.969,-3.779],[128.233,-3.628],[128.089,-3.792],[128.265,-3.73],[128.301,-3.681],[128.261,-3.618],[128.356,-3.629],[128.345,-3.507],[128.257,-3.495],[128.168,-3.588],[128.026,-3.592],[127.92,-3.684],[127.969,-3.779]]],[[[126.562,-3.793],[126.741,-3.857],[127.051,-3.689],[127.205,-3.671],[127.267,-3.386],[127.167,-3.336],[127.077,-3.373],[127.03,-3.275],[127.117,-3.28],[127.107,-3.226],[126.791,-3.059],[126.299,-3.094],[126.204,-3.186],[126.09,-3.113],[126.013,-3.193],[126.047,-3.443],[126.197,-3.624],[126.562,-3.793]]],[[[127.657,-3.235],[127.789,-3.257],[127.799,-3.182],[127.722,-3.16],[127.657,-3.235]]],[[[127.969,-3.437],[128.055,-3.341],[128.091,-3.131],[128.171,-3.062],[128.182,-3.232],[128.269,-3.203],[128.468,-3.46],[128.674,-3.433],[128.68,-3.36],[128.884,-3.204],[128.967,-3.227],[128.935,-3.357],[129.084,-3.341],[129.531,-3.47],[129.567,-3.42],[129.519,-3.3],[129.921,-3.337],[130.018,-3.484],[130.417,-3.633],[130.62,-3.793],[130.817,-3.871],[130.883,-3.589],[130.806,-3.407],[130.646,-3.376],[130.604,-3.152],[130.383,-2.987],[130.035,-3.004],[129.53,-2.779],[129.376,-2.79],[129.222,-2.954],[129.187,-2.922],[129.198,-2.964],[129.131,-2.97],[129.052,-2.892],[129.049,-2.795],[128.838,-2.866],[128.163,-2.864],[128.071,-2.973],[128.123,-2.971],[128.117,-3.065],[127.837,-3.157],[127.943,-3.352],[127.921,-3.568],[127.969,-3.437]]],[[[127.969,-2.923],[127.915,-2.914],[127.942,-2.941],[127.829,-3.035],[127.954,-3.01],[128.003,-2.943],[127.969,-2.923]]],[[[131.405,-3.95],[131.367,-3.972],[131.44,-4.078],[131.405,-3.95]]],[[[134.507,-5.377],[134.539,-5.411],[134.603,-5.348],[134.507,-5.377]]],[[[131.967,-5.351],[132.003,-5.371],[132.022,-5.313],[131.967,-5.351]]],[[[134.193,-5.776],[134.193,-5.828],[134.249,-5.825],[134.239,-5.757],[134.193,-5.776]]],[[[134.297,-6.037],[134.27,-6.109],[134.321,-6.2],[134.234,-6.14],[134.28,-6.06],[134.229,-6.017],[134.15,-6.006],[134.114,-6.102],[134.175,-6.2],[134.325,-6.278],[134.369,-6.397],[134.47,-6.429],[134.551,-6.534],[134.612,-6.431],[134.528,-6.338],[134.625,-6.374],[134.73,-6.311],[134.769,-6.166],[134.708,-6.155],[134.784,-6.091],[134.66,-5.945],[134.536,-5.919],[134.434,-6.019],[134.418,-6.026],[134.382,-6.019],[134.36,-6.041],[134.325,-6.023],[134.297,-6.037]]],[[[132.629,-5.625],[132.709,-5.819],[132.675,-5.748],[132.663,-5.906],[132.694,-5.952],[132.721,-5.893],[132.723,-5.951],[132.78,-5.943],[132.812,-5.816],[132.789,-5.776],[132.773,-5.814],[132.742,-5.643],[132.692,-5.654],[132.71,-5.591],[132.676,-5.63],[132.611,-5.593],[132.629,-5.625]]],[[[134.422,-5.625],[134.347,-5.726],[134.252,-5.662],[134.213,-5.715],[134.326,-5.795],[134.415,-5.786],[134.299,-5.898],[134.301,-6.019],[134.324,-6.017],[134.358,-6.032],[134.381,-6.015],[134.423,-6.022],[134.463,-5.979],[134.468,-5.958],[134.535,-5.917],[134.66,-5.931],[134.733,-5.98],[134.71,-5.892],[134.772,-5.887],[134.707,-5.833],[134.748,-5.786],[134.705,-5.739],[134.767,-5.669],[134.746,-5.616],[134.511,-5.564],[134.503,-5.55],[134.505,-5.532],[134.469,-5.563],[134.459,-5.53],[134.422,-5.625]]],[[[133.008,-5.625],[132.845,-6.007],[132.952,-5.876],[132.964,-5.743],[133.12,-5.566],[133.192,-5.327],[133.154,-5.272],[133.008,-5.625]]]]},"properties":{"shapeName":"Maluku","shapeGroup":"IDN"}},
{"type":"Feature","geometry":{"type":"MultiPolygon","coordinates":[[[[127.598,-1.824],[127.572,-1.866],[127.645,-1.834],[127.598,-1.824]]],[[[125.993,-2.028],[125.91,-1.975],[125.856,-2.092],[125.977,-2.419],[126.05,-2.477],[126.073,-2.422],[125.957,-2.151],[125.993,-2.028]]],[[[124.311,-1.999],[124.368,-2.043],[124.366,-1.97],[124.311,-1.999]]],[[[125.457,-1.779],[125.33,-1.828],[125.345,-1.888],[125.371,-1.846],[125.434,-1.887],[125.422,-1.951],[125.843,-1.895],[125.919,-1.94],[126.353,-1.815],[125.64,-1.83],[125.457,-1.779]]],[[[127.573,-1.194],[127.511,-1.178],[127.468,-1.256],[127.693,-1.272],[127.573,-1.194]]],[[[127.292,-1.406],[127.327,-1.455],[127.4,-1.404],[127.342,-1.365],[127.292,-1.406]]],[[[124.692,-1.652],[124.524,-1.665],[124.529,-1.63],[124.379,-1.677],[124.337,-1.888],[124.397,-2.029],[124.861,-1.891],[125.009,-1.943],[125.042,-1.887],[125.327,-1.885],[125.321,-1.784],[125.265,-1.786],[125.29,-1.731],[125.197,-1.793],[125.203,-1.724],[125.128,-1.684],[125.104,-1.761],[125.046,-1.772],[124.957,-1.696],[124.692,-1.652]]],[[[127.538,-1.406],[127.505,-1.453],[127.414,-1.42],[127.393,-1.617],[127.499,-1.725],[127.89,-1.683],[128.086,-1.722],[128.157,-1.681],[128.121,-1.566],[128.075,-1.58],[127.76,-1.354],[127.642,-1.331],[127.538,-1.406]]],[[[128.406,-0.99],[128.31,-0.943],[128.357,-1.037],[128.406,-0.99]]],[[[127.407,-1.176],[127.432,-1.22],[127.413,-1.137],[127.407,-1.176]]],[[[127.377,0.703],[127.368,0.644],[127.426,0.627],[127.45,0.743],[127.389,0.752],[127.377,0.703]]],[[[127.415,0.281],[127.415,0.375],[127.346,0.327],[127.415,0.281]]],[[[128.162,2.288],[128.166,2.413],[128.125,2.332],[128.162,2.288]]],[[[127.294,0.819],[127.315,0.757],[127.389,0.781],[127.34,0.864],[127.294,0.819]]],[[[127.773,2.236],[127.825,2.27],[127.775,2.295],[127.773,2.236]]],[[[128.426,2.059],[128.578,2.112],[128.694,2.423],[128.569,2.645],[128.325,2.473],[128.197,2.281],[128.249,2.247],[128.292,2.058],[128.26,1.981],[128.426,2.059]]],[[[127.116,-0.241],[127.152,-0.183],[127.09,-0.219],[127.116,-0.241]]],[[[129.616,-0.037],[129.656,-0.068],[129.589,-0.004],[129.626,-0.071],[129.616,-0.037]]],[[[127.266,-0.073],[127.205,-0.121],[127.261,-0.125],[127.266,-0.073]]],[[[129.358,0],[129.382,-0.072],[129.459,-0.088],[129.563,-0.212],[129.546,-0.129],[129.402,-0.013],[129.28,0.047],[129.358,0]]],[[[127.437,0],[127.466,-0.04],[127.427,0.14],[127.437,0]]],[[[128.374,-0.529],[128.335,-0.548],[128.405,-0.562],[128.374,-0.529]]],[[[127.413,-0.652],[127.324,-0.606],[127.349,-0.659],[127.413,-0.652]]],[[[127.176,-0.703],[127.186,-0.77],[127.335,-0.786],[127.258,-0.606],[127.194,-0.615],[127.176,-0.703]]],[[[127.699,-0.703],[127.591,-0.621],[127.692,-0.456],[127.563,-0.303],[127.45,-0.419],[127.372,-0.317],[127.32,-0.33],[127.306,-0.514],[127.481,-0.631],[127.463,-0.814],[127.63,-0.741],[127.682,-0.838],[127.769,-0.868],[127.906,-0.786],[127.8,-0.679],[127.699,-0.703]]],[[[127.266,-0.466],[127.248,-0.316],[127.305,-0.27],[127.11,-0.281],[127.128,-0.519],[127.266,-0.466]]],[[[127.969,-0.58],[128.036,-0.699],[128.249,-0.758],[128.286,-0.831],[128.244,-0.855],[128.456,-0.911],[128.213,-0.698],[127.987,-0.276],[127.888,0.01],[127.922,0.274],[127.863,0.297],[127.92,0.457],[128.08,0.477],[128.282,0.397],[128.458,0.404],[128.559,0.318],[128.903,0.208],[128.836,0.292],[128.672,0.344],[128.681,0.549],[128.324,0.652],[128.199,0.79],[128.25,0.842],[128.312,0.816],[128.28,0.866],[128.334,0.912],[128.699,1.064],[128.758,1.391],[128.684,1.463],[128.722,1.573],[128.466,1.55],[128.187,1.385],[128.087,1.254],[128.178,1.244],[128.195,1.164],[127.982,1.088],[127.93,0.876],[127.852,0.81],[127.754,0.808],[127.635,0.915],[127.656,1.027],[127.903,1.15],[128.011,1.314],[128.012,1.737],[127.842,1.845],[127.852,1.926],[128.066,2.174],[127.955,2.222],[127.551,1.711],[127.582,1.665],[127.406,1.229],[127.397,1.062],[127.5,1.049],[127.497,0.887],[127.64,0.852],[127.548,0.73],[127.527,0.557],[127.621,0.361],[127.734,0.311],[127.662,-0.217],[127.864,-0.365],[127.969,-0.58]]]]},"properties":{"shapeName":"North Maluku","shapeGroup":"IDN"}},
{"type":"Feature","geometry":{"type":"MultiPolygon","coordinates":[[[[110.897,-8.212],[111.028,-8.257],[111.093,-8.222],[111.154,-8.285],[111.43,-8.26],[111.455,-8.321],[111.617,-8.32],[111.702,-8.383],[111.712,-8.293],[111.754,-8.34],[111.774,-8.26],[111.84,-8.259],[111.899,-8.304],[112.335,-8.333],[112.652,-8.449],[112.835,-8.37],[112.917,-8.399],[113.076,-8.288],[113.23,-8.283],[113.39,-8.401],[113.475,-8.384],[113.647,-8.495],[113.717,-8.485],[113.713,-8.528],[113.795,-8.489],[113.808,-8.556],[113.948,-8.56],[113.958,-8.613],[114.015,-8.59],[114.049,-8.646],[114.221,-8.645],[114.255,-8.601],[114.369,-8.67],[114.345,-8.743],[114.596,-8.751],[114.57,-8.66],[114.439,-8.631],[114.39,-8.448],[114.372,-8.544],[114.344,-8.522],[114.422,-7.92],[114.465,-7.886],[114.439,-7.789],[114.24,-7.698],[114.108,-7.707],[114.037,-7.604],[113.931,-7.701],[113.84,-7.685],[113.762,-7.738],[113.49,-7.697],[113.279,-7.783],[113.229,-7.725],[113.151,-7.741],[113.029,-7.645],[112.889,-7.615],[112.812,-7.479],[112.845,-7.281],[112.764,-7.196],[112.668,-7.221],[112.573,-6.848],[112.514,-6.907],[112.358,-6.863],[112.121,-6.902],[112.051,-6.885],[111.965,-6.762],[111.844,-6.801],[111.677,-6.742],[111.578,-6.959],[111.568,-7.098],[111.622,-7.135],[111.451,-7.248],[111.461,-7.385],[111.406,-7.398],[111.215,-7.258],[111.146,-7.269],[111.118,-7.419],[111.182,-7.713],[111.284,-7.754],[111.313,-7.852],[111.251,-7.95],[111.141,-7.939],[111.113,-8.069],[110.954,-8.07],[110.897,-8.212]]],[[[113.396,-8.494],[113.398,-8.455],[113.297,-8.444],[113.264,-8.487],[113.396,-8.494]]],[[[112.728,-5.762],[112.643,-5.732],[112.577,-5.844],[112.711,-5.848],[112.728,-5.762]]],[[[114.431,-5.551],[114.394,-5.568],[114.435,-5.588],[114.431,-5.551]]],[[[113.906,-7.21],[113.956,-7.231],[113.927,-7.175],[113.906,-7.21]]],[[[114.273,-7.089],[114.313,-7.16],[114.406,-7.17],[114.337,-7.058],[114.273,-7.089]]],[[[114.554,-7.131],[114.515,-7.143],[114.617,-7.152],[114.554,-7.131]]],[[[113.906,-7.049],[114.125,-6.978],[113.91,-6.863],[113.011,-6.881],[112.827,-6.907],[112.673,-7.071],[112.723,-7.176],[113.51,-7.254],[113.606,-7.126],[113.889,-7.134],[113.906,-7.049]]],[[[115.647,-6.995],[115.683,-7.014],[115.573,-6.945],[115.647,-6.995]]],[[[115.312,-6.949],[115.333,-6.996],[115.404,-6.989],[115.32,-6.922],[115.369,-6.893],[115.416,-6.942],[115.454,-6.906],[115.547,-6.963],[115.576,-6.932],[115.407,-6.838],[115.232,-6.833],[115.211,-6.937],[115.272,-6.934],[115.293,-7.013],[115.312,-6.949]]]]},"properties":{"shapeName":"East Java","shapeGroup":"IDN"}},
{"type":"Feature","geometry":{"type":"MultiPolygon","coordinates":[[[[108.886,-1.555],[108.79,-1.582],[108.846,-1.584],[108.819,-1.649],[108.858,-1.678],[108.983,-1.602],[108.886,-1.555]]],[[[107.339,-2.882],[107.411,-2.947],[107.487,-2.85],[107.423,-2.828],[107.339,-2.882]]],[[[106.875,-3.031],[106.893,-2.929],[106.803,-2.886],[106.731,-2.927],[106.709,-2.967],[106.875,-3.031]]],[[[107.428,-2.946],[107.454,-2.983],[107.469,-2.924],[107.428,-2.946]]],[[[107.598,-2.812],[107.529,-2.921],[107.615,-2.914],[107.562,-3.003],[107.629,-3.142],[107.608,-3.243],[107.829,-3.168],[107.81,-3.086],[107.86,-3.059],[107.971,-3.18],[107.985,-3.272],[108.08,-3.247],[108.082,-3.169],[108.207,-3.147],[108.21,-3.008],[108.298,-2.848],[108.267,-2.747],[108.089,-2.6],[108.025,-2.643],[107.99,-2.572],[107.816,-2.526],[107.629,-2.595],[107.598,-2.812]]],[[[107.021,-2.874],[107.087,-2.911],[107.058,-2.82],[107.021,-2.874]]],[[[105.951,-2.813],[106.428,-2.972],[106.514,-3.114],[106.706,-3.096],[106.744,-3.006],[106.609,-2.961],[106.601,-2.866],[106.711,-2.641],[106.849,-2.571],[106.301,-2.42],[106.156,-2.09],[106.187,-1.897],[105.981,-1.549],[105.889,-1.5],[105.461,-1.561],[105.321,-1.697],[105.379,-1.722],[105.388,-1.799],[105.127,-1.958],[105.126,-2.073],[105.228,-2.065],[105.305,-2.152],[105.56,-2.083],[105.788,-2.169],[105.803,-2.365],[105.936,-2.476],[105.887,-2.643],[105.951,-2.813]]]]},"properties":{"shapeName":"Bangka-Belitung Islands","shapeGroup":"IDN"}},
{"type":"Feature","geometry":{"type":"MultiPolygon","coordinates":[[[[104.447,-0.344],[104.403,-0.408],[104.347,-0.389],[104.345,-0.445],[104.325,-0.34],[104.244,-0.486],[104.331,-0.513],[104.359,-0.683],[104.43,-0.574],[104.505,-0.644],[104.601,-0.468],[104.531,-0.365],[104.447,-0.344]]],[[[104.427,-0.291],[104.386,-0.298],[104.491,-0.306],[104.427,-0.291]]],[[[104.495,0],[104.506,-0.13],[104.43,-0.237],[104.522,-0.275],[104.703,-0.202],[104.848,-0.322],[104.919,-0.336],[104.917,-0.278],[105.002,-0.304],[104.829,-0.135],[104.816,-0.204],[104.75,-0.188],[104.687,-0.088],[104.633,-0.098],[104.668,-0.075],[104.61,-0.013],[104.552,0.029],[104.495,0]]],[[[104.38,0.127],[104.495,0.015],[104.406,0.162],[104.43,0.091],[104.38,0.127]]],[[[104.331,0.376],[104.39,0.289],[104.434,0.308],[104.331,0.376]]],[[[104.522,0.399],[104.534,0.361],[104.562,0.414],[104.514,0.435],[104.522,0.399]]],[[[104.562,0.119],[104.702,0.018],[104.478,0.242],[104.562,0.119]]],[[[103.48,0.666],[103.464,0.621],[103.522,0.691],[103.48,0.666]]],[[[103.701,0.703],[103.744,0.685],[103.746,0.737],[103.701,0.703]]],[[[104.578,0.771],[104.547,0.797],[104.509,0.744],[104.578,0.771]]],[[[104.236,0.703],[104.311,0.708],[104.277,0.797],[104.171,0.782],[104.236,0.703]]],[[[104.597,0.794],[104.582,0.752],[104.635,0.783],[104.597,0.794]]],[[[109.028,2.483],[109.12,2.531],[108.977,2.556],[109.028,2.483]]],[[[103.748,1.03],[103.805,0.972],[103.792,1.046],[103.748,1.03]]],[[[103.359,1.131],[103.316,1.035],[103.443,0.991],[103.359,1.131]]],[[[103.909,1.055],[104.101,0.983],[104.144,1.163],[104.083,1.195],[104.075,1.12],[104.006,1.187],[104,1.12],[103.92,1.143],[103.909,1.055]]],[[[108.847,2.851],[108.885,2.88],[108.864,3.012],[108.776,2.892],[108.847,2.851]]],[[[105.851,2.987],[105.741,2.972],[105.739,3.05],[105.69,3.061],[105.727,2.817],[105.77,2.84],[105.722,2.873],[105.823,2.887],[105.851,2.987]]],[[[106.329,3.115],[106.317,3.17],[106.286,3.122],[106.329,3.115]]],[[[106.226,3.313],[106.223,3.394],[106.172,3.332],[106.226,3.313]]],[[[107.986,4.71],[108.008,4.774],[107.929,4.68],[107.986,4.71]]],[[[108.387,3.793],[108.409,3.886],[108.377,3.856],[108.354,3.901],[108.403,3.964],[108.234,4.129],[108.226,4.233],[107.963,4.005],[108.061,3.835],[108.233,3.817],[108.276,3.715],[108.201,3.772],[108.093,3.694],[108.157,3.629],[108.298,3.659],[108.387,3.793]]],[[[106.275,3.178],[106.198,3.23],[106.211,3.121],[106.279,3.077],[106.275,3.178]]],[[[106.284,3.227],[106.282,3.384],[106.227,3.26],[106.284,3.227]]],[[[103.359,0.845],[103.351,0.742],[103.4,0.648],[103.459,0.638],[103.511,0.761],[103.397,0.888],[103.359,0.845]]],[[[103.522,0.81],[103.411,0.885],[103.528,0.766],[103.522,0.81]]],[[[104.621,0.808],[104.668,0.818],[104.648,0.868],[104.621,0.808]]],[[[103.905,0.83],[103.812,0.898],[103.883,0.797],[103.905,0.83]]],[[[103.487,0.856],[103.475,0.915],[103.407,0.91],[103.487,0.856]]],[[[104.126,0.945],[104.078,0.96],[104.092,0.871],[104.169,0.787],[104.245,0.821],[104.263,0.863],[104.167,0.867],[104.126,0.945]]],[[[104.625,0.897],[104.628,0.854],[104.662,0.879],[104.625,0.897]]],[[[107.544,0.985],[107.574,1.008],[107.553,0.948],[107.603,0.997],[107.533,1.026],[107.544,0.985]]],[[[103.919,1.009],[103.868,1.037],[103.832,0.99],[103.944,0.909],[103.968,0.966],[103.919,1.009]]],[[[104.414,0.975],[104.482,0.931],[104.438,0.926],[104.475,0.85],[104.61,0.827],[104.62,0.9],[104.66,0.914],[104.658,1.045],[104.584,1.229],[104.499,1.168],[104.339,1.19],[104.328,1.138],[104.239,1.124],[104.256,1.002],[104.496,1.035],[104.441,1.001],[104.483,0.973],[104.414,0.975]]]]},"properties":{"shapeName":"Riau Islands","shapeGroup":"IDN"}},
{"type":"Feature","geometry":{"type":"MultiPolygon","coordinates":[[[[138.669,-6.847],[138.728,-6.883],[138.799,-6.835],[138.751,-6.775],[138.669,-6.847]]],[[[138.637,-6.73],[138.614,-6.768],[138.678,-6.836],[138.751,-6.774],[138.637,-6.73]]],[[[138.671,-6.697],[138.832,-6.825],[138.944,-6.826],[138.831,-6.789],[138.818,-6.702],[138.699,-6.627],[138.671,-6.697]]],[[[138.498,-8.32],[138.263,-8.416],[138.422,-8.393],[138.498,-8.32]]],[[[138.815,-8.138],[138.679,-8.171],[138.558,-8.346],[138.907,-8.379],[138.916,-8.301],[138.844,-8.259],[138.815,-8.138]]],[[[138.499,-8.317],[138.679,-8.15],[138.914,-8.075],[138.891,-7.915],[138.995,-7.849],[139.088,-7.574],[138.936,-7.545],[138.779,-7.378],[138.321,-7.428],[138.119,-7.535],[137.869,-7.852],[137.64,-8.421],[137.871,-8.373],[138.303,-8.391],[138.499,-8.317]]],[[[134.854,-1.132],[134.961,-1.125],[134.988,-1.049],[134.956,-0.973],[134.844,-0.931],[134.792,-1.036],[134.854,-1.132]]],[[[135.473,-0.652],[135.36,-0.637],[135.538,-0.871],[135.467,-0.744],[135.643,-0.887],[135.728,-0.777],[135.825,-1.032],[135.802,-1.098],[135.873,-1.173],[136.001,-1.143],[136.142,-1.2],[136.385,-1.084],[136.256,-1.017],[136.171,-1.043],[136.051,-0.856],[135.854,-0.7],[135.748,-0.742],[135.645,-0.663],[135.595,-0.702],[135.596,-0.666],[135.473,-0.652]]],[[[136.361,-1.963],[136.376,-1.906],[136.327,-1.905],[136.361,-1.963]]],[[[134.86,-4.252],[135.206,-4.467],[135.395,-4.435],[135.918,-4.49],[136.109,-4.623],[136.155,-4.587],[136.126,-4.625],[136.338,-4.67],[136.827,-4.911],[136.987,-4.862],[136.928,-4.908],[137.306,-5.015],[137.418,-5.126],[137.439,-5.097],[137.671,-5.215],[137.739,-5.287],[137.737,-5.373],[137.893,-5.37],[138.081,-5.525],[138.044,-5.618],[138.074,-5.737],[138.167,-5.723],[138.168,-5.814],[138.279,-5.843],[138.252,-5.918],[138.394,-6.168],[138.433,-6.365],[138.806,-6.676],[138.83,-6.707],[138.835,-6.785],[138.936,-6.786],[139.225,-6.983],[138.921,-6.839],[138.713,-6.903],[138.627,-6.877],[138.562,-6.935],[138.854,-7.157],[139.18,-7.213],[139.249,-7.143],[139.165,-7.238],[138.667,-7.211],[138.891,-7.343],[138.964,-7.518],[139.11,-7.566],[139.021,-7.85],[138.913,-7.923],[138.925,-8.077],[138.838,-8.11],[138.91,-8.266],[139.242,-8.068],[139.257,-8.157],[139.344,-8.206],[139.712,-8.097],[139.952,-8.102],[140.017,-8.223],[140.499,-8.613],[140.601,-8.796],[140.823,-9.019],[141.019,-9.127],[141.019,-6.892],[140.914,-6.872],[140.842,-6.611],[140.937,-6.561],[140.962,-6.488],[140.917,-6.422],[140.953,-6.435],[140.96,-6.325],[141,-6.323],[141,-2.604],[140.71,-2.594],[140.727,-2.634],[140.686,-2.613],[140.739,-2.514],[140.613,-2.44],[140.348,-2.395],[140.336,-2.465],[140.143,-2.322],[139.994,-2.373],[139.81,-2.378],[139.613,-2.303],[139.125,-2.031],[138.861,-1.965],[138.65,-1.786],[138.182,-1.634],[138.163,-1.684],[138.174,-1.63],[137.981,-1.529],[138.137,-1.648],[137.945,-1.634],[137.935,-1.463],[137.838,-1.462],[137.789,-1.488],[137.85,-1.509],[137.745,-1.477],[137.244,-1.738],[137.314,-1.801],[137.223,-1.747],[137.155,-1.769],[137.166,-1.934],[137.232,-1.974],[137.19,-2.001],[137.259,-2.047],[137.17,-2.113],[136.942,-2.121],[136.746,-2.255],[136.601,-2.254],[136.584,-2.197],[136.393,-2.219],[136.224,-2.612],[136.017,-2.694],[135.906,-2.87],[135.945,-2.955],[135.731,-3.067],[135.778,-3.107],[135.612,-3.18],[135.472,-3.373],[135.114,-3.382],[134.983,-3.324],[134.954,-3.251],[134.861,-3.249],[134.862,-3.159],[134.801,-3.131],[134.856,-2.884],[134.768,-2.992],[134.697,-2.974],[134.669,-2.802],[134.418,-3.003],[134.414,-3.112],[134.274,-3.235],[134.211,-3.385],[135.253,-3.742],[134.86,-4.252]]],[[[137.161,-1.932],[137.135,-1.774],[137.089,-1.853],[137.161,-1.932]]],[[[137.017,-1.832],[136.951,-1.838],[137.056,-1.87],[137.017,-1.832]]],[[[135.217,-1.503],[135.12,-1.461],[135.091,-1.501],[135.249,-1.53],[135.337,-1.484],[135.217,-1.503]]],[[[135.723,-1.696],[136.258,-1.913],[136.314,-1.864],[136.542,-1.898],[136.503,-1.852],[136.644,-1.871],[136.904,-1.792],[136.203,-1.649],[135.409,-1.603],[135.477,-1.682],[135.723,-1.696]]]]},"properties":{"shapeName":"Papua","shapeGroup":"IDN"}},
{"type":"Feature","geometry":{"type":"MultiPolygon","coordinates":[[[[134.669,-2.802],[134.632,-2.475],[134.532,-2.45],[134.569,-2.485],[134.461,-2.55],[134.524,-2.792],[134.459,-2.863],[134.288,-2.519],[134.32,-2.508],[134.176,-2.355],[134.105,-2.098],[134.156,-1.966],[134.104,-1.864],[134.07,-1.655],[134.2,-1.551],[134.214,-1.407],[134.279,-1.342],[134.011,-0.96],[134.05,-0.87],[134.136,-0.862],[133.973,-0.72],[133.396,-0.741],[132.954,-0.454],[132.716,-0.362],[132.422,-0.343],[132.174,-0.423],[131.847,-0.706],[131.513,-0.772],[131.544,-0.741],[131.509,-0.73],[131.224,-0.821],[131.298,-0.916],[131.229,-1.125],[130.932,-1.427],[131.261,-1.524],[131.339,-1.463],[131.278,-1.391],[131.363,-1.401],[131.356,-1.364],[131.446,-1.511],[131.532,-1.406],[131.546,-1.49],[131.631,-1.416],[131.67,-1.465],[131.652,-1.404],[131.735,-1.366],[131.654,-1.405],[131.745,-1.452],[131.698,-1.563],[131.774,-1.57],[131.794,-1.502],[131.792,-1.613],[131.974,-1.551],[131.882,-1.636],[131.915,-1.722],[132.043,-1.67],[132.005,-1.686],[132.043,-1.731],[131.921,-1.815],[131.985,-1.874],[131.967,-1.962],[132.062,-2.019],[132.054,-1.968],[132.087,-1.925],[132.086,-1.869],[132.112,-1.873],[132.087,-1.871],[132.102,-1.971],[132.074,-2.013],[132.116,-1.993],[132.039,-2.075],[132.319,-2.284],[132.58,-2.19],[132.711,-2.299],[132.829,-2.242],[132.959,-2.293],[133.194,-2.195],[133.622,-2.233],[133.83,-2.116],[133.9,-2.134],[133.888,-2.195],[133.766,-2.241],[133.826,-2.294],[133.946,-2.259],[133.921,-2.31],[133.814,-2.325],[133.956,-2.314],[133.99,-2.388],[133.727,-2.438],[133.815,-2.466],[133.802,-2.647],[133.852,-2.674],[133.796,-2.649],[133.723,-2.5],[133.692,-2.611],[133.749,-2.619],[133.686,-2.616],[133.665,-2.672],[133.664,-2.551],[133.536,-2.548],[133.53,-2.605],[133.475,-2.503],[133.468,-2.636],[133.423,-2.483],[133.396,-2.69],[133.302,-2.67],[133.255,-2.712],[133.308,-2.662],[133.381,-2.66],[133.379,-2.522],[133.218,-2.412],[133.074,-2.468],[132.739,-2.803],[132.586,-2.693],[132.481,-2.683],[132.463,-2.751],[132.433,-2.676],[132.189,-2.655],[132.112,-2.698],[132.2,-2.705],[131.953,-2.767],[132.065,-2.789],[131.979,-2.831],[132.04,-2.84],[131.977,-2.915],[132.06,-2.888],[132.087,-2.96],[132.207,-2.906],[132.352,-2.939],[132.646,-3.193],[132.596,-3.231],[132.664,-3.317],[132.819,-3.298],[132.816,-3.443],[132.896,-3.463],[132.937,-3.551],[132.897,-3.639],[132.733,-3.629],[132.732,-3.685],[132.844,-3.925],[132.815,-3.954],[132.913,-4.085],[133.02,-4.119],[133.071,-4.055],[133.252,-4.073],[133.404,-3.901],[133.345,-3.905],[133.459,-3.857],[133.402,-3.66],[133.438,-3.681],[133.584,-3.572],[133.55,-3.431],[133.663,-3.366],[133.648,-3.123],[133.795,-3.028],[133.815,-2.906],[133.878,-3.054],[133.834,-3.02],[133.776,-3.188],[133.7,-3.171],[133.665,-3.24],[133.701,-3.414],[133.62,-3.476],[133.701,-3.587],[133.689,-3.67],[133.755,-3.647],[133.816,-3.729],[133.775,-3.575],[133.832,-3.558],[133.96,-3.863],[134.137,-3.741],[134.192,-3.832],[134.111,-3.907],[134.169,-3.895],[134.291,-4.048],[134.334,-4.02],[134.27,-3.939],[134.35,-3.968],[134.333,-3.879],[134.44,-3.924],[134.506,-4.045],[134.678,-3.92],[134.965,-3.951],[134.875,-3.995],[134.861,-3.952],[134.681,-3.938],[134.711,-3.96],[134.661,-3.984],[134.724,-4.057],[134.655,-4.052],[134.627,-4.119],[134.86,-4.252],[135.253,-3.742],[134.211,-3.385],[134.274,-3.235],[134.414,-3.112],[134.418,-3.003],[134.669,-2.802]]],[[[133.949,-2.334],[133.854,-2.36],[133.986,-2.385],[133.949,-2.334]]],[[[134.344,-2.168],[134.411,-2.074],[134.393,-1.995],[134.316,-2.077],[134.344,-2.168]]],[[[133.594,-4.276],[133.639,-4.309],[133.555,-4.219],[133.318,-4.098],[133.332,-4.182],[133.594,-4.276]]],[[[134.154,-4.004],[134.21,-4.025],[134.055,-3.918],[134.154,-4.004]]],[[[134.364,-4.033],[134.444,-4.018],[134.378,-3.975],[134.364,-4.033]]],[[[132.628,-3.415],[132.718,-3.507],[132.683,-3.421],[132.628,-3.415]]],[[[131.628,-2.646],[131.669,-2.622],[131.587,-2.657],[131.628,-2.646]]],[[[133.594,-2.52],[133.598,-2.457],[133.488,-2.415],[133.594,-2.52]]],[[[132.462,-2.668],[132.51,-2.639],[132.465,-2.624],[132.462,-2.668]]],[[[134.534,-2.428],[134.591,-2.397],[134.571,-2.282],[134.56,-2.369],[134.503,-2.362],[134.534,-2.428]]],[[[132.063,-1.982],[132.067,-2.026],[132.097,-1.957],[132.058,-1.966],[132.063,-1.982]]],[[[134.204,-1.738],[134.133,-1.883],[134.166,-1.954],[134.239,-1.751],[134.204,-1.738]]],[[[131.742,-1.458],[131.587,-1.487],[131.662,-1.547],[131.742,-1.458]]],[[[130.078,-1.728],[129.72,-1.88],[130.134,-2.059],[130.267,-2.054],[130.344,-1.956],[130.326,-1.986],[130.405,-1.999],[130.371,-2.037],[130.478,-2.009],[130.346,-1.925],[130.454,-1.833],[130.349,-1.731],[130.375,-1.68],[130.078,-1.728]]],[[[129.898,0.274],[129.911,0.315],[129.853,0.324],[129.898,0.274]]],[[[130.089,0],[130.14,-0.095],[130.142,0.015],[130.089,0]]],[[[129.911,-1.202],[129.978,-1.171],[129.864,-1.145],[129.731,-1.198],[129.889,-1.195],[129.833,-1.25],[129.911,-1.202]]],[[[129.728,-1.188],[129.746,-1.154],[129.673,-1.18],[129.728,-1.188]]],[[[131.133,-1.065],[131.148,-1],[131.098,-1.003],[131.076,-1.083],[131.133,-1.065]]],[[[130.781,-0.928],[130.635,-0.959],[130.718,-1.078],[130.681,-1.109],[130.762,-1.255],[130.955,-1.365],[131.057,-1.208],[131.081,-0.968],[131.031,-0.912],[130.935,-0.94],[130.921,-0.889],[130.781,-0.928]]],[[[130.781,-0.808],[130.636,-0.791],[130.587,-0.833],[130.567,-0.794],[130.54,-0.841],[130.484,-0.79],[130.388,-0.924],[130.822,-0.868],[130.927,-0.783],[130.854,-0.765],[130.861,-0.801],[130.804,-0.752],[130.822,-0.821],[130.781,-0.808]]],[[[130.606,-0.579],[130.559,-0.611],[130.661,-0.573],[130.606,-0.579]]],[[[129.86,-0.414],[129.875,-0.498],[129.925,-0.414],[129.86,-0.414]]],[[[130.605,-0.421],[130.524,-0.469],[130.479,-0.438],[130.465,-0.481],[130.513,-0.488],[130.457,-0.51],[130.546,-0.512],[130.575,-0.463],[130.613,-0.485],[130.578,-0.535],[130.657,-0.513],[130.696,-0.441],[130.605,-0.421]]],[[[130.548,-0.352],[130.558,-0.43],[130.577,-0.321],[130.68,-0.293],[130.751,-0.443],[130.944,-0.355],[130.92,-0.306],[130.731,-0.295],[130.623,-0.08],[130.699,-0.078],[130.79,-0.225],[130.869,-0.235],[130.959,-0.351],[131.101,-0.307],[131.242,-0.381],[131.341,-0.291],[131.3,-0.159],[131.043,-0.061],[131.049,-0.02],[130.966,-0.062],[130.813,-0.006],[130.71,-0.063],[130.728,-0.028],[130.57,-0.039],[130.578,-0.075],[130.512,-0.05],[130.412,-0.114],[130.369,-0.076],[130.364,-0.136],[130.354,-0.079],[130.296,-0.093],[130.303,-0.174],[130.364,-0.189],[130.339,-0.141],[130.39,-0.172],[130.422,-0.129],[130.425,-0.167],[130.376,-0.181],[130.452,-0.199],[130.223,-0.215],[130.438,-0.29],[130.519,-0.242],[130.548,-0.352]]]]},"properties":{"shapeName":"West Papua","shapeGroup":"IDN"}},
{"type":"Feature","geometry":{"type":"MultiPolygon","coordinates":[[[[115.756,-1.303],[115.708,-1.415],[115.671,-1.444],[115.647,-1.388],[115.537,-1.532],[115.637,-1.547],[115.727,-1.787],[115.706,-2.036],[115.818,-2.066],[115.781,-2.198],[115.836,-2.387],[115.967,-2.293],[116.554,-2.419],[116.587,-2.169],[116.546,-2.209],[116.504,-2.109],[116.349,-2.114],[116.46,-2.051],[116.451,-1.769],[116.264,-1.81],[116.209,-1.776],[116.535,-1.621],[116.545,-1.458],[116.762,-1.358],[116.779,-1.245],[116.71,-1.216],[116.767,-1.187],[116.701,-1.086],[116.777,-0.979],[116.729,-1.102],[116.784,-1.212],[116.819,-1.201],[116.811,-1.282],[116.884,-1.277],[117.004,-1.196],[117.197,-0.932],[117.295,-0.871],[117.442,-0.893],[117.446,-0.806],[117.488,-0.84],[117.612,-0.773],[117.605,-0.727],[117.462,-0.694],[117.563,-0.649],[117.628,-0.424],[117.557,-0.433],[117.492,-0.329],[117.453,-0.352],[117.417,-0.223],[117.519,-0.031],[117.458,0.101],[117.522,0.125],[117.478,0.158],[117.554,0.422],[117.606,0.42],[117.72,0.708],[117.916,0.836],[118.03,0.781],[117.984,0.99],[118.063,0.904],[118.386,0.802],[118.67,0.856],[118.792,0.801],[118.987,0.988],[118.946,1.058],[118.836,1.053],[118.774,1.156],[118.722,1.155],[118.769,1.197],[118.572,1.359],[118.376,1.426],[118.411,1.487],[118.134,1.635],[118.049,1.783],[117.861,1.874],[117.879,1.973],[117.761,2.019],[117.908,2.041],[117.937,2.179],[118.102,2.285],[118.001,2.435],[117.764,2.329],[117.63,2.519],[117.515,2.525],[117.415,2.609],[117.095,2.598],[117.037,2.524],[116.862,2.464],[116.811,2.379],[116.741,2.532],[116.628,2.419],[116.509,2.458],[116.486,2.286],[116.338,2.29],[116.3,2.233],[116.355,2.157],[116.228,2.091],[116.135,1.661],[115.718,1.268],[115.436,1.223],[115.364,1.062],[115.021,1.122],[114.99,1.192],[114.894,1.215],[114.844,1.17],[114.722,1.268],[114.697,1.358],[114.564,1.426],[114.409,1.521],[114.223,1.416],[114.207,1.41],[114.148,1.379],[114.117,1.154],[113.986,1.144],[113.894,1.052],[113.875,0.893],[113.926,0.838],[113.84,0.668],[114.005,0.655],[114.108,0.703],[114.197,0.542],[114.412,0.496],[114.7,0.729],[114.824,0.753],[114.876,0.702],[114.908,0.795],[114.978,0.748],[115.132,0.388],[115.05,0.303],[114.908,0.319],[114.788,0.097],[114.895,0.044],[114.935,-0.188],[115.042,-0.19],[115.301,-0.032],[115.321,-0.095],[115.228,-0.297],[115.246,-0.445],[115.352,-0.582],[115.39,-0.816],[115.501,-0.847],[115.757,-1.133],[115.847,-1.155],[115.756,-1.303]]],[[[118.653,2.163],[118.569,2.312],[118.563,2.242],[118.653,2.163]]]]},"properties":{"shapeName":"East Kalimantan","shapeGroup":"IDN"}},
{"type":"Feature","geometry":{"type":"MultiPolygon","coordinates":[[[[118.001,2.435],[117.79,2.644],[117.782,2.752],[117.603,2.812],[117.721,2.889],[117.555,2.908],[117.697,2.947],[117.666,2.99],[117.567,2.964],[117.622,3.059],[117.442,3.051],[117.479,3.099],[117.446,3.161],[117.307,3.208],[117.518,3.275],[117.507,3.321],[117.447,3.342],[117.436,3.372],[117.444,3.404],[117.518,3.481],[117.292,3.564],[117.282,3.619],[117.493,3.598],[117.521,3.674],[117.664,3.615],[117.826,3.704],[117.826,3.81],[117.418,4.094],[117.431,4.134],[117.523,4.101],[117.543,4.136],[117.595,4.169],[117.586,4.178],[117.563,4.179],[117.547,4.168],[117.54,4.174],[117.535,4.166],[117.531,4.164],[117.507,4.172],[117.497,4.173],[117.485,4.173],[117.471,4.174],[117.461,4.179],[117.449,4.192],[117.445,4.191],[117.44,4.198],[117.431,4.211],[117.424,4.222],[117.429,4.226],[117.424,4.234],[117.413,4.238],[117.409,4.242],[117.396,4.259],[117.382,4.262],[117.371,4.279],[117.373,4.283],[117.342,4.291],[117.313,4.301],[117.308,4.305],[117.304,4.311],[117.293,4.314],[117.285,4.325],[117.274,4.343],[117.264,4.358],[117.242,4.374],[117.228,4.37],[117.214,4.355],[117.206,4.342],[117.16,4.346],[117.157,4.353],[117.147,4.352],[117.143,4.347],[117.119,4.341],[117.106,4.333],[117.084,4.335],[117.061,4.342],[117.055,4.342],[117.03,4.342],[117.026,4.336],[117.019,4.319],[116.988,4.343],[116.965,4.338],[116.942,4.359],[116.935,4.36],[116.927,4.362],[116.925,4.361],[116.899,4.367],[116.892,4.357],[116.872,4.341],[116.859,4.339],[116.853,4.339],[116.846,4.339],[116.829,4.332],[116.816,4.347],[116.806,4.352],[116.79,4.338],[116.782,4.352],[116.782,4.357],[116.771,4.368],[116.749,4.387],[116.734,4.357],[116.716,4.345],[116.709,4.34],[116.707,4.336],[116.681,4.34],[116.652,4.336],[116.641,4.336],[116.63,4.334],[116.614,4.346],[116.614,4.364],[116.612,4.377],[116.608,4.379],[116.595,4.372],[116.562,4.39],[116.555,4.385],[116.547,4.381],[116.531,4.351],[116.532,4.341],[116.54,4.335],[116.519,4.326],[116.493,4.336],[116.485,4.334],[116.484,4.322],[116.48,4.31],[116.457,4.297],[116.454,4.299],[116.441,4.289],[116.434,4.323],[116.426,4.333],[116.4,4.353],[116.383,4.359],[116.367,4.381],[116.365,4.38],[116.36,4.384],[116.344,4.391],[116.336,4.387],[116.316,4.384],[116.312,4.374],[116.29,4.374],[116.265,4.365],[116.259,4.364],[116.205,4.378],[116.175,4.391],[116.165,4.375],[116.15,4.339],[116.136,4.336],[116.12,4.339],[116.114,4.331],[116.109,4.323],[116.079,4.276],[116.056,4.289],[116.039,4.295],[116.008,4.342],[115.962,4.354],[115.956,4.36],[115.948,4.356],[115.937,4.353],[115.93,4.354],[115.903,4.393],[115.878,4.391],[115.872,4.375],[115.87,4.359],[115.862,4.343],[115.864,4.321],[115.863,4.296],[115.85,4.294],[115.839,4.268],[115.824,4.262],[115.81,4.231],[115.796,4.243],[115.759,4.233],[115.743,4.216],[115.731,4.194],[115.713,4.197],[115.705,4.198],[115.689,4.174],[115.686,4.167],[115.683,4.146],[115.675,4.099],[115.642,3.966],[115.558,3.919],[115.62,3.869],[115.576,3.611],[115.652,3.44],[115.619,3.409],[115.58,3.45],[115.525,3.32],[115.522,3.194],[115.567,3.162],[115.484,3.015],[115.335,2.974],[115.285,3.05],[115.09,2.823],[115.153,2.787],[115.087,2.604],[115.172,2.606],[115.237,2.506],[114.958,2.368],[114.966,2.295],[114.915,2.259],[114.8,2.251],[114.793,2.05],[114.879,2.039],[114.879,1.915],[114.716,1.856],[114.711,1.671],[114.564,1.426],[114.697,1.358],[114.722,1.268],[114.844,1.17],[114.894,1.215],[114.99,1.192],[115.021,1.122],[115.364,1.062],[115.436,1.223],[115.718,1.268],[116.135,1.661],[116.228,2.091],[116.355,2.157],[116.3,2.233],[116.338,2.29],[116.486,2.286],[116.509,2.458],[116.628,2.419],[116.741,2.532],[116.811,2.379],[116.862,2.464],[117.037,2.524],[117.095,2.598],[117.415,2.609],[117.515,2.525],[117.63,2.519],[117.764,2.329],[118.001,2.435]]],[[[117.642,2.815],[117.738,2.816],[117.693,2.853],[117.642,2.815]]],[[[117.616,3.263],[117.656,3.252],[117.669,3.405],[117.547,3.442],[117.519,3.366],[117.616,3.263]]],[[[117.503,3.345],[117.498,3.405],[117.451,3.404],[117.452,3.349],[117.503,3.345]]],[[[117.639,4.139],[117.601,4.013],[117.676,3.966],[117.753,4.06],[117.639,4.139]]],[[[117.684,4.166],[117.861,4.03],[117.927,4.061],[117.9,4.166],[117.684,4.166]]],[[[117.551,4.138],[117.536,4.108],[117.554,4.098],[117.589,4.14],[117.551,4.138]]],[[[117.872,3.479],[117.801,3.59],[117.755,3.561],[117.835,3.458],[117.872,3.479]]],[[[117.522,3.493],[117.545,3.527],[117.416,3.556],[117.522,3.493]]]]},"properties":{"shapeName":"North Kalimantan","shapeGroup":"IDN"}},
{"type":"Feature","geometry":{"type":"Polygon","coordinates":[[[110.003,-7.888],[110.434,-8.099],[110.835,-8.203],[110.756,-8.025],[110.786,-7.817],[110.492,-7.767],[110.446,-7.541],[110.273,-7.707],[110.261,-7.644],[110.141,-7.645],[110.13,-7.748],[110.003,-7.888]]]},"properties":{"shapeName":"Special Region of Yogyakarta","shapeGroup":"IDN"}},
{"type":"Feature","geometry":{"type":"Polygon","coordinates":[[[106.78,-6.316],[106.795,-6.365],[106.914,-6.365],[106.969,-6.092],[106.726,-6.089],[106.688,-6.172],[106.78,-6.316]]]},"properties":{"shapeName":"Jakarta Special Capital Region","shapeGroup":"IDN"}},
{"type":"Feature","geometry":{"type":"MultiPolygon","coordinates":[[[[101.279,2.899],[101.348,2.897],[101.39,2.991],[101.279,2.899]]],[[[101.25,3.019],[101.268,3.057],[101.21,3.007],[101.25,3.019]]],[[[101.276,2.998],[101.263,2.953],[101.335,2.998],[101.334,3.064],[101.276,2.998]]],[[[101.625,3.772],[101.519,3.677],[101.357,3.803],[101.34,3.692],[101.264,3.668],[101.133,3.764],[101.076,3.729],[101.059,3.796],[100.966,3.772],[100.942,3.87],[100.831,3.85],[100.814,3.785],[101.038,3.619],[101.299,3.253],[101.394,2.986],[101.35,2.895],[101.289,2.879],[101.293,2.838],[101.41,2.805],[101.48,2.688],[101.712,2.595],[101.762,2.703],[101.751,2.869],[101.883,2.867],[101.971,3.032],[101.915,3.257],[101.759,3.372],[101.816,3.605],[101.625,3.772]],[[101.628,3.138],[101.637,3.232],[101.74,3.233],[101.731,3.036],[101.649,3.058],[101.628,3.138]],[[101.68,2.881],[101.663,2.964],[101.708,2.982],[101.733,2.929],[101.68,2.881]]]]},"properties":{"shapeName":"Selangor","shapeGroup":"MYS"}},
{"type":"Feature","geometry":{"type":"MultiPolygon","coordinates":[[[[102.489,2.099],[102.708,1.854],[102.893,1.822],[102.942,1.741],[103.353,1.542],[103.509,1.266],[103.546,1.334],[103.493,1.382],[103.536,1.401],[103.478,1.425],[103.501,1.455],[103.536,1.408],[103.54,1.475],[103.578,1.441],[103.558,1.331],[103.711,1.481],[103.76,1.453],[103.802,1.498],[103.892,1.435],[103.998,1.435],[103.967,1.624],[104.076,1.484],[104.088,1.369],[104.274,1.364],[104.264,1.611],[103.961,2.206],[103.961,2.313],[103.839,2.435],[103.823,2.583],[103.756,2.651],[103.634,2.664],[103.591,2.654],[103.609,2.458],[103.354,2.591],[103.152,2.524],[102.973,2.595],[102.802,2.799],[102.7,2.832],[102.593,2.41],[102.51,2.342],[102.471,2.203],[102.537,2.135],[102.489,2.099]]],[[[104.147,2.812],[104.123,2.744],[104.215,2.721],[104.169,2.897],[104.147,2.812]]]]},"properties":{"shapeName":"Johor","shapeGroup":"MYS"}},
{"type":"Feature","geometry":{"type":"Polygon","coordinates":[[[101.628,3.138],[101.649,3.058],[101.731,3.036],[101.74,3.233],[101.637,3.232],[101.628,3.138]]]},"properties":{"shapeName":"Kuala Lumpur","shapeGroup":"MYS"}},
{"type":"Feature","geometry":{"type":"Polygon","coordinates":[[[102.593,2.41],[102.179,2.498],[101.973,2.391],[102.154,2.217],[102.489,2.099],[102.537,2.135],[102.471,2.203],[102.51,2.342],[102.593,2.41]]]},"properties":{"shapeName":"Malacca","shapeGroup":"MYS"}},
{"type":"Feature","geometry":{"type":"Polygon","coordinates":[[[101.712,2.595],[101.795,2.573],[101.854,2.403],[101.973,2.391],[102.179,2.498],[102.593,2.41],[102.7,2.832],[102.389,3.117],[102.141,3.197],[102.062,3.166],[101.973,3.273],[101.915,3.257],[101.971,3.032],[101.883,2.867],[101.751,2.869],[101.762,2.703],[101.712,2.595]]]},"properties":{"shapeName":"Negeri Sembilan","shapeGroup":"MYS"}},
{"type":"Feature","geometry":{"type":"MultiPolygon","coordinates":[[[[117.586,4.178],[117.623,4.161],[117.603,4.2],[117.659,4.275],[117.578,4.425],[117.644,4.435],[117.787,4.328],[117.812,4.388],[117.879,4.245],[117.997,4.222],[118.373,4.348],[118.552,4.35],[118.59,4.441],[118.61,4.403],[118.645,4.439],[118.618,4.479],[118.267,4.661],[118.12,4.885],[118.236,4.978],[118.304,4.961],[118.335,5.023],[118.408,5.022],[118.475,4.923],[118.678,4.934],[119.096,5.077],[119.267,5.208],[119.265,5.314],[119.152,5.451],[118.923,5.398],[118.81,5.509],[118.801,5.435],[118.804,5.501],[118.632,5.643],[118.54,5.514],[118.601,5.655],[118.352,5.827],[118.341,5.786],[118.238,5.842],[118.217,5.819],[118.152,5.802],[118.186,5.746],[118.136,5.741],[118.129,5.665],[118.059,5.721],[117.948,5.673],[117.9,5.793],[117.996,5.807],[118.017,5.858],[118.032,5.788],[118.135,5.852],[118.057,5.924],[118.015,5.904],[118.054,5.927],[118.027,5.982],[118.07,5.959],[118.011,6.06],[117.891,5.948],[117.613,5.886],[117.68,5.995],[117.624,6.027],[117.659,6.062],[117.607,6.164],[117.544,6.154],[117.721,6.246],[117.742,6.426],[117.552,6.54],[117.521,6.631],[117.425,6.554],[117.291,6.615],[117.218,6.819],[117.255,6.942],[117.155,7.012],[117.027,6.934],[117.095,6.809],[117.025,6.823],[116.983,6.703],[116.794,6.561],[116.755,6.629],[116.869,6.823],[116.787,6.883],[116.862,6.889],[116.742,7.037],[116.64,6.864],[116.642,6.707],[116.488,6.485],[116.207,6.242],[116.285,6.278],[116.293,6.238],[116.188,6.227],[116.159,6.101],[116.135,6.14],[116.085,6.109],[116.132,6.091],[116.109,6.001],[116.04,5.957],[116.036,5.832],[115.9,5.743],[115.865,5.573],[115.752,5.53],[115.603,5.57],[115.599,5.516],[115.593,5.632],[115.376,5.404],[115.339,5.297],[115.572,5.169],[115.448,4.979],[115.593,4.99],[115.652,4.851],[115.545,4.593],[115.587,4.366],[115.666,4.326],[115.629,4.168],[115.671,4.116],[115.683,4.146],[115.686,4.167],[115.689,4.174],[115.705,4.198],[115.713,4.197],[115.731,4.194],[115.743,4.216],[115.759,4.233],[115.796,4.243],[115.81,4.231],[115.824,4.262],[115.839,4.268],[115.85,4.294],[115.863,4.296],[115.864,4.321],[115.862,4.343],[115.87,4.359],[115.872,4.375],[115.878,4.391],[115.903,4.393],[115.93,4.354],[115.937,4.353],[115.948,4.356],[115.956,4.36],[115.962,4.354],[116.008,4.342],[116.039,4.295],[116.056,4.289],[116.079,4.276],[116.109,4.323],[116.114,4.331],[116.12,4.339],[116.136,4.336],[116.15,4.339],[116.165,4.375],[116.175,4.391],[116.205,4.378],[116.259,4.364],[116.265,4.365],[116.29,4.374],[116.312,4.374],[116.316,4.384],[116.336,4.387],[116.344,4.391],[116.36,4.384],[116.365,4.38],[116.367,4.381],[116.383,4.359],[116.4,4.353],[116.426,4.333],[116.434,4.323],[116.441,4.289],[116.454,4.299],[116.457,4.297],[116.48,4.31],[116.484,4.322],[116.485,4.334],[116.493,4.336],[116.519,4.326],[116.54,4.335],[116.532,4.341],[116.531,4.351],[116.547,4.381],[116.555,4.385],[116.562,4.39],[116.595,4.372],[116.608,4.379],[116.612,4.377],[116.614,4.364],[116.614,4.346],[116.63,4.334],[116.641,4.336],[116.652,4.336],[116.681,4.34],[116.707,4.336],[116.709,4.34],[116.716,4.345],[116.734,4.357],[116.749,4.387],[116.771,4.368],[116.782,4.357],[116.782,4.352],[116.79,4.338],[116.806,4.352],[116.816,4.347],[116.829,4.332],[116.846,4.339],[116.853,4.339],[116.859,4.339],[116.872,4.341],[116.892,4.357],[116.899,4.367],[116.925,4.361],[116.927,4.362],[116.935,4.36],[116.942,4.359],[116.965,4.338],[116.988,4.343],[117.019,4.319],[117.026,4.336],[117.03,4.342],[117.055,4.342],[117.061,4.342],[117.084,4.335],[117.106,4.333],[117.119,4.341],[117.143,4.347],[117.147,4.352],[117.157,4.353],[117.16,4.346],[117.206,4.342],[117.214,4.355],[117.228,4.37],[117.242,4.374],[117.264,4.358],[117.274,4.343],[117.285,4.325],[117.293,4.314],[117.304,4.311],[117.308,4.305],[117.313,4.301],[117.342,4.291],[117.373,4.283],[117.371,4.279],[117.382,4.262],[117.396,4.259],[117.409,4.242],[117.413,4.238],[117.424,4.234],[117.429,4.226],[117.424,4.222],[117.431,4.211],[117.44,4.198],[117.445,4.191],[117.449,4.192],[117.461,4.179],[117.471,4.174],[117.485,4.173],[117.497,4.173],[117.507,4.172],[117.531,4.164],[117.535,4.166],[117.54,4.174],[117.547,4.168],[117.563,4.179],[117.586,4.178]]],[[[117.9,4.166],[117.753,4.258],[117.626,4.216],[117.684,4.166],[117.9,4.166]]],[[[118.644,4.415],[118.752,4.461],[118.627,4.484],[118.651,4.454],[118.644,4.415]]],[[[118.324,4.655],[118.553,4.587],[118.586,4.625],[118.412,4.712],[118.433,4.664],[118.324,4.655]]],[[[118.189,5.816],[118.23,5.837],[118.171,5.849],[118.153,5.821],[118.189,5.816]]],[[[117.395,6.675],[117.325,6.658],[117.399,6.619],[117.513,6.673],[117.472,6.758],[117.39,6.742],[117.453,6.689],[117.395,6.675]]],[[[117.281,7.031],[117.348,7.049],[117.27,7.075],[117.281,7.031]]],[[[116.855,7.206],[116.987,7.242],[117.011,7.354],[116.887,7.289],[116.855,7.206]]],[[[117.059,7.128],[117.247,7.225],[117.258,7.188],[117.279,7.352],[117.061,7.293],[117.059,7.128]]]]},"properties":{"shapeName":"Sabah","shapeGroup":"MYS"}},
{"type":"Feature","geometry":{"type":"MultiPolygon","coordinates":[[[[114.207,1.41],[114.223,1.416],[114.409,1.521],[114.564,1.426],[114.711,1.671],[114.716,1.856],[114.879,1.915],[114.879,2.039],[114.793,2.05],[114.8,2.251],[114.915,2.259],[114.966,2.295],[114.958,2.368],[115.237,2.506],[115.172,2.606],[115.087,2.604],[115.153,2.787],[115.09,2.823],[115.285,3.05],[115.335,2.974],[115.484,3.015],[115.567,3.162],[115.522,3.194],[115.525,3.32],[115.58,3.45],[115.619,3.409],[115.652,3.44],[115.576,3.611],[115.62,3.869],[115.558,3.919],[115.642,3.966],[115.675,4.099],[115.671,4.116],[115.629,4.168],[115.666,4.326],[115.587,4.366],[115.545,4.593],[115.652,4.851],[115.593,4.99],[115.448,4.979],[115.347,4.893],[115.223,4.966],[115.155,4.911],[115.16,4.887],[115.153,4.886],[115.153,4.881],[115.153,4.88],[115.15,4.872],[115.235,4.803],[115.285,4.633],[115.268,4.527],[115.272,4.448],[115.274,4.447],[115.274,4.446],[115.278,4.437],[115.279,4.433],[115.287,4.423],[115.291,4.42],[115.295,4.416],[115.3,4.411],[115.299,4.407],[115.299,4.406],[115.302,4.401],[115.328,4.386],[115.333,4.387],[115.35,4.352],[115.358,4.348],[115.363,4.347],[115.363,4.344],[115.363,4.343],[115.36,4.33],[115.358,4.329],[115.356,4.327],[115.356,4.324],[115.356,4.323],[115.354,4.323],[115.352,4.318],[115.351,4.317],[115.347,4.316],[115.344,4.313],[115.344,4.31],[115.342,4.308],[115.337,4.305],[115.336,4.303],[115.335,4.301],[115.331,4.298],[115.323,4.296],[115.294,4.324],[115.296,4.338],[115.281,4.337],[115.275,4.344],[115.274,4.345],[115.272,4.344],[115.269,4.343],[115.268,4.342],[115.267,4.341],[115.265,4.338],[115.26,4.336],[115.256,4.336],[115.254,4.336],[115.253,4.336],[115.249,4.341],[115.246,4.341],[115.245,4.343],[115.246,4.345],[115.245,4.347],[115.245,4.35],[115.245,4.361],[115.239,4.366],[115.233,4.365],[115.219,4.363],[115.218,4.359],[115.206,4.362],[115.201,4.363],[115.2,4.364],[115.197,4.365],[115.191,4.366],[115.19,4.367],[115.189,4.371],[115.185,4.37],[115.178,4.369],[115.158,4.374],[115.156,4.381],[115.155,4.383],[115.154,4.383],[115.145,4.381],[115.133,4.374],[115.119,4.371],[115.112,4.372],[115.111,4.373],[115.107,4.376],[115.104,4.38],[115.099,4.382],[115.091,4.385],[115.091,4.387],[115.091,4.392],[115.104,4.415],[115.104,4.417],[115.1,4.42],[115.097,4.426],[115.092,4.435],[115.092,4.437],[115.092,4.442],[115.093,4.444],[115.095,4.443],[115.094,4.446],[115.094,4.447],[115.094,4.446],[115.093,4.446],[115.095,4.448],[115.094,4.448],[115.095,4.449],[115.094,4.449],[115.094,4.45],[115.093,4.453],[115.092,4.453],[115.096,4.454],[115.097,4.453],[115.096,4.457],[115.097,4.458],[115.099,4.459],[115.099,4.47],[115.097,4.47],[115.098,4.471],[115.098,4.472],[115.097,4.473],[115.098,4.473],[115.097,4.474],[115.096,4.475],[115.095,4.475],[115.094,4.474],[115.094,4.476],[115.093,4.476],[115.093,4.478],[115.092,4.479],[115.092,4.48],[115.092,4.479],[115.091,4.479],[115.092,4.484],[115.094,4.484],[115.095,4.488],[115.094,4.489],[115.095,4.491],[115.095,4.492],[115.094,4.492],[115.092,4.494],[115.092,4.492],[115.09,4.492],[115.091,4.494],[115.092,4.495],[115.09,4.502],[115.088,4.502],[115.087,4.501],[115.086,4.504],[115.084,4.504],[115.084,4.506],[115.085,4.506],[115.082,4.508],[115.08,4.506],[115.079,4.507],[115.081,4.507],[115.079,4.509],[115.083,4.511],[115.083,4.515],[115.08,4.519],[115.082,4.518],[115.08,4.52],[115.081,4.523],[115.084,4.521],[115.086,4.532],[115.071,4.576],[115.07,4.577],[115.07,4.578],[115.064,4.582],[115.064,4.583],[115.063,4.583],[115.062,4.588],[115.062,4.59],[115.064,4.59],[115.063,4.593],[115.062,4.594],[115.059,4.596],[115.055,4.594],[115.041,4.619],[115.039,4.633],[115.042,4.635],[115.043,4.641],[115.047,4.64],[115.047,4.643],[115.044,4.644],[115.046,4.646],[115.05,4.646],[115.051,4.651],[115.049,4.651],[115.047,4.651],[115.049,4.654],[115.048,4.655],[115.046,4.655],[115.042,4.654],[115.043,4.656],[115.044,4.657],[115.039,4.659],[115.041,4.664],[115.04,4.666],[115.04,4.667],[115.046,4.667],[115.047,4.668],[115.046,4.668],[115.041,4.672],[115.043,4.675],[115.044,4.676],[115.043,4.677],[115.041,4.679],[115.041,4.681],[115.04,4.684],[115.037,4.685],[115.034,4.693],[115.039,4.692],[115.04,4.694],[115.032,4.699],[115.03,4.698],[115.03,4.7],[115.031,4.704],[115.034,4.706],[115.035,4.705],[115.037,4.705],[115.039,4.705],[115.038,4.712],[115.039,4.712],[115.034,4.713],[115.034,4.714],[115.036,4.716],[115.041,4.714],[115.042,4.715],[115.042,4.717],[115.039,4.719],[115.034,4.723],[115.033,4.723],[115.04,4.727],[115.043,4.73],[115.043,4.731],[115.038,4.733],[115.037,4.733],[115.034,4.736],[115.033,4.737],[115.033,4.733],[115.033,4.731],[115.025,4.735],[115.026,4.738],[115.027,4.739],[115.026,4.743],[115.025,4.744],[115.031,4.745],[115.032,4.746],[115.031,4.747],[115.029,4.748],[115.029,4.749],[115.024,4.746],[115.023,4.746],[115.022,4.748],[115.032,4.753],[115.033,4.772],[115.043,4.777],[115.049,4.782],[115.053,4.785],[115.055,4.79],[115.018,4.801],[115.025,4.897],[115.002,4.885],[114.988,4.873],[114.988,4.869],[114.992,4.856],[114.99,4.854],[114.984,4.851],[114.983,4.848],[114.985,4.845],[114.985,4.844],[114.988,4.839],[114.98,4.825],[114.977,4.821],[114.975,4.815],[114.975,4.814],[114.972,4.809],[114.967,4.811],[114.964,4.811],[114.961,4.812],[114.934,4.815],[114.92,4.81],[114.916,4.809],[114.896,4.816],[114.829,4.747],[114.789,4.737],[114.777,4.73],[114.77,4.725],[114.776,4.694],[114.802,4.675],[114.797,4.664],[114.801,4.658],[114.801,4.656],[114.801,4.644],[114.8,4.64],[114.799,4.639],[114.8,4.636],[114.801,4.633],[114.802,4.632],[114.808,4.626],[114.81,4.615],[114.809,4.607],[114.811,4.603],[114.809,4.597],[114.816,4.594],[114.818,4.584],[114.817,4.572],[114.815,4.569],[114.82,4.536],[114.818,4.531],[114.82,4.514],[114.819,4.511],[114.818,4.498],[114.819,4.496],[114.819,4.495],[114.818,4.494],[114.818,4.491],[114.818,4.479],[114.828,4.431],[114.832,4.428],[114.839,4.426],[114.843,4.423],[114.846,4.421],[114.851,4.423],[114.863,4.421],[114.878,4.427],[114.883,4.425],[114.884,4.42],[114.882,4.402],[114.878,4.394],[114.88,4.392],[114.881,4.384],[114.88,4.371],[114.879,4.368],[114.878,4.368],[114.877,4.355],[114.868,4.332],[114.861,4.324],[114.856,4.318],[114.851,4.307],[114.844,4.301],[114.841,4.294],[114.814,4.257],[114.815,4.252],[114.82,4.251],[114.825,4.257],[114.828,4.26],[114.836,4.26],[114.85,4.276],[114.856,4.278],[114.857,4.278],[114.858,4.27],[114.853,4.263],[114.851,4.259],[114.837,4.23],[114.833,4.226],[114.832,4.22],[114.819,4.205],[114.815,4.2],[114.807,4.192],[114.806,4.187],[114.805,4.185],[114.8,4.178],[114.798,4.168],[114.796,4.166],[114.794,4.164],[114.793,4.16],[114.796,4.158],[114.803,4.16],[114.805,4.161],[114.808,4.16],[114.809,4.157],[114.793,4.132],[114.793,4.126],[114.791,4.124],[114.789,4.123],[114.778,4.119],[114.777,4.117],[114.772,4.108],[114.771,4.108],[114.757,4.095],[114.756,4.093],[114.742,4.075],[114.728,4.054],[114.727,4.053],[114.716,4.042],[114.687,4.022],[114.676,4.018],[114.649,4.006],[114.646,4.006],[114.636,4.006],[114.62,4.003],[114.614,4.003],[114.61,4.005],[114.611,4.006],[114.614,4.007],[114.617,4.013],[114.622,4.016],[114.625,4.018],[114.625,4.021],[114.627,4.03],[114.614,4.045],[114.602,4.048],[114.591,4.047],[114.587,4.048],[114.584,4.05],[114.567,4.078],[114.563,4.08],[114.554,4.082],[114.556,4.095],[114.554,4.096],[114.552,4.098],[114.551,4.101],[114.551,4.103],[114.546,4.103],[114.544,4.105],[114.546,4.109],[114.548,4.111],[114.545,4.126],[114.541,4.129],[114.537,4.129],[114.536,4.13],[114.534,4.131],[114.528,4.137],[114.517,4.147],[114.514,4.146],[114.503,4.142],[114.499,4.145],[114.495,4.147],[114.496,4.15],[114.495,4.151],[114.49,4.16],[114.482,4.172],[114.48,4.179],[114.479,4.185],[114.479,4.186],[114.473,4.2],[114.469,4.204],[114.464,4.21],[114.464,4.213],[114.461,4.218],[114.46,4.22],[114.454,4.244],[114.454,4.245],[114.454,4.248],[114.456,4.251],[114.456,4.252],[114.456,4.261],[114.456,4.263],[114.457,4.264],[114.451,4.278],[114.444,4.28],[114.441,4.278],[114.44,4.276],[114.438,4.272],[114.435,4.275],[114.434,4.274],[114.431,4.272],[114.426,4.266],[114.427,4.265],[114.428,4.264],[114.424,4.257],[114.424,4.256],[114.422,4.253],[114.316,4.264],[114.333,4.349],[114.26,4.507],[113.972,4.599],[113.997,4.44],[113.926,4.252],[113.684,3.945],[113.433,3.756],[113.306,3.515],[113.064,3.28],[113.008,3.16],[112.82,3.059],[111.678,2.835],[111.724,2.802],[111.639,2.849],[111.435,2.702],[111.397,2.534],[111.444,2.499],[111.392,2.487],[111.472,2.373],[111.359,2.336],[111.251,2.438],[111.187,2.369],[111.208,2.214],[111.159,2.158],[111.249,2.133],[111.086,1.757],[111.14,1.678],[111.035,1.674],[110.994,1.573],[111.102,1.395],[110.809,1.574],[110.765,1.511],[110.621,1.594],[110.534,1.58],[110.479,1.659],[110.514,1.741],[110.377,1.69],[110.336,1.806],[110.318,1.594],[110.287,1.707],[110.208,1.693],[110.235,1.624],[110.196,1.706],[109.89,1.721],[109.681,1.861],[109.645,2.081],[109.6,1.974],[109.585,1.977],[109.555,1.962],[109.556,1.955],[109.564,1.948],[109.566,1.943],[109.564,1.937],[109.545,1.929],[109.539,1.912],[109.579,1.837],[109.582,1.83],[109.581,1.798],[109.593,1.794],[109.683,1.786],[109.684,1.775],[109.662,1.619],[109.807,1.466],[109.839,1.486],[109.832,1.429],[109.84,1.424],[109.846,1.426],[109.914,1.423],[109.946,1.407],[109.969,1.341],[109.981,1.297],[109.984,1.298],[109.999,1.297],[110.064,1.209],[110.192,1.183],[110.281,1.014],[110.277,0.999],[110.281,0.994],[110.395,0.997],[110.446,0.908],[110.576,0.854],[110.633,0.909],[110.805,0.9],[110.905,1.028],[111.225,1.093],[111.405,1.009],[111.489,1.034],[111.54,0.949],[111.667,1.043],[111.826,0.985],[111.935,1.118],[112.154,1.142],[112.208,1.45],[112.5,1.58],[112.842,1.537],[112.885,1.588],[113.003,1.581],[113.071,1.529],[112.975,1.409],[113.106,1.445],[113.181,1.379],[113.326,1.377],[113.419,1.285],[113.544,1.32],[113.63,1.216],[113.81,1.299],[113.815,1.364],[113.954,1.442],[114.161,1.441],[114.18,1.435],[114.193,1.428],[114.204,1.421],[114.207,1.41]]],[[[111.346,2.37],[111.423,2.382],[111.378,2.489],[111.389,2.718],[111.331,2.802],[111.28,2.671],[111.346,2.37]]]]},"properties":{"shapeName":"Sarawak","shapeGroup":"MYS"}},
{"type":"Feature","geometry":{"type":"Polygon","coordinates":[[[101.691,5.755],[101.655,5.527],[101.745,5.51],[101.752,5.379],[101.61,5.354],[101.521,5.277],[101.425,4.991],[101.446,4.868],[101.334,4.707],[101.373,4.626],[101.468,4.586],[101.522,4.624],[101.622,4.559],[101.763,4.634],[101.8,4.774],[101.901,4.62],[101.963,4.776],[102.048,4.735],[102.114,4.773],[102.221,4.638],[102.341,4.653],[102.377,4.725],[102.6,4.698],[102.605,4.792],[102.652,4.772],[102.645,4.859],[102.501,4.912],[102.523,5.117],[102.409,5.188],[102.438,5.371],[102.382,5.414],[102.377,5.694],[102.533,5.85],[102.346,6.169],[102.091,6.244],[102.078,6.198],[102.081,6.181],[102.079,6.171],[102.083,6.168],[102.084,6.162],[102.093,6.148],[102.087,6.141],[102.087,6.139],[102.083,6.137],[102.08,6.13],[102.077,6.128],[102.072,6.115],[102.068,6.11],[101.946,5.987],[101.944,5.977],[101.947,5.977],[101.943,5.966],[101.944,5.958],[101.937,5.948],[101.935,5.949],[101.929,5.944],[101.926,5.925],[101.924,5.92],[101.921,5.918],[101.921,5.915],[101.931,5.907],[101.933,5.905],[101.824,5.733],[101.754,5.797],[101.691,5.755]]]},"properties":{"shapeName":"Kelantan","shapeGroup":"MYS"}},
{"type":"Feature","geometry":{"type":"Polygon","coordinates":[[[101.68,2.881],[101.733,2.929],[101.708,2.982],[101.663,2.964],[101.68,2.881]]]},"properties":{"shapeName":"Putrajaya","shapeGroup":"MYS"}},
{"type":"Feature","geometry":{"type":"MultiPolygon","coordinates":[[[[102.652,4.772],[102.723,4.694],[102.849,4.672],[102.854,4.499],[102.975,4.484],[103.022,4.421],[103.013,4.351],[102.93,4.298],[102.909,4.127],[103.102,4.109],[103.241,4.037],[103.303,3.933],[103.323,4.206],[103.441,4.203],[103.492,4.321],[103.439,4.781],[103.154,5.343],[102.533,5.85],[102.377,5.694],[102.382,5.414],[102.438,5.371],[102.409,5.188],[102.523,5.117],[102.501,4.912],[102.645,4.859],[102.652,4.772]]],[[[102.988,5.784],[103.013,5.75],[103.044,5.789],[102.988,5.784]]]]},"properties":{"shapeName":"Terengganu","shapeGroup":"MYS"}},
{"type":"Feature","geometry":{"type":"Polygon","coordinates":[[[101.915,3.257],[101.973,3.273],[102.062,3.166],[102.141,3.197],[102.389,3.117],[102.7,2.832],[102.802,2.799],[102.973,2.595],[103.152,2.524],[103.354,2.591],[103.609,2.458],[103.591,2.654],[103.634,2.664],[103.441,2.897],[103.424,3.363],[103.475,3.522],[103.326,3.737],[103.376,3.934],[103.44,3.963],[103.385,4.111],[103.441,4.203],[103.323,4.206],[103.303,3.933],[103.241,4.037],[103.102,4.109],[102.909,4.127],[102.93,4.298],[103.013,4.351],[103.022,4.421],[102.975,4.484],[102.854,4.499],[102.849,4.672],[102.723,4.694],[102.652,4.772],[102.605,4.792],[102.6,4.698],[102.377,4.725],[102.341,4.653],[102.221,4.638],[102.114,4.773],[102.048,4.735],[101.963,4.776],[101.901,4.62],[101.8,4.774],[101.763,4.634],[101.622,4.559],[101.522,4.624],[101.468,4.586],[101.373,4.626],[101.385,4.502],[101.335,4.433],[101.436,4.387],[101.45,4.228],[101.572,4.082],[101.625,3.772],[101.816,3.605],[101.759,3.372],[101.915,3.257]]]},"properties":{"shapeName":"Pahang","shapeGroup":"MYS"}},
{"type":"Feature","geometry":{"type":"MultiPolygon","coordinates":[[[[99.768,6.218],[99.815,6.168],[99.842,6.295],[99.768,6.218]]],[[[99.64,6.434],[99.729,6.259],[99.915,6.335],[99.827,6.477],[99.846,6.445],[99.733,6.409],[99.64,6.434]]],[[[100.998,5.78],[100.989,5.796],[100.992,5.812],[101.002,5.825],[101.007,5.832],[101.012,5.837],[101.01,5.869],[101.009,5.874],[101.014,5.877],[101.014,5.882],[101.022,5.891],[101.027,5.91],[101.028,5.915],[101.055,5.912],[101.06,5.916],[101.071,5.917],[101.088,5.923],[101.092,5.926],[101.097,5.937],[101.095,5.95],[101.109,5.959],[101.113,5.96],[101.119,5.974],[101.124,5.977],[101.114,5.987],[101.106,6],[101.113,6.009],[101.111,6.01],[101.111,6.02],[101.113,6.032],[101.114,6.039],[101.106,6.048],[101.103,6.048],[101.105,6.061],[101.105,6.063],[101.111,6.077],[101.127,6.095],[101.127,6.107],[101.124,6.11],[101.114,6.113],[101.106,6.113],[101.095,6.129],[101.075,6.135],[101.065,6.14],[101.062,6.14],[101.061,6.151],[101.076,6.16],[101.085,6.174],[101.093,6.176],[101.101,6.178],[101.117,6.184],[101.127,6.193],[101.115,6.204],[101.115,6.217],[101.116,6.221],[101.113,6.227],[101.105,6.238],[101.109,6.246],[101.108,6.252],[101.101,6.257],[101.075,6.255],[101.072,6.258],[101.06,6.254],[101.044,6.25],[101.04,6.25],[101.028,6.245],[101.021,6.25],[101.015,6.247],[101.003,6.26],[100.994,6.263],[100.993,6.266],[100.984,6.279],[100.968,6.279],[100.968,6.275],[100.956,6.269],[100.947,6.264],[100.946,6.257],[100.945,6.249],[100.945,6.243],[100.922,6.245],[100.917,6.248],[100.911,6.242],[100.907,6.24],[100.904,6.234],[100.899,6.235],[100.892,6.249],[100.886,6.25],[100.881,6.255],[100.876,6.258],[100.871,6.264],[100.869,6.26],[100.866,6.246],[100.858,6.233],[100.847,6.247],[100.846,6.257],[100.845,6.263],[100.839,6.277],[100.835,6.297],[100.838,6.3],[100.843,6.308],[100.841,6.327],[100.828,6.352],[100.823,6.363],[100.821,6.368],[100.824,6.384],[100.821,6.399],[100.824,6.404],[100.816,6.423],[100.814,6.431],[100.813,6.436],[100.811,6.445],[100.804,6.446],[100.787,6.454],[100.782,6.456],[100.759,6.457],[100.734,6.51],[100.732,6.502],[100.729,6.501],[100.729,6.495],[100.712,6.482],[100.703,6.47],[100.699,6.471],[100.686,6.465],[100.647,6.446],[100.643,6.45],[100.646,6.453],[100.626,6.458],[100.618,6.46],[100.614,6.466],[100.609,6.469],[100.605,6.472],[100.602,6.468],[100.598,6.475],[100.589,6.479],[100.558,6.493],[100.542,6.491],[100.403,6.53],[100.372,6.537],[100.366,6.452],[100.2,6.255],[100.35,5.974],[100.34,5.577],[100.528,5.555],[100.551,5.142],[100.493,5.133],[100.563,5.079],[100.734,5.312],[100.842,5.349],[100.972,5.652],[100.951,5.763],[100.998,5.78]]]]},"properties":{"shapeName":"Kedah","shapeGroup":"MYS"}},
{"type":"Feature","geometry":{"type":"Polygon","coordinates":[[[100.372,6.537],[100.366,6.54],[100.291,6.699],[100.287,6.708],[100.205,6.726],[100.178,6.696],[100.175,6.683],[100.12,6.423],[100.2,6.255],[100.366,6.452],[100.372,6.537]]]},"properties":{"shapeName":"Perlis","shapeGroup":"MYS"}},
{"type":"Feature","geometry":{"type":"Polygon","coordinates":[[[101.625,3.772],[101.572,4.082],[101.45,4.228],[101.436,4.387],[101.335,4.433],[101.385,4.502],[101.373,4.626],[101.334,4.707],[101.446,4.868],[101.425,4.991],[101.521,5.277],[101.61,5.354],[101.752,5.379],[101.745,5.51],[101.655,5.527],[101.691,5.755],[101.615,5.911],[101.508,5.894],[101.502,5.89],[101.499,5.888],[101.497,5.884],[101.487,5.883],[101.488,5.873],[101.479,5.873],[101.391,5.876],[101.255,5.772],[101.251,5.756],[101.254,5.746],[101.26,5.712],[101.251,5.699],[101.236,5.69],[101.219,5.688],[101.167,5.642],[101.153,5.623],[101.145,5.623],[101.142,5.614],[101.133,5.619],[101.08,5.716],[101.068,5.728],[101.005,5.775],[100.998,5.78],[100.951,5.763],[100.972,5.652],[100.842,5.349],[100.734,5.312],[100.563,5.079],[100.493,5.133],[100.389,5.128],[100.361,5.088],[100.431,4.931],[100.503,4.915],[100.488,4.865],[100.573,4.863],[100.571,4.787],[100.627,4.795],[100.58,4.715],[100.658,4.673],[100.582,4.567],[100.657,4.565],[100.558,4.309],[100.616,4.165],[100.762,4.085],[100.762,4.005],[100.701,3.975],[100.727,3.86],[100.831,3.85],[100.942,3.87],[100.966,3.772],[101.059,3.796],[101.076,3.729],[101.133,3.764],[101.264,3.668],[101.34,3.692],[101.357,3.803],[101.519,3.677],[101.625,3.772]]]},"properties":{"shapeName":"Perak","shapeGroup":"MYS"}},
{"type":"Feature","geometry":{"type":"MultiPolygon","coordinates":[[[[100.34,5.577],[100.43,5.209],[100.389,5.128],[100.493,5.133],[100.551,5.142],[100.528,5.555],[100.34,5.577]]],[[[100.175,5.472],[100.182,5.269],[100.282,5.258],[100.346,5.421],[100.271,5.479],[100.175,5.472]]]]},"properties":{"shapeName":"Penang","shapeGroup":"MYS"}},
{"type":"Feature","geometry":{"type":"Polygon","coordinates":[[[115.191,5.331],[115.157,5.251],[115.214,5.28],[115.241,5.242],[115.252,5.393],[115.191,5.331]]]},"properties":{"shapeName":"Labuan","shapeGroup":"MYS"}},
{"type":"Feature","geometry":{"type":"MultiPolygon","coordinates":[[[[119.455,4.914],[119.458,4.642],[119.507,4.762],[119.455,4.914]]],[[[119.802,4.927],[119.804,4.855],[119.852,4.863],[119.802,4.927]]],[[[119.81,5.123],[119.742,5.036],[119.817,5.058],[119.81,5.123]]],[[[120.27,5.256],[120.272,5.171],[120.319,5.207],[120.27,5.256]]],[[[120.21,5.349],[119.83,5.15],[119.822,5.054],[119.967,5.079],[119.995,5.156],[120.096,5.151],[120.118,5.208],[120.224,5.124],[120.255,5.257],[120.21,5.349]]],[[[120.851,5.592],[120.812,5.545],[120.857,5.488],[120.908,5.536],[120.851,5.592]]],[[[120.836,5.71],[120.798,5.664],[120.888,5.685],[120.836,5.71]]],[[[120.911,5.759],[120.891,5.694],[120.935,5.718],[120.911,5.759]]],[[[121.147,5.85],[121.139,5.788],[121.206,5.8],[121.147,5.85]]],[[[121.408,6.057],[121.381,6.026],[121.424,6.014],[121.408,6.057]]],[[[121.678,6.057],[121.667,5.988],[121.728,6.031],[121.678,6.057]]],[[[121.06,6.091],[120.918,6.025],[120.88,5.92],[120.94,5.889],[121.024,5.928],[121.076,5.878],[121.196,5.955],[121.284,5.856],[121.425,5.959],[121.394,6.011],[121.206,5.996],[121.154,6.078],[121.06,6.091]]],[[[121.764,6.095],[121.854,5.999],[121.948,6.052],[121.853,6.019],[121.764,6.095]]],[[[120.595,6.395],[120.479,6.253],[120.577,6.25],[120.595,6.395]]],[[[121.917,6.675],[121.831,6.679],[121.794,6.607],[121.87,6.576],[121.956,6.407],[122.193,6.461],[122.212,6.581],[122.323,6.634],[122.033,6.741],[122.043,6.565],[121.936,6.565],[121.917,6.675]]],[[[118.507,7.049],[118.408,7.021],[118.536,6.964],[118.507,7.049]]],[[[124.801,7.522],[124.803,7.628],[124.598,7.903],[124.481,8.163],[124.369,8.157],[124.284,8.053],[124.109,8.03],[124.102,7.964],[123.988,7.935],[123.966,7.88],[124.029,7.822],[124.002,7.743],[123.851,7.735],[123.851,7.699],[124.037,7.628],[124.156,7.402],[124.247,7.409],[124.209,7.257],[124.317,7.138],[124.173,7.198],[124.052,7.13],[123.97,6.963],[123.944,6.818],[124.033,6.741],[124.284,6.754],[124.279,6.696],[124.516,6.728],[124.634,6.888],[124.795,6.684],[124.786,6.603],[125.007,6.712],[124.953,6.785],[124.804,6.817],[124.825,7.063],[124.772,7.076],[124.772,7.157],[124.694,7.182],[124.737,7.11],[124.677,6.947],[124.432,7.09],[124.49,7.207],[124.418,7.23],[124.34,7.169],[124.396,7.355],[124.485,7.439],[124.528,7.638],[124.742,7.591],[124.801,7.522]]]]},"properties":{"shapeName":"ARMM","shapeGroup":"PHL"}},
{"type":"Feature","geometry":{"type":"Polygon","coordinates":[[[120.769,16.198],[120.889,16.436],[120.904,16.595],[120.984,16.569],[121.29,16.658],[121.339,16.788],[121.549,16.874],[121.533,17.297],[121.647,17.5],[121.497,17.591],[121.388,17.794],[121.306,17.815],[121.347,18.039],[121.46,18.049],[121.48,18.306],[121.286,18.389],[121.156,18.544],[120.959,18.463],[120.917,18.285],[120.97,18.182],[120.945,17.99],[120.583,17.799],[120.468,17.515],[120.589,17.492],[120.539,17.344],[120.678,17.257],[120.672,17.193],[120.812,17.156],[120.785,16.921],[120.66,16.909],[120.586,16.837],[120.599,16.738],[120.445,16.386],[120.513,16.231],[120.63,16.18],[120.769,16.198]]]},"properties":{"shapeName":"CAR","shapeGroup":"PHL"}},
{"type":"Feature","geometry":{"type":"Polygon","coordinates":[[[121.1,14.769],[121.031,14.784],[120.906,14.701],[120.985,14.562],[120.97,14.475],[121.007,14.354],[121.057,14.379],[121.104,14.516],[121.135,14.777],[121.1,14.769]]]},"properties":{"shapeName":"NCR","shapeGroup":"PHL"}},
{"type":"Feature","geometry":{"type":"MultiPolygon","coordinates":[[[[120.959,18.463],[120.971,18.58],[120.91,18.564],[120.843,18.651],[120.762,18.54],[120.625,18.546],[120.565,18.495],[120.595,18.323],[120.471,18.087],[120.458,17.825],[120.402,17.798],[120.436,17.734],[120.352,17.683],[120.345,17.561],[120.461,17.408],[120.404,17.211],[120.45,16.998],[120.335,16.836],[120.336,16.679],[120.278,16.618],[120.342,16.297],[120.424,16.165],[120.33,16.062],[120.142,16.038],[120.088,16.168],[119.918,16.248],[119.913,16.295],[119.929,16.334],[119.925,16.384],[119.91,16.378],[119.882,16.394],[119.856,16.357],[119.817,16.36],[119.75,15.964],[119.772,15.916],[119.865,15.956],[119.891,15.811],[119.982,15.808],[120.036,15.874],[120.146,15.826],[120.253,15.618],[120.379,15.748],[120.468,15.722],[120.551,15.764],[120.59,15.862],[120.615,15.816],[120.747,15.851],[120.819,15.793],[120.921,15.966],[120.87,16.119],[120.769,16.198],[120.63,16.18],[120.513,16.231],[120.445,16.386],[120.599,16.738],[120.586,16.837],[120.66,16.909],[120.785,16.921],[120.812,17.156],[120.672,17.193],[120.678,17.257],[120.539,17.344],[120.589,17.492],[120.468,17.515],[120.583,17.799],[120.945,17.99],[120.97,18.182],[120.917,18.285],[120.959,18.463]]],[[[119.99,16.35],[119.97,16.349],[119.964,16.326],[119.943,16.331],[119.917,16.299],[119.922,16.285],[119.935,16.296],[119.949,16.285],[119.996,16.219],[119.99,16.35]]],[[[119.936,16.427],[119.913,16.422],[119.911,16.385],[119.927,16.39],[119.962,16.37],[119.936,16.427]]]]},"properties":{"shapeName":"Ilocos Region","shapeGroup":"PHL"}},
{"type":"Feature","geometry":{"type":"MultiPolygon","coordinates":[[[[120.769,16.198],[120.87,16.119],[121.048,16.138],[121.174,16.09],[121.285,15.754],[121.846,16.249],[122.059,16.509],[122.234,16.487],[122.435,16.798],[122.529,17.098],[122.51,17.142],[122.447,17.102],[122.417,17.14],[122.408,17.333],[122.4,17.29],[122.373,17.353],[122.247,17.365],[122.163,17.611],[122.167,18.087],[122.321,18.249],[122.32,18.38],[122.234,18.518],[122.167,18.522],[122.128,18.381],[121.903,18.266],[121.622,18.351],[121.161,18.622],[120.971,18.58],[120.959,18.463],[121.156,18.544],[121.286,18.389],[121.48,18.306],[121.46,18.049],[121.347,18.039],[121.306,17.815],[121.388,17.794],[121.497,17.591],[121.647,17.5],[121.533,17.297],[121.549,16.874],[121.339,16.788],[121.29,16.658],[120.984,16.569],[120.904,16.595],[120.889,16.436],[120.769,16.198]]],[[[121.415,18.906],[121.275,18.858],[121.482,18.876],[121.415,18.906]]],[[[121.918,19.004],[121.828,18.875],[121.855,18.812],[121.989,18.943],[121.918,19.004]]],[[[121.218,19.171],[121.197,19.067],[121.249,19.013],[121.218,19.171]]],[[[121.407,19.393],[121.347,19.357],[121.512,19.244],[121.524,19.388],[121.407,19.393]]],[[[121.97,19.574],[121.893,19.545],[121.959,19.476],[121.97,19.574]]],[[[121.845,20.356],[121.861,20.26],[121.889,20.313],[121.845,20.356]]],[[[122.003,20.489],[121.915,20.347],[122.035,20.465],[122.003,20.489]]],[[[121.86,20.836],[121.8,20.689],[121.876,20.759],[121.86,20.836]]]]},"properties":{"shapeName":"Cagayan Valley","shapeGroup":"PHL"}},
{"type":"Feature","geometry":{"type":"Polygon","coordinates":[[[121.1,14.769],[121.165,14.823],[121.331,14.835],[121.417,15.217],[121.385,15.365],[121.484,15.429],[121.494,15.524],[121.639,15.705],[121.561,15.775],[121.555,15.9],[121.743,16.07],[122.079,16.19],[122.07,16.241],[122.132,16.261],[121.989,16.029],[122.032,16.049],[122.203,16.238],[122.234,16.487],[122.059,16.509],[121.846,16.249],[121.285,15.754],[121.174,16.09],[121.048,16.138],[120.87,16.119],[120.921,15.966],[120.819,15.793],[120.747,15.851],[120.615,15.816],[120.59,15.862],[120.551,15.764],[120.468,15.722],[120.379,15.748],[120.253,15.618],[120.146,15.826],[120.036,15.874],[119.982,15.808],[119.891,15.811],[119.869,15.733],[119.934,15.693],[119.904,15.622],[119.969,15.506],[119.903,15.492],[119.89,15.431],[120.016,15.266],[120.084,14.785],[120.178,14.741],[120.206,14.873],[120.267,14.847],[120.298,14.802],[120.248,14.692],[120.368,14.626],[120.389,14.459],[120.477,14.409],[120.615,14.48],[120.545,14.721],[120.57,14.849],[120.652,14.768],[120.819,14.778],[120.906,14.701],[121.031,14.784],[121.1,14.769]]]},"properties":{"shapeName":"Central Luzon","shapeGroup":"PHL"}},
{"type":"Feature","geometry":{"type":"MultiPolygon","coordinates":[[[[121.104,14.516],[121.139,14.536],[121.216,14.411],[121.242,14.503],[121.325,14.461],[121.312,14.286],[121.433,14.406],[121.473,14.317],[121.429,14.344],[121.44,14.289],[121.213,14.178],[121.057,14.379],[121.007,14.354],[120.97,14.475],[120.89,14.451],[120.9,14.496],[120.769,14.332],[120.588,14.23],[120.65,13.772],[120.657,13.857],[120.723,13.849],[120.708,13.922],[120.79,13.928],[120.913,13.874],[120.893,13.683],[121.002,13.782],[121.06,13.739],[121.037,13.634],[121.286,13.597],[121.469,13.684],[121.432,13.765],[121.474,13.839],[121.749,13.969],[121.981,13.806],[122.099,13.785],[122.208,13.602],[122.402,13.524],[122.519,13.343],[122.505,13.244],[122.599,13.162],[122.703,13.225],[122.677,13.379],[122.565,13.563],[122.634,13.529],[122.497,13.647],[122.525,13.816],[122.42,13.943],[122.551,13.946],[122.793,14.014],[122.452,14.15],[122.384,14.067],[122.308,14.102],[122.25,14.242],[122.165,14.141],[122.324,14.02],[122.299,13.959],[122.182,13.994],[122.231,13.895],[121.946,13.989],[121.749,14.146],[121.758,14.247],[121.659,14.401],[121.604,14.652],[121.734,14.696],[121.602,14.828],[121.481,15.181],[121.417,15.217],[121.331,14.835],[121.165,14.823],[121.1,14.769],[121.135,14.777],[121.104,14.516]]],[[[121.089,13.569],[121.042,13.571],[121.08,13.526],[121.089,13.569]]],[[[121.755,13.943],[121.742,13.892],[121.792,13.88],[121.755,13.943]]],[[[121.93,14.236],[121.985,14.112],[122.187,14.006],[121.93,14.236]]],[[[122.404,14.734],[122.307,14.676],[122.436,14.695],[122.404,14.734]]],[[[122.184,14.845],[122.094,14.842],[122.255,14.725],[122.259,14.788],[122.184,14.845]]],[[[121.935,15.059],[121.837,15.039],[121.801,14.936],[121.835,14.955],[121.909,14.803],[121.939,14.627],[122.037,14.715],[121.967,14.907],[122.021,14.921],[122.012,14.989],[122.056,14.965],[121.935,15.059]]]]},"properties":{"shapeName":"Calabarzon","shapeGroup":"PHL"}},
{"type":"Feature","geometry":{"type":"MultiPolygon","coordinates":[[[[117.066,8.08],[116.969,8.015],[116.967,8.054],[116.929,7.936],[117.012,7.804],[117.086,7.906],[117.066,8.08]]],[[[117.029,8.13],[117.016,8.071],[117.062,8.084],[117.029,8.13]]],[[[117.307,8.33],[117.265,8.299],[117.292,8.177],[117.347,8.211],[117.307,8.33]]],[[[117.231,8.339],[117.176,8.256],[117.257,8.288],[117.231,8.339]]],[[[119.161,10.593],[119.119,10.549],[119.198,10.564],[119.161,10.593]]],[[[119.828,10.653],[119.793,10.547],[119.742,10.55],[119.805,10.441],[119.924,10.483],[119.884,10.551],[119.931,10.504],[120.003,10.565],[119.828,10.653]]],[[[121.067,10.908],[121.005,10.857],[121.025,10.799],[121.066,10.808],[121.067,10.908]]],[[[119.585,11.1],[119.561,11.044],[119.634,10.995],[119.585,11.1]]],[[[119.599,11.197],[119.562,11.138],[119.625,11.162],[119.599,11.197]]],[[[119.477,11.425],[119.375,11.183],[119.429,11.136],[119.418,11.037],[119.326,11.107],[119.367,11.009],[119.303,11.007],[119.348,10.871],[119.451,10.85],[119.463,10.725],[119.283,10.847],[119.284,10.936],[119.244,10.91],[119.221,10.954],[119.214,10.905],[119.259,10.885],[119.209,10.849],[119.343,10.731],[119.317,10.589],[119.23,10.548],[119.256,10.484],[119.142,10.382],[119.115,10.484],[119.064,10.388],[118.987,10.407],[118.975,10.346],[119.015,10.376],[119.028,10.339],[118.932,10.289],[118.938,10.207],[118.806,10.192],[118.808,10.028],[118.741,10.076],[118.76,10.131],[118.606,9.871],[118.34,9.649],[118.127,9.343],[118.019,9.243],[117.982,9.281],[117.811,9.197],[117.746,9.068],[117.63,9.048],[117.255,8.609],[117.182,8.333],[117.372,8.494],[117.501,8.501],[117.567,8.674],[117.742,8.687],[118.002,8.879],[118.128,9.148],[118.348,9.179],[118.49,9.295],[118.761,9.667],[118.705,9.68],[118.69,9.758],[118.721,9.789],[118.773,9.729],[118.75,9.929],[119.197,10.048],[119.322,10.311],[119.57,10.373],[119.716,10.507],[119.625,10.622],[119.658,10.675],[119.571,10.664],[119.6,10.822],[119.534,10.812],[119.484,10.873],[119.502,11.008],[119.57,11.007],[119.5,11.133],[119.569,11.293],[119.477,11.425]]],[[[119.815,11.519],[119.835,11.457],[119.712,11.464],[119.774,11.395],[119.825,11.427],[119.82,11.376],[119.872,11.493],[119.815,11.519]]],[[[120.175,11.784],[120.139,11.752],[120.197,11.751],[120.175,11.784]]],[[[119.903,11.98],[119.891,11.924],[119.846,11.948],[119.907,11.793],[120.003,11.787],[119.979,11.713],[119.939,11.73],[119.957,11.659],[120.049,11.718],[120.074,11.788],[120.02,11.841],[120.075,11.863],[119.988,11.897],[120.012,11.934],[119.945,11.91],[119.967,11.945],[119.903,11.98]]],[[[120.245,11.987],[120.192,11.937],[120.262,11.807],[120.245,11.987]]],[[[121.074,12.297],[121.038,12.225],[121.119,12.153],[121.074,12.297]]],[[[119.895,12.33],[119.867,12.268],[119.917,12.273],[119.861,12.255],[119.852,12.148],[119.897,12.203],[119.978,12.01],[120.053,12.02],[120.1,11.96],[120.132,12.033],[120.336,11.992],[120.333,12.092],[120.246,12.131],[120.217,12.226],[120.214,12.133],[120.163,12.119],[119.895,12.33]]],[[[122.545,12.506],[122.425,12.433],[122.634,12.267],[122.699,12.402],[122.655,12.484],[122.545,12.506]]],[[[122.284,12.625],[122.244,12.572],[122.302,12.478],[122.284,12.625]]],[[[122.111,12.674],[122.002,12.597],[122.006,12.444],[121.92,12.313],[122.019,12.233],[121.959,12.191],[122.014,12.099],[122.069,12.181],[122.122,12.62],[122.162,12.632],[122.111,12.674]]],[[[122.062,12.963],[122.069,12.905],[122.099,12.956],[122.062,12.963]]],[[[120.413,13.531],[120.313,13.477],[120.31,13.42],[120.382,13.375],[120.458,13.418],[120.523,13.224],[120.654,13.188],[120.784,12.931],[120.789,12.734],[120.928,12.615],[120.976,12.428],[121.118,12.337],[121.109,12.243],[121.245,12.207],[121.345,12.326],[121.397,12.286],[121.384,12.363],[121.453,12.359],[121.413,12.396],[121.437,12.515],[121.557,12.605],[121.476,12.777],[121.487,13.022],[121.557,13.12],[121.442,13.144],[121.441,13.228],[121.2,13.438],[121.036,13.419],[120.955,13.496],[120.993,13.523],[120.761,13.465],[120.413,13.531]]],[[[121.867,13.571],[121.82,13.345],[122.028,13.199],[122.151,13.371],[122.127,13.455],[122.009,13.549],[121.919,13.525],[121.867,13.571]]],[[[120.29,13.837],[120.261,13.807],[120.312,13.774],[120.29,13.837]]],[[[120.09,13.864],[120.1,13.785],[120.295,13.686],[120.223,13.821],[120.09,13.864]]]]},"properties":{"shapeName":"Mimaropa","shapeGroup":"PHL"}},
{"type":"Feature","geometry":{"type":"MultiPolygon","coordinates":[[[[122.033,6.741],[121.917,6.675],[121.936,6.565],[122.043,6.565],[122.033,6.741]]],[[[122.898,7.443],[122.875,7.365],[122.803,7.423],[122.831,7.278],[122.976,7.364],[122.898,7.443]]],[[[123.554,8.617],[123.489,8.642],[123.501,8.701],[123.38,8.727],[123.414,8.636],[123.351,8.635],[123.304,8.522],[123.026,8.484],[122.937,8.307],[122.996,8.214],[122.922,8.152],[122.743,8.111],[122.662,8.162],[122.583,8.083],[122.251,7.985],[122.087,7.741],[122.143,7.574],[122.073,7.521],[122.061,7.29],[121.902,7.147],[121.923,6.988],[122.109,6.889],[122.159,6.916],[122.292,7.325],[122.34,7.314],[122.393,7.39],[122.343,7.397],[122.354,7.469],[122.439,7.546],[122.435,7.499],[122.473,7.523],[122.506,7.579],[122.432,7.588],[122.624,7.777],[122.812,7.746],[122.787,7.615],[122.828,7.522],[122.787,7.539],[122.779,7.475],[122.815,7.434],[122.905,7.545],[122.992,7.458],[123.034,7.658],[123.114,7.736],[123.197,7.591],[123.097,7.603],[123.116,7.514],[123.177,7.466],[123.224,7.54],[123.301,7.532],[123.285,7.467],[123.406,7.358],[123.451,7.435],[123.336,7.552],[123.478,7.668],[123.423,7.815],[123.624,7.83],[123.65,7.96],[123.634,8.021],[123.56,8.026],[123.554,8.617]]]]},"properties":{"shapeName":"Zamboanga Peninsula","shapeGroup":"PHL"}},
{"type":"Feature","geometry":{"type":"MultiPolygon","coordinates":[[[[122.551,13.946],[122.653,13.821],[122.836,13.735],[122.862,13.69],[122.799,13.651],[122.888,13.576],[123.195,13.427],[123.327,13.198],[123.281,13.058],[123.32,13.007],[123.426,13.04],[123.652,12.87],[123.662,12.918],[123.711,12.941],[123.673,12.908],[123.693,12.865],[123.734,12.898],[123.736,12.845],[123.855,12.898],[123.884,12.979],[124.034,12.964],[123.998,12.862],[123.859,12.876],[123.83,12.828],[123.875,12.656],[123.989,12.545],[124.081,12.536],[124.156,12.809],[124.117,12.909],[124.193,13.061],[124.131,13.075],[124.075,13.004],[123.879,13.143],[123.812,13.054],[123.759,13.059],[123.775,13.227],[123.868,13.24],[123.744,13.325],[123.678,13.477],[123.53,13.574],[123.583,13.728],[123.969,13.709],[123.941,13.796],[123.783,13.844],[123.707,13.943],[123.681,13.879],[123.491,13.914],[123.45,13.967],[123.426,13.92],[123.389,14.034],[123.343,14.013],[123.34,14.105],[123.321,14.04],[123.255,14.073],[123.283,14.033],[123.228,14],[123.294,13.927],[123.339,13.982],[123.285,13.896],[123.325,13.8],[123.12,13.721],[123.046,13.776],[123.095,13.891],[123.043,14.099],[122.713,14.34],[122.668,14.339],[122.689,14.28],[122.522,14.349],[122.419,14.316],[122.308,14.102],[122.384,14.067],[122.452,14.15],[122.793,14.014],[122.551,13.946]]],[[[123.237,12.601],[123.289,12.422],[123.217,12.238],[123.301,12.206],[123.218,12.132],[123.16,11.906],[123.43,12.202],[123.54,12.213],[123.601,12.075],[123.662,12.08],[123.742,11.984],[123.722,11.932],[123.927,11.862],[124.07,11.723],[123.998,12.012],[124.052,11.968],[123.894,12.21],[123.799,12.244],[123.783,12.195],[123.697,12.331],[123.627,12.379],[123.582,12.353],[123.555,12.462],[123.444,12.517],[123.371,12.506],[123.329,12.432],[123.338,12.539],[123.379,12.541],[123.237,12.601]]],[[[123.622,12.693],[123.579,12.631],[123.79,12.338],[123.725,12.614],[123.622,12.693]]],[[[122.995,13.159],[122.928,13.113],[122.945,13.026],[123.064,12.999],[123.385,12.694],[123.277,12.888],[123.182,12.914],[122.995,13.159]]],[[[124.13,13.236],[124.058,13.207],[124.217,13.176],[124.13,13.236]]],[[[123.977,13.292],[123.908,13.286],[123.952,13.234],[124.022,13.217],[124.099,13.259],[123.977,13.292]]],[[[123.851,13.354],[123.884,13.224],[123.912,13.237],[123.885,13.281],[123.93,13.328],[123.851,13.354]]],[[[123.644,13.978],[123.601,13.914],[123.678,13.943],[123.644,13.978]]],[[[124.206,14.1],[124.127,14.06],[124.136,13.796],[124.023,13.663],[124.208,13.517],[124.256,13.593],[124.345,13.549],[124.422,13.796],[124.408,13.879],[124.352,13.94],[124.312,13.897],[124.206,14.1]]]]},"properties":{"shapeName":"Bicol Region","shapeGroup":"PHL"}},
{"type":"Feature","geometry":{"type":"MultiPolygon","coordinates":[[[[122.658,10.754],[122.511,10.583],[122.544,10.54],[122.475,10.481],[122.514,10.407],[122.683,10.502],[122.722,10.693],[122.658,10.754]]],[[[123.336,10.382],[123.464,10.522],[123.566,10.843],[123.493,10.935],[123.194,11.003],[122.952,10.894],[122.95,10.681],[122.793,10.519],[122.867,10.379],[122.868,10.095],[122.661,9.977],[122.451,9.976],[122.376,9.837],[122.381,9.706],[122.589,9.444],[122.983,9.913],[123.189,10.261],[123.144,10.435],[123.336,10.382]]],[[[123.161,11.313],[123.15,11.247],[123.194,11.292],[123.161,11.313]]],[[[121.453,11.869],[121.414,11.835],[121.53,11.844],[121.453,11.869]]],[[[121.955,11.939],[121.885,11.899],[121.844,11.763],[122.067,11.739],[122.102,11.649],[122.027,11.299],[122.054,11.032],[121.923,10.764],[121.978,10.675],[121.915,10.504],[121.961,10.406],[122.207,10.639],[122.58,10.687],[122.611,10.775],[122.734,10.786],[122.782,10.988],[122.924,11.067],[122.952,11.034],[123.036,11.172],[123.127,11.171],[123.099,11.329],[123.165,11.469],[123.117,11.513],[123.149,11.598],[123.009,11.492],[122.917,11.483],[122.901,11.431],[122.88,11.463],[122.931,11.516],[122.826,11.611],[122.715,11.614],[122.686,11.545],[122.642,11.572],[122.58,11.509],[122.508,11.592],[122.482,11.555],[122.452,11.552],[122.487,11.572],[122.45,11.609],[122.42,11.592],[122.402,11.653],[122.493,11.609],[122.385,11.735],[122.087,11.834],[121.955,11.939]]],[[[121.381,12.126],[121.343,12.088],[121.389,11.983],[121.427,12.029],[121.381,12.126]]]]},"properties":{"shapeName":"Western Visayas","shapeGroup":"PHL"}},
{"type":"Feature","geometry":{"type":"MultiPolygon","coordinates":[[[[122.589,9.444],[122.87,9.326],[122.942,9.075],[123.127,9.046],[123.203,9.094],[123.311,9.334],[123.118,9.547],[123.164,9.578],[123.105,9.631],[123.157,9.632],[123.132,9.839],[123.281,10.129],[123.336,10.382],[123.144,10.435],[123.189,10.261],[122.983,9.913],[122.589,9.444]]],[[[123.614,9.301],[123.452,9.193],[123.588,9.095],[123.702,9.145],[123.614,9.301]]],[[[123.836,9.644],[123.718,9.588],[123.8,9.552],[123.87,9.605],[123.836,9.644]]],[[[124.615,10.153],[124.525,10.118],[124.535,10.055],[124.615,10.153]]],[[[124.29,10.174],[124.152,10.153],[124.028,9.967],[123.882,9.929],[123.802,9.842],[123.787,9.74],[123.866,9.716],[123.854,9.637],[124.259,9.598],[124.4,9.653],[124.484,9.761],[124.52,9.722],[124.593,9.756],[124.597,9.805],[124.514,9.849],[124.576,9.913],[124.537,9.922],[124.547,10.041],[124.29,10.174]]],[[[124.044,10.334],[123.943,10.311],[123.932,10.25],[124.044,10.334]]],[[[124.436,10.718],[124.383,10.646],[124.316,10.709],[124.275,10.591],[124.514,10.656],[124.436,10.718]]],[[[124.064,11.286],[123.944,11.187],[123.969,11.081],[123.934,11.107],[123.923,10.952],[123.715,10.497],[123.403,9.972],[123.371,9.994],[123.4,9.881],[123.344,9.786],[123.302,9.417],[123.466,9.571],[123.537,9.805],[123.609,9.875],[123.64,10.084],[123.766,10.226],[124.021,10.383],[124.004,10.755],[124.054,10.882],[124.043,11.056],[123.982,11.073],[124.064,11.286]]],[[[123.733,11.299],[123.688,11.227],[123.721,11.137],[123.808,11.152],[123.733,11.299]]]]},"properties":{"shapeName":"Central Visayas","shapeGroup":"PHL"}},
{"type":"Feature","geometry":{"type":"MultiPolygon","coordinates":[[[[125.129,10.162],[125.135,10.062],[125.287,9.912],[125.213,10.128],[125.129,10.162]]],[[[125.694,10.823],[125.67,10.744],[125.811,10.697],[125.719,10.746],[125.694,10.823]]],[[[124.314,11.564],[124.289,11.493],[124.403,11.24],[124.375,10.924],[124.416,10.951],[124.431,10.891],[124.516,10.868],[124.59,11.014],[124.684,10.939],[124.804,10.662],[124.721,10.486],[124.791,10.319],[124.758,10.156],[124.889,10.121],[125.028,10.005],[124.97,10.377],[125.025,10.369],[125.125,10.162],[125.131,10.277],[125.217,10.247],[125.268,10.3],[125.18,10.427],[125.187,10.591],[125.011,10.758],[125.04,11.064],[125.031,11.238],[124.962,11.28],[124.98,11.399],[124.815,11.432],[124.702,11.305],[124.585,11.305],[124.537,11.426],[124.481,11.461],[124.474,11.376],[124.314,11.564]]],[[[124.426,11.707],[124.334,11.676],[124.445,11.483],[124.606,11.489],[124.537,11.675],[124.426,11.707]]],[[[124.823,11.71],[124.882,11.625],[124.89,11.679],[124.823,11.71]]],[[[124.727,11.733],[124.717,11.673],[124.824,11.53],[124.85,11.6],[124.795,11.6],[124.727,11.733]]],[[[124.444,11.933],[124.411,11.897],[124.45,11.88],[124.444,11.933]]],[[[125.145,12.585],[125.028,12.53],[124.859,12.585],[124.86,12.531],[124.676,12.509],[124.391,12.567],[124.329,12.535],[124.289,12.584],[124.261,12.55],[124.39,12.196],[124.483,12.1],[124.692,12.01],[124.886,11.753],[125.043,11.752],[124.973,11.67],[124.994,11.615],[124.819,11.516],[124.84,11.465],[124.893,11.51],[124.997,11.427],[124.978,11.284],[125.151,11.275],[125.234,11.086],[125.297,11.143],[125.511,11.081],[125.535,11.153],[125.579,11.107],[125.661,11.143],[125.756,11.011],[125.665,11.198],[125.597,11.232],[125.618,11.19],[125.534,11.195],[125.632,11.356],[125.492,11.448],[125.528,11.475],[125.439,11.607],[125.492,11.671],[125.462,11.759],[125.413,11.757],[125.474,11.793],[125.426,11.956],[125.516,12.06],[125.437,12.126],[125.515,12.192],[125.439,12.273],[125.366,12.27],[125.382,12.302],[125.293,12.29],[125.299,12.397],[125.34,12.405],[125.145,12.585]]],[[[125.062,12.686],[125.033,12.62],[125.089,12.603],[125.062,12.686]]]]},"properties":{"shapeName":"Eastern Visayas","shapeGroup":"PHL"}},
{"type":"Feature","geometry":{"type":"MultiPolygon","coordinates":[[[[124.801,7.522],[124.882,7.418],[124.974,7.401],[125.164,7.509],[125.229,7.492],[125.266,7.565],[125.326,7.565],[125.301,7.637],[125.425,7.623],[125.379,8.003],[125.443,8.097],[125.275,8.355],[125.262,8.588],[125.17,8.584],[125.239,8.66],[125.263,8.842],[125.208,9.094],[125.164,8.846],[125.078,8.828],[124.876,9.017],[124.779,8.976],[124.739,8.491],[124.578,8.519],[124.434,8.617],[124.312,8.536],[124.23,8.218],[124.013,8.195],[123.65,7.96],[123.624,7.83],[123.773,7.705],[123.851,7.699],[123.851,7.735],[124.002,7.743],[124.029,7.822],[123.966,7.88],[123.988,7.935],[124.102,7.964],[124.109,8.03],[124.284,8.053],[124.369,8.157],[124.481,8.163],[124.598,7.903],[124.803,7.628],[124.801,7.522]]],[[[123.634,8.021],[123.76,8.051],[123.866,8.158],[123.864,8.325],[123.755,8.6],[123.608,8.67],[123.567,8.571],[123.554,8.617],[123.56,8.026],[123.634,8.021]]],[[[124.702,9.258],[124.635,9.17],[124.775,9.08],[124.779,9.203],[124.702,9.258]]]]},"properties":{"shapeName":"Northern Mindanao","shapeGroup":"PHL"}},
{"type":"Feature","geometry":{"type":"MultiPolygon","coordinates":[[[[125.229,7.492],[125.276,7.374],[125.229,7.356],[125.223,7.211],[125.293,7.036],[125.157,6.857],[125.079,6.84],[125.047,6.668],[125.14,6.52],[125.108,6.436],[125.307,6.455],[125.346,6.541],[125.393,6.503],[125.539,6.071],[125.483,5.838],[125.317,5.569],[125.414,5.573],[125.661,5.921],[125.715,6.103],[125.594,6.501],[125.43,6.633],[125.444,6.578],[125.387,6.604],[125.379,6.806],[125.525,7.028],[125.65,7.096],[125.654,7.248],[125.81,7.366],[125.852,7.361],[125.884,7.126],[125.991,7.014],[125.977,6.928],[126.078,6.852],[126.084,6.531],[126.204,6.287],[126.26,6.753],[126.155,6.906],[126.189,6.88],[126.206,6.954],[126.27,6.928],[126.288,6.822],[126.35,6.803],[126.282,6.929],[126.338,7.006],[126.459,6.995],[126.605,7.289],[126.551,7.313],[126.599,7.486],[126.57,7.719],[126.383,7.83],[126.368,7.919],[126.352,8.002],[126.149,7.997],[126.039,7.931],[125.911,8],[125.901,7.931],[125.753,7.998],[125.379,8.003],[125.425,7.623],[125.301,7.637],[125.326,7.565],[125.266,7.565],[125.229,7.492]]],[[[125.397,5.438],[125.329,5.389],[125.42,5.366],[125.397,5.438]]],[[[125.709,7.198],[125.664,7.094],[125.766,6.893],[125.798,7.117],[125.709,7.198]]]]},"properties":{"shapeName":"Davao Region","shapeGroup":"PHL"}},
{"type":"Feature","geometry":{"type":"MultiPolygon","coordinates":[[[[124.033,6.741],[124.056,6.378],[124.322,6.115],[124.823,5.89],[125.035,5.851],[125.088,5.874],[125.161,6.1],[125.272,6.084],[125.272,5.919],[125.172,5.812],[125.286,5.694],[125.317,5.569],[125.483,5.838],[125.539,6.071],[125.393,6.503],[125.346,6.541],[125.307,6.455],[125.108,6.436],[125.14,6.52],[125.047,6.668],[125.079,6.84],[125.157,6.857],[125.293,7.036],[125.223,7.211],[125.229,7.356],[125.276,7.374],[125.229,7.492],[125.164,7.509],[124.974,7.401],[124.882,7.418],[124.801,7.522],[124.742,7.591],[124.528,7.638],[124.485,7.439],[124.396,7.355],[124.34,7.169],[124.418,7.23],[124.49,7.207],[124.432,7.09],[124.677,6.947],[124.737,7.11],[124.694,7.182],[124.772,7.157],[124.772,7.076],[124.825,7.063],[124.804,6.817],[124.953,6.785],[125.007,6.712],[124.786,6.603],[124.795,6.684],[124.634,6.888],[124.516,6.728],[124.279,6.696],[124.284,6.754],[124.033,6.741]]],[[[124.209,7.257],[124.173,7.198],[124.317,7.138],[124.209,7.257]]]]},"properties":{"shapeName":"Soccsksargen","shapeGroup":"PHL"}},
{"type":"Feature","geometry":{"type":"MultiPolygon","coordinates":[[[[125.379,8.003],[125.753,7.998],[125.901,7.931],[125.911,8],[126.039,7.931],[126.149,7.997],[126.352,8.002],[126.368,7.919],[126.449,7.989],[126.406,8.01],[126.456,8.245],[126.344,8.183],[126.308,8.218],[126.383,8.292],[126.318,8.353],[126.398,8.493],[126.355,8.549],[126.143,8.529],[126.082,8.612],[126.245,8.695],[126.213,8.734],[126.335,8.841],[126.307,8.956],[126.158,9.105],[126.207,9.307],[126.048,9.239],[125.988,9.404],[125.942,9.371],[125.894,9.414],[125.954,9.441],[125.962,9.48],[125.943,9.446],[125.86,9.535],[125.64,9.61],[125.59,9.695],[125.619,9.751],[125.441,9.825],[125.391,9.656],[125.531,9.194],[125.524,9.011],[125.332,8.969],[125.208,9.094],[125.263,8.842],[125.239,8.66],[125.17,8.584],[125.262,8.588],[125.275,8.355],[125.443,8.097],[125.379,8.003]]],[[[126.028,9.737],[126.006,9.683],[126.071,9.71],[126.028,9.737]]],[[[125.934,9.76],[125.888,9.612],[125.941,9.56],[125.99,9.665],[125.934,9.76]]],[[[125.611,9.912],[125.56,9.895],[125.577,9.853],[125.611,9.912]]],[[[125.642,9.916],[125.592,9.805],[125.688,9.849],[125.659,9.849],[125.654,9.865],[125.644,9.862],[125.642,9.916]]],[[[126.071,10.056],[125.949,9.835],[126.032,9.745],[126.169,9.81],[126.091,9.849],[126.071,10.056]]],[[[125.642,10.472],[125.597,10.366],[125.551,10.385],[125.559,10.32],[125.514,10.321],[125.543,10.203],[125.498,10.209],[125.526,10.184],[125.473,10.135],[125.508,10.063],[125.59,10.077],[125.56,9.991],[125.606,9.994],[125.591,9.955],[125.645,9.936],[125.667,9.852],[125.678,9.868],[125.701,9.865],[125.707,9.891],[125.657,9.948],[125.698,10.06],[125.644,10.185],[125.682,10.392],[125.642,10.472]]]]},"properties":{"shapeName":"Caraga","shapeGroup":"PHL"}},
{"type":"Feature","geometry":{"type":"Polygon","coordinates":[[[103.511,16.198],[103.44,15.717],[103.354,15.702],[103.295,15.606],[103.441,15.52],[103.405,15.437],[103.886,15.469],[103.983,15.403],[104.129,15.564],[104.213,15.616],[104.118,15.702],[104.134,15.8],[104.074,15.839],[104,15.796],[104.015,15.972],[104.109,15.982],[104.104,16.091],[104.356,16.323],[104.31,16.469],[104.244,16.433],[104.046,16.389],[104.04,16.441],[103.822,16.466],[103.702,16.382],[103.751,16.304],[103.724,16.219],[103.511,16.198]]]},"properties":{"shapeName":"Roi Et Province","shapeGroup":"THA"}},
{"type":"Feature","geometry":{"type":"Polygon","coordinates":[[[99.687,19.43],[99.774,19.064],[100.113,18.808],[100.34,18.807],[100.405,18.945],[100.502,18.978],[100.449,19.001],[100.472,19.047],[100.571,19.026],[100.563,19.096],[100.634,19.128],[100.608,19.324],[100.511,19.38],[100.572,19.468],[100.484,19.488],[100.483,19.548],[100.481,19.559],[100.407,19.736],[100.183,19.613],[100.076,19.426],[99.926,19.385],[99.902,19.485],[99.687,19.43]]]},"properties":{"shapeName":"Phayao Province","shapeGroup":"THA"}},
{"type":"Feature","geometry":{"type":"Polygon","coordinates":[[[99.089,15.887],[99.133,15.783],[99.479,15.566],[99.695,15.679],[99.858,15.636],[99.911,15.515],[100.058,15.42],[100.27,15.297],[100.309,15.167],[100.443,15.06],[100.563,15.271],[100.743,15.435],[100.739,15.497],[100.835,15.633],[100.755,15.931],[100.217,15.925],[99.994,16.338],[99.894,16.077],[99.672,15.782],[99.537,15.925],[99.29,15.892],[99.209,15.948],[99.089,15.887]]]},"properties":{"shapeName":"Nakhon Sawan Province","shapeGroup":"THA"}},
{"type":"Feature","geometry":{"type":"Polygon","coordinates":[[[102.081,17.643],[102.144,17.511],[101.989,17.451],[102.026,17.324],[101.945,17.206],[102.154,17.022],[102.033,16.956],[102.071,16.885],[102.295,16.892],[102.344,16.818],[102.562,16.76],[102.614,16.772],[102.688,16.987],[102.52,17.1],[102.519,17.216],[102.596,17.263],[102.444,17.28],[102.333,17.678],[102.081,17.643]]]},"properties":{"shapeName":"Nong Bua Lam Phu Province","shapeGroup":"THA"}},
{"type":"Feature","geometry":{"type":"Polygon","coordinates":[[[100.849,13.479],[100.974,13.464],[101.141,13.59],[101.284,13.549],[101.366,13.455],[101.526,13.397],[101.717,13.172],[101.889,13.22],[101.995,13.336],[101.944,13.474],[101.998,13.5],[101.988,13.587],[101.916,13.586],[101.88,13.718],[101.814,13.721],[101.757,13.802],[101.56,13.749],[101.359,13.861],[101.148,13.849],[101.14,13.968],[100.914,13.961],[100.914,13.946],[100.938,13.814],[100.861,13.697],[100.964,13.645],[100.849,13.479]]]},"properties":{"shapeName":"Chachoengsao Province","shapeGroup":"THA"}},
{"type":"Feature","geometry":{"type":"Polygon","coordinates":[[[103.405,15.437],[103.341,15.406],[103.111,15.481],[103.09,15.419],[103.248,15.307],[103.349,15.347],[103.504,15.311],[103.419,15.201],[103.426,14.929],[103.308,14.814],[103.23,14.592],[103.243,14.337],[103.246,14.338],[103.353,14.353],[103.38,14.352],[103.497,14.39],[103.524,14.418],[103.549,14.427],[103.654,14.439],[103.666,14.437],[103.689,14.44],[103.707,14.413],[103.7,14.392],[103.725,14.381],[103.746,14.378],[103.759,14.378],[103.819,14.356],[103.831,14.354],[103.828,14.358],[103.86,14.358],[103.999,14.352],[104.01,14.355],[104.011,14.348],[104.028,14.34],[104.033,14.34],[104.046,14.341],[104.046,14.342],[104.044,14.357],[104.046,14.375],[104.063,14.446],[104.042,14.515],[104.066,14.641],[104,14.804],[103.915,14.851],[104.02,15.029],[103.977,15.264],[104.08,15.358],[103.983,15.403],[103.886,15.469],[103.405,15.437]]]},"properties":{"shapeName":"Surin Province","shapeGroup":"THA"}},
{"type":"Feature","geometry":{"type":"Polygon","coordinates":[[[101.41,15],[101.452,14.866],[101.279,14.729],[101.189,14.749],[101.185,14.544],[101.243,14.48],[101.277,14.506],[101.409,14.425],[101.601,14.438],[101.751,14.313],[101.887,14.395],[101.959,14.381],[101.962,14.253],[102.12,14.144],[102.196,14.188],[102.282,14.127],[102.427,14.157],[102.522,14.087],[102.594,14.149],[102.621,14.279],[102.498,14.501],[102.511,14.648],[102.437,14.858],[102.568,14.814],[102.521,14.966],[102.707,14.952],[102.853,15.154],[102.983,15.189],[103.001,15.357],[102.954,15.402],[103.02,15.439],[102.827,15.511],[102.789,15.639],[102.701,15.719],[102.426,15.693],[102.335,15.806],[102.167,15.742],[102.111,15.632],[102.035,15.651],[101.878,15.377],[101.428,15.215],[101.3,15.302],[101.275,15.092],[101.379,15.064],[101.41,15]]]},"properties":{"shapeName":"Nakhon Ratchasima Province","shapeGroup":"THA"}},
{"type":"Feature","geometry":{"type":"Polygon","coordinates":[[[99.316,17.269],[99.267,16.959],[99.346,16.888],[99.506,16.886],[99.687,16.734],[99.855,16.737],[99.904,16.688],[99.949,16.862],[100.132,16.901],[100.128,16.969],[99.912,17.157],[99.983,17.166],[100.037,17.436],[99.928,17.571],[99.98,17.665],[99.896,17.804],[99.726,17.721],[99.592,17.817],[99.473,17.729],[99.409,17.464],[99.477,17.358],[99.457,17.254],[99.389,17.202],[99.316,17.269]]]},"properties":{"shapeName":"Sukhothai Province","shapeGroup":"THA"}},
{"type":"Feature","geometry":{"type":"Polygon","coordinates":[[[99.208,13.2],[99.2,13.191],[99.124,13.193],[99.131,13.096],[99.1,13.072],[99.104,13.064],[99.11,13.063],[99.114,13.058],[99.115,13.057],[99.116,13.051],[99.119,13.046],[99.123,13.042],[99.13,13.036],[99.134,13.034],[99.134,13.033],[99.136,13.033],[99.14,13.033],[99.141,13.035],[99.146,13.034],[99.147,13.028],[99.148,13.027],[99.149,13.027],[99.155,13.026],[99.155,13.025],[99.158,13.02],[99.163,13.02],[99.167,13.018],[99.169,13.016],[99.171,13.015],[99.171,13.014],[99.169,13.009],[99.176,13],[99.192,12.998],[99.196,12.99],[99.188,12.977],[99.196,12.958],[99.195,12.957],[99.194,12.954],[99.193,12.952],[99.185,12.945],[99.172,12.941],[99.171,12.932],[99.163,12.928],[99.163,12.927],[99.174,12.921],[99.177,12.918],[99.182,12.914],[99.182,12.912],[99.182,12.91],[99.184,12.895],[99.184,12.89],[99.181,12.888],[99.181,12.887],[99.185,12.883],[99.189,12.881],[99.189,12.868],[99.185,12.861],[99.187,12.856],[99.188,12.855],[99.186,12.849],[99.187,12.848],[99.189,12.845],[99.191,12.846],[99.198,12.844],[99.199,12.843],[99.199,12.84],[99.2,12.839],[99.205,12.836],[99.208,12.831],[99.211,12.826],[99.218,12.829],[99.222,12.822],[99.222,12.818],[99.224,12.814],[99.23,12.814],[99.231,12.813],[99.231,12.799],[99.228,12.791],[99.234,12.782],[99.235,12.762],[99.235,12.75],[99.23,12.743],[99.235,12.739],[99.239,12.726],[99.247,12.72],[99.248,12.72],[99.254,12.724],[99.27,12.728],[99.272,12.725],[99.273,12.724],[99.28,12.717],[99.291,12.715],[99.295,12.678],[99.333,12.668],[99.335,12.665],[99.338,12.662],[99.338,12.659],[99.346,12.648],[99.345,12.644],[99.367,12.636],[99.367,12.625],[99.378,12.621],[99.38,12.616],[99.393,12.619],[99.406,12.614],[99.414,12.618],[99.423,12.609],[99.423,12.604],[99.423,12.602],[99.425,12.596],[99.43,12.594],[99.433,12.59],[99.434,12.59],[99.44,12.581],[99.618,12.542],[99.956,12.634],[100.106,13.059],[99.952,13.29],[99.889,13.238],[99.859,13.328],[99.703,13.312],[99.636,13.199],[99.456,13.179],[99.347,13.23],[99.27,13.142],[99.249,13.184],[99.214,13.195],[99.208,13.2]]]},"properties":{"shapeName":"Phetchaburi Province","shapeGroup":"THA"}},
{"type":"Feature","geometry":{"type":"Polygon","coordinates":[[[102.335,15.806],[102.393,15.991],[102.264,16.07],[102.401,16.232],[102.458,16.403],[102.409,16.463],[102.068,16.494],[101.956,16.633],[101.774,16.629],[101.75,16.668],[101.51,16.676],[101.515,16.549],[101.345,16.26],[101.324,16.033],[101.386,15.956],[101.319,15.774],[101.396,15.687],[101.372,15.406],[101.3,15.302],[101.428,15.215],[101.878,15.377],[102.035,15.651],[102.111,15.632],[102.167,15.742],[102.335,15.806]]]},"properties":{"shapeName":"Chaiyaphum Province","shapeGroup":"THA"}},
{"type":"Feature","geometry":{"type":"Polygon","coordinates":[[[100.739,15.497],[101.24,15.397],[101.3,15.302],[101.372,15.406],[101.396,15.687],[101.319,15.774],[101.386,15.956],[101.324,16.033],[101.345,16.26],[101.515,16.549],[101.51,16.676],[101.75,16.668],[101.788,16.764],[101.687,16.799],[101.718,16.914],[101.649,17.046],[101.554,16.993],[101.462,17.095],[101.318,17.063],[101.198,17.113],[101.067,16.9],[100.895,16.794],[100.927,16.684],[100.854,16.643],[100.795,16.453],[100.668,16.347],[100.699,16.25],[100.627,16.051],[100.767,15.991],[100.755,15.931],[100.835,15.633],[100.739,15.497]]]},"properties":{"shapeName":"Phetchabun Province","shapeGroup":"THA"}},
{"type":"Feature","geometry":{"type":"MultiPolygon","coordinates":[[[[99.973,9.788],[99.981,9.713],[100.077,9.666],[100.062,9.786],[99.973,9.788]]],[[[98.511,9.306],[98.517,8.986],[98.457,8.955],[98.455,8.886],[98.607,8.791],[98.547,8.652],[98.713,8.625],[98.77,8.674],[98.918,8.585],[98.914,8.31],[99.266,8.341],[99.281,8.542],[99.329,8.519],[99.449,8.599],[99.527,8.846],[99.587,8.915],[99.694,8.93],[99.785,9.054],[99.729,9.15],[99.768,9.322],[99.534,9.287],[99.466,9.198],[99.378,9.188],[99.32,9.246],[99.264,9.217],[99.216,9.328],[99.314,9.391],[99.14,9.795],[98.782,9.686],[98.75,9.601],[98.775,9.538],[98.656,9.426],[98.669,9.352],[98.552,9.354],[98.511,9.306]]],[[[99.701,9.513],[99.689,9.553],[99.662,9.514],[99.701,9.513]]],[[[99.935,9.501],[99.929,9.417],[100.013,9.421],[100.09,9.57],[99.918,9.577],[99.935,9.501]]]]},"properties":{"shapeName":"Surat Thani Province","shapeGroup":"THA"}},
{"type":"Feature","geometry":{"type":"Polygon","coordinates":[[[103.983,15.403],[104.08,15.358],[103.977,15.264],[104.02,15.029],[103.915,14.851],[104,14.804],[104.066,14.641],[104.042,14.515],[104.063,14.446],[104.046,14.375],[104.044,14.357],[104.046,14.342],[104.046,14.341],[104.054,14.342],[104.057,14.346],[104.085,14.348],[104.198,14.384],[104.253,14.386],[104.463,14.345],[104.467,14.345],[104.472,14.347],[104.479,14.355],[104.485,14.369],[104.566,14.355],[104.699,14.427],[104.716,14.428],[104.72,14.408],[104.792,14.435],[104.817,14.429],[104.838,14.398],[104.899,14.406],[104.901,14.402],[104.903,14.401],[104.907,14.4],[104.909,14.406],[104.916,14.411],[104.895,14.44],[104.855,14.441],[104.874,14.493],[104.831,14.552],[104.86,14.65],[104.917,14.649],[104.814,14.892],[104.693,14.975],[104.688,15.137],[104.737,15.168],[104.668,15.257],[104.418,15.285],[104.247,15.371],[104.129,15.564],[103.983,15.403]]]},"properties":{"shapeName":"Si Sa Ket Province","shapeGroup":"THA"}},
{"type":"Feature","geometry":{"type":"Polygon","coordinates":[[[102.058,18.088],[102.153,17.992],[102.204,18.022],[102.327,17.95],[102.662,17.592],[102.846,17.692],[102.89,17.89],[102.985,17.82],[103.058,17.889],[103.172,17.8],[103.264,17.881],[103.316,17.83],[103.399,17.867],[103.4,17.986],[103.259,18.262],[103.298,18.304],[103.182,18.266],[103.151,18.229],[103.136,18.16],[103.08,18.123],[103.079,18.107],[103.081,18.05],[103.058,18],[102.834,17.952],[102.814,17.939],[102.688,17.87],[102.698,17.819],[102.682,17.803],[102.667,17.805],[102.593,17.837],[102.607,17.888],[102.613,17.91],[102.609,17.949],[102.575,17.964],[102.532,17.963],[102.418,17.991],[102.335,18.048],[102.295,18.055],[102.249,18.098],[102.198,18.135],[102.134,18.216],[102.105,18.214],[102.058,18.088]]]},"properties":{"shapeName":"Nong Khai Province","shapeGroup":"THA"}},
{"type":"Feature","geometry":{"type":"Polygon","coordinates":[[[100.914,13.946],[100.568,13.951],[100.501,13.801],[100.328,13.804],[100.333,13.721],[100.409,13.493],[100.453,13.504],[100.454,13.606],[100.521,13.605],[100.556,13.706],[100.636,13.649],[100.698,13.656],[100.716,13.718],[100.861,13.697],[100.938,13.814],[100.914,13.946]]]},"properties":{"shapeName":"Bangkok","shapeGroup":"THA"}},
{"type":"Feature","geometry":{"type":"Polygon","coordinates":[[[102.071,16.885],[101.788,16.764],[101.75,16.668],[101.774,16.629],[101.956,16.633],[102.068,16.494],[102.409,16.463],[102.458,16.403],[102.401,16.232],[102.264,16.07],[102.393,15.991],[102.335,15.806],[102.426,15.693],[102.701,15.719],[102.789,15.639],[102.877,15.644],[102.946,15.789],[102.851,16.272],[102.956,16.397],[102.936,16.444],[103.089,16.511],[103.163,16.643],[103.195,16.831],[103.164,16.864],[103.121,16.829],[103.113,16.913],[102.946,16.841],[102.836,16.87],[102.834,16.976],[102.72,17.076],[102.688,16.987],[102.614,16.772],[102.562,16.76],[102.344,16.818],[102.295,16.892],[102.071,16.885]]]},"properties":{"shapeName":"Khon Kaen Province","shapeGroup":"THA"}},
{"type":"Feature","geometry":{"type":"Polygon","coordinates":[[[102.081,17.643],[102.023,17.74],[102.058,18.088],[102.105,18.214],[102.088,18.22],[102.035,18.161],[102.025,18.15],[102.018,18.148],[101.995,18.124],[101.915,18.045],[101.91,18.034],[101.889,18.029],[101.875,18.028],[101.794,18.065],[101.768,18.054],[101.763,18.043],[101.724,17.912],[101.586,17.852],[101.575,17.87],[101.565,17.841],[101.551,17.821],[101.563,17.788],[101.491,17.724],[101.486,17.736],[101.476,17.752],[101.477,17.757],[101.397,17.729],[101.43,17.713],[101.378,17.692],[101.275,17.611],[101.264,17.603],[101.185,17.529],[101.179,17.507],[101.18,17.509],[101.161,17.467],[101.131,17.473],[101.136,17.483],[101.105,17.493],[101.061,17.527],[100.985,17.566],[100.974,17.573],[100.968,17.572],[100.883,17.455],[100.904,17.329],[100.991,17.326],[101.095,17.22],[101.03,17.007],[101.067,16.9],[101.198,17.113],[101.318,17.063],[101.462,17.095],[101.554,16.993],[101.649,17.046],[101.718,16.914],[101.687,16.799],[101.788,16.764],[102.071,16.885],[102.033,16.956],[102.154,17.022],[101.945,17.206],[102.026,17.324],[101.989,17.451],[102.144,17.511],[102.081,17.643]]]},"properties":{"shapeName":"Loei Province","shapeGroup":"THA"}},
{"type":"Feature","geometry":{"type":"Polygon","coordinates":[[[101.41,15],[101.024,14.839],[100.951,14.747],[100.747,14.808],[100.594,14.656],[100.604,14.55],[100.769,14.565],[100.823,14.246],[100.952,14.272],[101.041,14.325],[101.057,14.411],[101.184,14.353],[101.243,14.48],[101.185,14.544],[101.189,14.749],[101.279,14.729],[101.452,14.866],[101.41,15]]]},"properties":{"shapeName":"Saraburi Province","shapeGroup":"THA"}},
{"type":"Feature","geometry":{"type":"Polygon","coordinates":[[[99.133,15.783],[98.985,15.181],[99.028,15.05],[99.286,14.992],[99.324,15.076],[99.436,14.989],[99.726,14.961],[99.812,15.082],[99.722,15.291],[100.065,15.264],[100.058,15.42],[99.911,15.515],[99.858,15.636],[99.695,15.679],[99.479,15.566],[99.133,15.783]]]},"properties":{"shapeName":"Uthai Thani Province","shapeGroup":"THA"}},
{"type":"Feature","geometry":{"type":"Polygon","coordinates":[[[99.14,9.795],[99.182,10.037],[99.149,10.128],[99.247,10.235],[99.146,10.344],[99.284,10.363],[99.238,10.534],[99.366,10.67],[99.441,10.871],[99.51,10.873],[99.499,10.989],[99.271,10.956],[99.143,11.03],[99.138,11.03],[99.135,11.03],[99.131,11.03],[99.112,11.016],[99.104,11.011],[99.101,10.996],[99.099,10.981],[99.083,10.953],[99.07,10.952],[99.069,10.938],[99.057,10.947],[99.054,10.95],[99.052,10.951],[99.052,10.954],[99.05,10.955],[99.05,10.962],[99.04,10.962],[99.034,10.964],[99.031,10.969],[99.03,10.969],[99.028,10.97],[99.025,10.97],[99.021,10.967],[99.017,10.961],[99.015,10.95],[99.014,10.948],[99.01,10.941],[99.009,10.94],[99.003,10.935],[99.003,10.933],[99.003,10.929],[98.999,10.924],[98.999,10.922],[99,10.916],[99.004,10.905],[99.004,10.898],[99.003,10.898],[99.006,10.892],[99.003,10.885],[99.002,10.882],[99.003,10.88],[99.008,10.878],[99.009,10.878],[99.009,10.874],[99.012,10.872],[99.012,10.861],[99.012,10.858],[99.008,10.851],[98.993,10.843],[98.987,10.836],[98.983,10.832],[98.977,10.831],[98.976,10.831],[98.966,10.824],[98.965,10.822],[98.965,10.819],[98.964,10.817],[98.963,10.817],[98.959,10.812],[98.936,10.813],[98.936,10.816],[98.925,10.825],[98.92,10.813],[98.914,10.808],[98.914,10.807],[98.906,10.792],[98.904,10.781],[98.896,10.779],[98.904,10.684],[98.978,10.602],[98.902,10.462],[98.952,10.337],[98.84,10.068],[98.907,10.032],[98.629,9.762],[98.662,9.655],[98.75,9.601],[98.782,9.686],[99.14,9.795]]]},"properties":{"shapeName":"Chumphon Province","shapeGroup":"THA"}},
{"type":"Feature","geometry":{"type":"Polygon","coordinates":[[[104.244,16.433],[104.187,16.669],[104.073,16.832],[104.024,16.858],[103.943,16.776],[103.65,17.044],[103.609,17.093],[103.532,17.076],[103.434,16.825],[103.414,16.892],[103.281,16.949],[103.144,16.958],[103.113,16.913],[103.121,16.829],[103.164,16.864],[103.195,16.831],[103.163,16.643],[103.203,16.631],[103.184,16.367],[103.301,16.406],[103.451,16.188],[103.511,16.198],[103.724,16.219],[103.751,16.304],[103.702,16.382],[103.822,16.466],[104.04,16.441],[104.046,16.389],[104.244,16.433]]]},"properties":{"shapeName":"Kalasin","shapeGroup":"THA"}},
{"type":"Feature","geometry":{"type":"Polygon","coordinates":[[[99.904,16.688],[99.918,16.583],[100.032,16.496],[100.225,16.599],[100.249,16.533],[100.548,16.534],[100.668,16.347],[100.795,16.453],[100.854,16.643],[100.927,16.684],[100.895,16.794],[101.067,16.9],[101.03,17.007],[101.095,17.22],[100.991,17.326],[100.904,17.329],[100.883,17.455],[100.968,17.572],[100.965,17.581],[100.987,17.618],[100.995,17.679],[101,17.699],[100.987,17.748],[100.931,17.691],[100.867,17.703],[100.58,17.418],[100.448,17.425],[100.253,17.344],[100.259,17.241],[100.191,17.188],[99.983,17.166],[99.912,17.157],[100.128,16.969],[100.132,16.901],[99.949,16.862],[99.904,16.688]]]},"properties":{"shapeName":"Phitsanulok Province","shapeGroup":"THA"}},
{"type":"Feature","geometry":{"type":"MultiPolygon","coordinates":[[[[98.75,9.601],[98.662,9.655],[98.629,9.762],[98.907,10.032],[98.84,10.068],[98.952,10.337],[98.902,10.462],[98.978,10.602],[98.904,10.684],[98.896,10.779],[98.889,10.774],[98.889,10.778],[98.886,10.777],[98.885,10.784],[98.878,10.787],[98.869,10.776],[98.862,10.777],[98.783,10.681],[98.772,10.621],[98.812,10.593],[98.822,10.53],[98.809,10.467],[98.8,10.447],[98.795,10.446],[98.785,10.444],[98.776,10.427],[98.769,10.404],[98.755,10.392],[98.746,10.353],[98.743,10.321],[98.7,10.213],[98.652,10.161],[98.579,9.986],[98.592,9.932],[98.516,9.853],[98.5,9.739],[98.558,9.729],[98.485,9.686],[98.392,9.346],[98.511,9.306],[98.552,9.354],[98.669,9.352],[98.656,9.426],[98.775,9.538],[98.75,9.601]]],[[[98.422,9.737],[98.415,9.777],[98.39,9.704],[98.422,9.737]]]]},"properties":{"shapeName":"Ranong Province","shapeGroup":"THA"}},
{"type":"Feature","geometry":{"type":"Polygon","coordinates":[[[102.688,16.987],[102.72,17.076],[102.834,16.976],[102.836,16.87],[102.946,16.841],[103.113,16.913],[103.144,16.958],[103.281,16.949],[103.414,16.892],[103.434,16.825],[103.532,17.076],[103.609,17.093],[103.65,17.044],[103.588,17.165],[103.246,17.309],[103.291,17.503],[103.404,17.594],[103.365,17.78],[103.399,17.867],[103.316,17.83],[103.264,17.881],[103.172,17.8],[103.058,17.889],[102.985,17.82],[102.89,17.89],[102.846,17.692],[102.662,17.592],[102.327,17.95],[102.204,18.022],[102.153,17.992],[102.058,18.088],[102.023,17.74],[102.081,17.643],[102.333,17.678],[102.444,17.28],[102.596,17.263],[102.519,17.216],[102.52,17.1],[102.688,16.987]]]},"properties":{"shapeName":"Udon Thani Province","shapeGroup":"THA"}},
{"type":"Feature","geometry":{"type":"Polygon","coordinates":[[[103.399,17.867],[103.365,17.78],[103.404,17.594],[103.291,17.503],[103.246,17.309],[103.588,17.165],[103.65,17.044],[103.943,16.776],[104.024,16.858],[104.073,16.832],[104.134,16.894],[104.246,16.899],[104.392,17.014],[104.355,17.066],[104.443,17.237],[104.419,17.415],[104.051,17.386],[104.009,17.476],[104.08,17.678],[104.01,17.801],[103.942,17.779],[103.897,17.877],[103.791,17.841],[103.762,17.949],[103.742,17.909],[103.666,17.941],[103.539,18.063],[103.4,17.986],[103.399,17.867]]]},"properties":{"shapeName":"Sakon Nakhon Province","shapeGroup":"THA"}},
{"type":"Feature","geometry":{"type":"Polygon","coordinates":[[[100.407,19.736],[100.433,19.787],[100.443,19.806],[100.52,19.903],[100.578,20.168],[100.518,20.144],[100.456,20.199],[100.331,20.398],[100.25,20.386],[100.176,20.276],[100.172,20.246],[100.112,20.25],[100.105,20.254],[100.091,20.276],[100.086,20.345],[100.072,20.39],[100.064,20.385],[100.057,20.396],[100.054,20.388],[100.042,20.399],[100.04,20.393],[100.009,20.419],[100.004,20.413],[100.004,20.416],[99.996,20.418],[99.996,20.42],[99.991,20.422],[99.988,20.425],[99.989,20.428],[99.985,20.429],[99.989,20.431],[99.987,20.433],[99.986,20.436],[99.983,20.439],[99.98,20.442],[99.979,20.441],[99.974,20.444],[99.977,20.445],[99.978,20.446],[99.976,20.449],[99.965,20.457],[99.96,20.465],[99.955,20.464],[99.952,20.461],[99.947,20.46],[99.947,20.459],[99.946,20.459],[99.934,20.455],[99.933,20.454],[99.927,20.451],[99.926,20.45],[99.924,20.448],[99.923,20.449],[99.923,20.448],[99.921,20.446],[99.92,20.447],[99.916,20.447],[99.916,20.448],[99.897,20.449],[99.896,20.446],[99.894,20.446],[99.895,20.444],[99.894,20.444],[99.893,20.444],[99.892,20.446],[99.889,20.446],[99.868,20.443],[99.808,20.336],[99.796,20.335],[99.786,20.336],[99.779,20.335],[99.778,20.335],[99.776,20.335],[99.774,20.337],[99.765,20.342],[99.763,20.342],[99.759,20.34],[99.758,20.339],[99.755,20.34],[99.747,20.345],[99.744,20.346],[99.74,20.345],[99.73,20.35],[99.681,20.316],[99.657,20.328],[99.643,20.343],[99.629,20.336],[99.628,20.336],[99.626,20.334],[99.615,20.337],[99.613,20.332],[99.612,20.332],[99.612,20.331],[99.61,20.333],[99.605,20.336],[99.6,20.338],[99.597,20.338],[99.592,20.344],[99.577,20.345],[99.573,20.35],[99.569,20.351],[99.563,20.352],[99.562,20.352],[99.559,20.356],[99.557,20.358],[99.556,20.358],[99.539,20.356],[99.538,20.356],[99.535,20.357],[99.533,20.357],[99.531,20.359],[99.526,20.362],[99.524,20.362],[99.518,20.362],[99.516,20.364],[99.513,20.365],[99.511,20.368],[99.51,20.37],[99.504,20.377],[99.5,20.382],[99.5,20.383],[99.495,20.385],[99.492,20.383],[99.49,20.382],[99.489,20.383],[99.48,20.389],[99.475,20.392],[99.458,20.392],[99.458,20.39],[99.46,20.386],[99.46,20.38],[99.458,20.379],[99.457,20.363],[99.458,20.362],[99.468,20.359],[99.473,20.35],[99.479,20.35],[99.482,20.349],[99.483,20.349],[99.485,20.348],[99.49,20.346],[99.496,20.34],[99.497,20.338],[99.498,20.336],[99.5,20.337],[99.507,20.326],[99.51,20.313],[99.508,20.311],[99.507,20.306],[99.506,20.292],[99.523,20.233],[99.565,20.207],[99.552,20.177],[99.542,20.171],[99.539,20.163],[99.539,20.162],[99.537,20.155],[99.539,20.148],[99.513,20.148],[99.567,20.122],[99.5,20.071],[99.591,20.012],[99.567,19.917],[99.503,19.973],[99.419,19.958],[99.419,19.813],[99.26,19.633],[99.325,19.541],[99.305,19.176],[99.401,19],[99.539,19.084],[99.616,19.505],[99.687,19.43],[99.902,19.485],[99.926,19.385],[100.076,19.426],[100.183,19.613],[100.407,19.736]]]},"properties":{"shapeName":"Chiang Rai Province","shapeGroup":"THA"}},
{"type":"Feature","geometry":{"type":"Polygon","coordinates":[[[99.089,15.887],[99.118,16.072],[99.051,16.136],[99.083,16.212],[98.984,16.489],[99.103,16.472],[99.245,16.546],[99.346,16.888],[99.267,16.959],[99.316,17.269],[99.266,17.398],[99.173,17.336],[99.068,17.37],[99.006,17.421],[99.022,17.47],[98.938,17.469],[98.912,17.532],[98.691,17.424],[98.685,17.665],[98.749,17.693],[98.704,17.752],[98.535,17.515],[98.568,17.292],[98.422,17.248],[98.334,17.307],[98.324,17.526],[98.259,17.577],[98.302,17.696],[97.912,17.567],[97.911,17.565],[97.912,17.562],[97.912,17.561],[97.918,17.558],[97.92,17.557],[97.92,17.556],[97.921,17.554],[97.922,17.551],[97.925,17.539],[97.932,17.539],[97.933,17.538],[97.934,17.536],[97.936,17.533],[97.938,17.532],[97.949,17.532],[97.961,17.528],[97.962,17.527],[97.964,17.527],[97.965,17.524],[97.967,17.52],[97.966,17.517],[97.967,17.515],[97.969,17.513],[97.969,17.512],[97.971,17.509],[97.981,17.51],[97.985,17.512],[97.987,17.512],[97.989,17.512],[97.993,17.509],[98.005,17.491],[98.034,17.456],[98.039,17.451],[98.042,17.451],[98.046,17.446],[98.057,17.441],[98.057,17.439],[98.057,17.438],[98.057,17.437],[98.056,17.437],[98.055,17.436],[98.052,17.434],[98.051,17.434],[98.047,17.432],[98.046,17.43],[98.062,17.418],[98.08,17.391],[98.08,17.39],[98.083,17.39],[98.089,17.396],[98.11,17.385],[98.11,17.376],[98.119,17.375],[98.12,17.371],[98.117,17.369],[98.113,17.366],[98.113,17.365],[98.107,17.354],[98.105,17.352],[98.106,17.335],[98.107,17.334],[98.111,17.322],[98.113,17.321],[98.118,17.322],[98.121,17.323],[98.122,17.323],[98.124,17.321],[98.126,17.32],[98.166,17.265],[98.196,17.255],[98.197,17.254],[98.198,17.254],[98.206,17.25],[98.209,17.242],[98.209,17.237],[98.213,17.23],[98.215,17.228],[98.222,17.225],[98.225,17.222],[98.226,17.222],[98.23,17.222],[98.239,17.23],[98.24,17.23],[98.24,17.231],[98.241,17.23],[98.243,17.229],[98.244,17.228],[98.244,17.227],[98.245,17.225],[98.244,17.224],[98.244,17.221],[98.234,17.217],[98.229,17.211],[98.228,17.205],[98.23,17.205],[98.24,17.212],[98.244,17.212],[98.245,17.211],[98.248,17.21],[98.244,17.199],[98.252,17.198],[98.25,17.186],[98.25,17.185],[98.259,17.188],[98.262,17.188],[98.263,17.187],[98.263,17.188],[98.265,17.184],[98.26,17.178],[98.266,17.177],[98.27,17.177],[98.273,17.176],[98.278,17.175],[98.279,17.173],[98.281,17.173],[98.28,17.168],[98.27,17.164],[98.268,17.161],[98.268,17.159],[98.269,17.158],[98.271,17.154],[98.285,17.156],[98.287,17.156],[98.29,17.155],[98.291,17.155],[98.292,17.153],[98.296,17.151],[98.299,17.147],[98.297,17.141],[98.291,17.145],[98.29,17.145],[98.285,17.144],[98.286,17.132],[98.281,17.118],[98.296,17.128],[98.299,17.128],[98.302,17.11],[98.314,17.115],[98.322,17.113],[98.322,17.112],[98.323,17.111],[98.316,17.095],[98.314,17.095],[98.313,17.098],[98.309,17.101],[98.308,17.1],[98.306,17.094],[98.301,17.093],[98.301,17.092],[98.326,17.064],[98.39,17.063],[98.395,17.051],[98.406,17.058],[98.437,17.038],[98.439,17.036],[98.438,17.032],[98.438,17.031],[98.437,17.027],[98.431,17.024],[98.431,17.023],[98.44,17.023],[98.454,17.025],[98.456,17.023],[98.455,17.012],[98.456,17.011],[98.449,17],[98.449,16.997],[98.454,16.995],[98.458,16.992],[98.466,16.993],[98.47,16.997],[98.474,16.996],[98.481,16.981],[98.48,16.979],[98.48,16.977],[98.478,16.976],[98.469,16.973],[98.469,16.971],[98.488,16.971],[98.508,16.948],[98.509,16.947],[98.508,16.945],[98.506,16.944],[98.505,16.944],[98.503,16.947],[98.501,16.949],[98.499,16.949],[98.484,16.939],[98.484,16.936],[98.485,16.936],[98.489,16.936],[98.491,16.934],[98.491,16.932],[98.492,16.93],[98.49,16.926],[98.49,16.923],[98.491,16.923],[98.494,16.923],[98.5,16.929],[98.501,16.929],[98.502,16.929],[98.503,16.928],[98.506,16.926],[98.506,16.925],[98.502,16.917],[98.505,16.912],[98.506,16.911],[98.507,16.911],[98.509,16.911],[98.509,16.912],[98.509,16.916],[98.522,16.918],[98.522,16.916],[98.523,16.914],[98.521,16.909],[98.513,16.902],[98.526,16.9],[98.532,16.9],[98.533,16.9],[98.536,16.9],[98.54,16.861],[98.51,16.88],[98.517,16.858],[98.499,16.861],[98.496,16.841],[98.549,16.814],[98.485,16.787],[98.464,16.73],[98.477,16.72],[98.47,16.715],[98.471,16.713],[98.474,16.714],[98.485,16.717],[98.49,16.713],[98.491,16.709],[98.495,16.716],[98.498,16.717],[98.502,16.715],[98.502,16.713],[98.503,16.712],[98.503,16.711],[98.501,16.71],[98.498,16.704],[98.5,16.696],[98.497,16.691],[98.5,16.691],[98.501,16.696],[98.51,16.701],[98.512,16.701],[98.512,16.7],[98.518,16.699],[98.519,16.698],[98.514,16.697],[98.516,16.695],[98.516,16.691],[98.516,16.69],[98.518,16.686],[98.519,16.677],[98.517,16.655],[98.512,16.648],[98.512,16.646],[98.512,16.645],[98.518,16.65],[98.521,16.651],[98.524,16.65],[98.524,16.647],[98.526,16.642],[98.532,16.639],[98.535,16.636],[98.54,16.636],[98.544,16.639],[98.547,16.638],[98.548,16.637],[98.554,16.634],[98.559,16.636],[98.56,16.635],[98.563,16.63],[98.57,16.633],[98.571,16.633],[98.571,16.632],[98.652,16.471],[98.658,16.455],[98.658,16.454],[98.658,16.452],[98.639,16.43],[98.639,16.423],[98.64,16.419],[98.641,16.415],[98.639,16.412],[98.642,16.41],[98.644,16.403],[98.647,16.403],[98.65,16.401],[98.653,16.401],[98.655,16.402],[98.656,16.4],[98.656,16.399],[98.654,16.371],[98.655,16.371],[98.661,16.369],[98.664,16.366],[98.664,16.365],[98.663,16.363],[98.662,16.359],[98.654,16.352],[98.656,16.35],[98.658,16.351],[98.664,16.349],[98.666,16.347],[98.666,16.345],[98.668,16.338],[98.667,16.332],[98.669,16.326],[98.669,16.325],[98.669,16.321],[98.665,16.32],[98.665,16.318],[98.672,16.317],[98.667,16.29],[98.669,16.288],[98.669,16.284],[98.671,16.285],[98.673,16.285],[98.673,16.284],[98.676,16.28],[98.677,16.278],[98.675,16.278],[98.674,16.277],[98.673,16.275],[98.675,16.273],[98.677,16.271],[98.678,16.273],[98.681,16.277],[98.679,16.278],[98.681,16.281],[98.682,16.28],[98.683,16.281],[98.685,16.279],[98.686,16.279],[98.687,16.277],[98.689,16.277],[98.69,16.276],[98.693,16.276],[98.692,16.273],[98.694,16.271],[98.699,16.271],[98.7,16.269],[98.702,16.271],[98.703,16.271],[98.704,16.272],[98.704,16.279],[98.706,16.281],[98.705,16.283],[98.707,16.295],[98.707,16.294],[98.707,16.295],[98.715,16.297],[98.718,16.296],[98.719,16.295],[98.72,16.298],[98.719,16.306],[98.72,16.307],[98.719,16.308],[98.718,16.308],[98.719,16.314],[98.72,16.314],[98.721,16.315],[98.725,16.314],[98.725,16.315],[98.726,16.315],[98.727,16.315],[98.727,16.321],[98.725,16.322],[98.727,16.329],[98.728,16.33],[98.728,16.331],[98.735,16.338],[98.736,16.338],[98.74,16.337],[98.743,16.339],[98.744,16.343],[98.744,16.345],[98.745,16.347],[98.747,16.347],[98.748,16.348],[98.754,16.344],[98.76,16.345],[98.761,16.344],[98.765,16.343],[98.768,16.346],[98.77,16.348],[98.771,16.348],[98.772,16.348],[98.773,16.348],[98.775,16.345],[98.777,16.345],[98.775,16.346],[98.776,16.349],[98.778,16.351],[98.778,16.352],[98.781,16.355],[98.783,16.356],[98.781,16.365],[98.787,16.37],[98.792,16.37],[98.798,16.377],[98.801,16.377],[98.804,16.379],[98.804,16.381],[98.809,16.384],[98.815,16.385],[98.817,16.388],[98.817,16.389],[98.815,16.39],[98.813,16.394],[98.83,16.422],[98.831,16.422],[98.836,16.423],[98.843,16.423],[98.846,16.419],[98.847,16.419],[98.85,16.419],[98.857,16.422],[98.858,16.423],[98.872,16.421],[98.872,16.422],[98.881,16.423],[98.89,16.413],[98.891,16.409],[98.894,16.407],[98.897,16.407],[98.9,16.404],[98.9,16.402],[98.904,16.398],[98.909,16.395],[98.916,16.393],[98.92,16.396],[98.922,16.391],[98.919,16.387],[98.918,16.387],[98.919,16.384],[98.917,16.376],[98.92,16.37],[98.919,16.366],[98.92,16.363],[98.918,16.36],[98.915,16.356],[98.914,16.354],[98.913,16.35],[98.91,16.349],[98.909,16.347],[98.925,16.345],[98.932,16.329],[98.924,16.307],[98.916,16.306],[98.917,16.305],[98.908,16.273],[98.911,16.255],[98.854,16.219],[98.863,16.17],[98.854,16.161],[98.854,16.14],[98.85,16.133],[98.849,16.128],[98.844,16.129],[98.836,16.127],[98.832,16.125],[98.829,16.116],[98.804,16.104],[98.78,16.125],[98.74,16.12],[98.708,16.135],[98.681,16.127],[98.678,16.127],[98.68,16.119],[98.684,16.115],[98.683,16.111],[98.672,16.113],[98.666,16.111],[98.667,16.11],[98.673,16.103],[98.675,16.099],[98.675,16.094],[98.673,16.093],[98.672,16.09],[98.662,16.085],[98.66,16.083],[98.662,16.08],[98.662,16.078],[98.663,16.077],[98.661,16.073],[98.64,16.061],[98.633,16.063],[98.629,16.063],[98.628,16.061],[98.632,16.049],[98.631,16.045],[98.628,16.044],[98.623,16.042],[98.615,16.04],[98.614,16.04],[98.608,16.042],[98.606,16.051],[98.603,16.053],[98.581,16.062],[98.569,16.057],[98.566,16.052],[98.564,16.046],[98.563,16.042],[98.566,16.03],[98.567,16.029],[98.575,16.025],[98.577,16.023],[98.577,16.021],[98.585,16.015],[98.586,16.014],[98.591,16.013],[98.597,16.008],[98.606,15.986],[98.609,15.978],[98.61,15.97],[98.608,15.966],[98.595,15.955],[98.595,15.943],[98.587,15.927],[98.585,15.914],[98.585,15.912],[98.586,15.91],[98.589,15.906],[98.589,15.897],[98.589,15.893],[98.591,15.89],[98.594,15.886],[98.597,15.885],[98.596,15.876],[98.6,15.874],[98.6,15.872],[98.605,15.876],[98.611,15.877],[98.61,15.875],[98.61,15.874],[98.567,15.767],[98.554,15.713],[98.548,15.685],[98.558,15.655],[98.568,15.655],[98.584,15.663],[98.664,15.621],[98.985,15.181],[99.133,15.783],[99.089,15.887]]]},"properties":{"shapeName":"Tak Province","shapeGroup":"THA"}},
{"type":"Feature","geometry":{"type":"Polygon","coordinates":[[[100.328,13.804],[100.266,13.921],[100.28,14.126],[100.221,14.177],[99.98,14.145],[99.811,14.062],[99.88,13.944],[99.951,13.911],[99.959,13.725],[100.029,13.754],[100.07,13.652],[100.333,13.721],[100.328,13.804]]]},"properties":{"shapeName":"Nakhon Pathom Province","shapeGroup":"THA"}},
{"type":"Feature","geometry":{"type":"Polygon","coordinates":[[[98.912,17.532],[98.895,17.637],[99.05,17.614],[99.107,17.809],[99.182,17.851],[99.091,17.953],[99.014,18.25],[99.105,18.269],[99.315,18.53],[99.143,18.704],[99.013,18.67],[98.934,18.542],[98.705,18.437],[98.668,18.306],[98.794,18.237],[98.8,18.009],[98.911,17.82],[98.881,17.726],[98.704,17.752],[98.749,17.693],[98.685,17.665],[98.691,17.424],[98.912,17.532]]]},"properties":{"shapeName":"Lamphun Province","shapeGroup":"THA"}},
{"type":"Feature","geometry":{"type":"MultiPolygon","coordinates":[[[[102.376,11.999],[102.436,11.952],[102.353,12.113],[102.251,12.157],[102.294,11.982],[102.368,11.962],[102.376,11.999]]],[[[102.532,11.682],[102.527,11.604],[102.593,11.562],[102.609,11.689],[102.554,11.762],[102.532,11.682]]],[[[102.258,12.297],[102.291,12.189],[102.46,12.164],[102.584,12.043],[102.56,12.183],[102.64,12.181],[102.767,12.021],[102.909,11.65],[102.914,11.655],[102.797,11.962],[102.789,11.977],[102.785,11.977],[102.777,12.004],[102.776,12.014],[102.774,12.034],[102.704,12.173],[102.762,12.394],[102.78,12.4],[102.787,12.415],[102.781,12.435],[102.779,12.437],[102.769,12.442],[102.55,12.656],[102.54,12.652],[102.532,12.654],[102.531,12.654],[102.518,12.664],[102.514,12.669],[102.511,12.67],[102.509,12.687],[102.507,12.697],[102.497,12.704],[102.502,12.719],[102.506,12.751],[102.393,12.671],[102.415,12.564],[102.363,12.593],[102.327,12.554],[102.372,12.387],[102.258,12.297]]]]},"properties":{"shapeName":"Trat Province","shapeGroup":"THA"}},
{"type":"Feature","geometry":{"type":"Polygon","coordinates":[[[99.859,13.328],[99.912,13.506],[100.038,13.504],[100.07,13.652],[100.029,13.754],[99.959,13.725],[99.951,13.911],[99.88,13.944],[99.806,13.815],[99.649,13.816],[99.54,13.754],[99.471,13.801],[99.351,13.75],[99.254,13.769],[99.201,13.728],[99.184,13.728],[99.168,13.726],[99.169,13.71],[99.171,13.706],[99.169,13.693],[99.172,13.688],[99.166,13.681],[99.168,13.677],[99.168,13.673],[99.168,13.672],[99.171,13.671],[99.171,13.67],[99.172,13.667],[99.172,13.661],[99.167,13.654],[99.167,13.653],[99.171,13.647],[99.172,13.646],[99.173,13.628],[99.167,13.619],[99.168,13.615],[99.166,13.613],[99.176,13.595],[99.176,13.593],[99.178,13.585],[99.179,13.583],[99.166,13.573],[99.193,13.546],[99.208,13.468],[99.207,13.465],[99.207,13.46],[99.206,13.458],[99.207,13.458],[99.206,13.457],[99.204,13.455],[99.198,13.451],[99.198,13.45],[99.199,13.446],[99.205,13.436],[99.204,13.434],[99.204,13.433],[99.201,13.426],[99.203,13.425],[99.207,13.423],[99.207,13.422],[99.209,13.42],[99.208,13.417],[99.21,13.415],[99.202,13.372],[99.206,13.366],[99.206,13.365],[99.208,13.362],[99.207,13.341],[99.207,13.34],[99.207,13.339],[99.206,13.337],[99.203,13.336],[99.199,13.327],[99.197,13.325],[99.191,13.32],[99.191,13.318],[99.193,13.315],[99.193,13.309],[99.195,13.303],[99.188,13.291],[99.189,13.289],[99.193,13.284],[99.194,13.282],[99.197,13.279],[99.2,13.275],[99.204,13.271],[99.206,13.269],[99.212,13.262],[99.211,13.26],[99.208,13.26],[99.203,13.262],[99.201,13.259],[99.197,13.257],[99.197,13.256],[99.197,13.255],[99.205,13.241],[99.205,13.238],[99.206,13.236],[99.207,13.234],[99.207,13.233],[99.209,13.231],[99.211,13.208],[99.21,13.207],[99.209,13.201],[99.208,13.2],[99.214,13.195],[99.249,13.184],[99.27,13.142],[99.347,13.23],[99.456,13.179],[99.636,13.199],[99.703,13.312],[99.859,13.328]]]},"properties":{"shapeName":"Ratchaburi Province","shapeGroup":"THA"}},
{"type":"Feature","geometry":{"type":"Polygon","coordinates":[[[104.129,15.564],[104.247,15.371],[104.418,15.285],[104.399,15.523],[104.52,15.559],[104.424,15.714],[104.464,15.911],[104.574,16.093],[104.813,16.19],[104.682,16.242],[104.637,16.211],[104.502,16.341],[104.356,16.323],[104.104,16.091],[104.109,15.982],[104.015,15.972],[104,15.796],[104.074,15.839],[104.134,15.8],[104.118,15.702],[104.213,15.616],[104.129,15.564]]]},"properties":{"shapeName":"Yasothon Province","shapeGroup":"THA"}},
{"type":"Feature","geometry":{"type":"Polygon","coordinates":[[[100.113,18.808],[100.119,18.571],[100.062,18.553],[100.005,18.405],[99.722,18.066],[99.598,18.033],[99.31,17.763],[99.363,17.677],[99.473,17.729],[99.592,17.817],[99.726,17.721],[99.896,17.804],[99.959,17.782],[100.277,17.961],[100.344,17.893],[100.413,18.019],[100.392,18.117],[100.46,18.161],[100.542,18.455],[100.409,18.494],[100.407,18.63],[100.354,18.683],[100.393,18.741],[100.34,18.807],[100.113,18.808]]]},"properties":{"shapeName":"Phrae Province","shapeGroup":"THA"}},
{"type":"Feature","geometry":{"type":"Polygon","coordinates":[[[100.998,5.78],[101.005,5.775],[101.068,5.728],[101.08,5.716],[101.133,5.619],[101.142,5.614],[101.145,5.623],[101.153,5.623],[101.167,5.642],[101.219,5.688],[101.236,5.69],[101.251,5.699],[101.26,5.712],[101.254,5.746],[101.251,5.756],[101.255,5.772],[101.391,5.876],[101.479,5.873],[101.488,5.873],[101.487,5.883],[101.497,5.884],[101.499,5.888],[101.502,5.89],[101.494,5.904],[101.501,5.947],[101.483,5.983],[101.487,6.052],[101.38,6.206],[101.44,6.422],[101.543,6.444],[101.602,6.555],[101.511,6.598],[101.33,6.55],[101.296,6.679],[101.211,6.594],[101.101,6.638],[101.03,6.477],[100.93,6.429],[100.923,6.316],[100.842,6.302],[100.838,6.3],[100.835,6.297],[100.839,6.277],[100.845,6.263],[100.846,6.257],[100.847,6.247],[100.858,6.233],[100.866,6.246],[100.869,6.26],[100.871,6.264],[100.876,6.258],[100.881,6.255],[100.886,6.25],[100.892,6.249],[100.899,6.235],[100.904,6.234],[100.907,6.24],[100.911,6.242],[100.917,6.248],[100.922,6.245],[100.945,6.243],[100.945,6.249],[100.946,6.257],[100.947,6.264],[100.956,6.269],[100.968,6.275],[100.968,6.279],[100.984,6.279],[100.993,6.266],[100.994,6.263],[101.003,6.26],[101.015,6.247],[101.021,6.25],[101.028,6.245],[101.04,6.25],[101.044,6.25],[101.06,6.254],[101.072,6.258],[101.075,6.255],[101.101,6.257],[101.108,6.252],[101.109,6.246],[101.105,6.238],[101.113,6.227],[101.116,6.221],[101.115,6.217],[101.115,6.204],[101.127,6.193],[101.117,6.184],[101.101,6.178],[101.093,6.176],[101.085,6.174],[101.076,6.16],[101.061,6.151],[101.062,6.14],[101.065,6.14],[101.075,6.135],[101.095,6.129],[101.106,6.113],[101.114,6.113],[101.124,6.11],[101.127,6.107],[101.127,6.095],[101.111,6.077],[101.105,6.063],[101.105,6.061],[101.103,6.048],[101.106,6.048],[101.114,6.039],[101.113,6.032],[101.111,6.02],[101.111,6.01],[101.113,6.009],[101.106,6],[101.114,5.987],[101.124,5.977],[101.119,5.974],[101.113,5.96],[101.109,5.959],[101.095,5.95],[101.097,5.937],[101.092,5.926],[101.088,5.923],[101.071,5.917],[101.06,5.916],[101.055,5.912],[101.028,5.915],[101.027,5.91],[101.022,5.891],[101.014,5.882],[101.014,5.877],[101.009,5.874],[101.01,5.869],[101.012,5.837],[101.007,5.832],[101.002,5.825],[100.992,5.812],[100.989,5.796],[100.998,5.78]]]},"properties":{"shapeName":"Yala Province","shapeGroup":"THA"}},
{"type":"Feature","geometry":{"type":"Polygon","coordinates":[[[99.983,17.166],[100.191,17.188],[100.259,17.241],[100.253,17.344],[100.448,17.425],[100.58,17.418],[100.867,17.703],[100.931,17.691],[100.987,17.748],[100.982,17.768],[101.019,17.891],[101.184,18.065],[101.193,18.213],[101.144,18.259],[101.182,18.341],[101.139,18.357],[101.134,18.358],[101.127,18.367],[101.094,18.381],[101.086,18.38],[100.773,18.027],[100.413,18.019],[100.344,17.893],[100.277,17.961],[99.959,17.782],[99.896,17.804],[99.98,17.665],[99.928,17.571],[100.037,17.436],[99.983,17.166]]]},"properties":{"shapeName":"Uttaradit Province","shapeGroup":"THA"}},
{"type":"Feature","geometry":{"type":"Polygon","coordinates":[[[103.111,15.481],[102.974,15.661],[103.008,15.701],[102.946,15.789],[102.877,15.644],[102.789,15.639],[102.827,15.511],[103.02,15.439],[102.954,15.402],[103.001,15.357],[102.983,15.189],[102.853,15.154],[102.707,14.952],[102.521,14.966],[102.568,14.814],[102.437,14.858],[102.511,14.648],[102.498,14.501],[102.621,14.279],[102.594,14.149],[102.722,14.132],[102.824,14.167],[102.878,14.152],[102.891,14.164],[102.912,14.164],[102.936,14.168],[102.93,14.177],[102.941,14.186],[102.945,14.199],[102.99,14.213],[103.01,14.224],[103.022,14.229],[103.033,14.239],[103.032,14.25],[103.237,14.336],[103.243,14.337],[103.23,14.592],[103.308,14.814],[103.426,14.929],[103.419,15.201],[103.504,15.311],[103.349,15.347],[103.248,15.307],[103.09,15.419],[103.111,15.481]]]},"properties":{"shapeName":"Buri Ram Province","shapeGroup":"THA"}},
{"type":"Feature","geometry":{"type":"Polygon","coordinates":[[[99.994,16.338],[100.032,16.496],[99.918,16.583],[99.904,16.688],[99.855,16.737],[99.687,16.734],[99.506,16.886],[99.346,16.888],[99.245,16.546],[99.103,16.472],[98.984,16.489],[99.083,16.212],[99.051,16.136],[99.118,16.072],[99.089,15.887],[99.209,15.948],[99.29,15.892],[99.537,15.925],[99.672,15.782],[99.894,16.077],[99.994,16.338]]]},"properties":{"shapeName":"Kamphaeng Phet Province","shapeGroup":"THA"}},
{"type":"Feature","geometry":{"type":"Polygon","coordinates":[[[99.687,19.43],[99.616,19.505],[99.539,19.084],[99.401,19],[99.315,18.53],[99.105,18.269],[99.014,18.25],[99.091,17.953],[99.182,17.851],[99.107,17.809],[99.05,17.614],[98.895,17.637],[98.912,17.532],[98.938,17.469],[99.022,17.47],[99.006,17.421],[99.068,17.37],[99.173,17.336],[99.266,17.398],[99.316,17.269],[99.389,17.202],[99.457,17.254],[99.477,17.358],[99.409,17.464],[99.473,17.729],[99.363,17.677],[99.31,17.763],[99.598,18.033],[99.722,18.066],[100.005,18.405],[100.062,18.553],[100.119,18.571],[100.113,18.808],[99.774,19.064],[99.687,19.43]]]},"properties":{"shapeName":"Lampang Province","shapeGroup":"THA"}},
{"type":"Feature","geometry":{"type":"Polygon","coordinates":[[[100.568,13.951],[100.361,13.994],[100.345,14.117],[100.28,14.126],[100.266,13.921],[100.328,13.804],[100.501,13.801],[100.568,13.951]]]},"properties":{"shapeName":"Nonthaburi Province","shapeGroup":"THA"}},
{"type":"Feature","geometry":{"type":"Polygon","coordinates":[[[103.4,17.986],[103.539,18.063],[103.666,17.941],[103.742,17.909],[103.762,17.949],[103.791,17.841],[103.897,17.877],[103.942,17.779],[104.01,17.801],[104,17.919],[104.11,17.862],[104.119,17.996],[104.188,18.025],[104.169,18.046],[104.155,18.06],[104.105,18.115],[103.989,18.321],[103.953,18.339],[103.911,18.318],[103.858,18.284],[103.818,18.338],[103.674,18.362],[103.544,18.42],[103.414,18.448],[103.379,18.441],[103.313,18.434],[103.296,18.424],[103.28,18.4],[103.247,18.371],[103.258,18.335],[103.298,18.304],[103.259,18.262],[103.4,17.986]]]},"properties":{"shapeName":"Bueng Kan Province","shapeGroup":"THA"}},
{"type":"Feature","geometry":{"type":"Polygon","coordinates":[[[102.091,6.244],[101.727,6.575],[101.633,6.636],[101.578,6.607],[101.602,6.555],[101.543,6.444],[101.44,6.422],[101.38,6.206],[101.487,6.052],[101.483,5.983],[101.501,5.947],[101.494,5.904],[101.502,5.89],[101.508,5.894],[101.615,5.911],[101.691,5.755],[101.754,5.797],[101.824,5.733],[101.933,5.905],[101.931,5.907],[101.921,5.915],[101.921,5.918],[101.924,5.92],[101.926,5.925],[101.929,5.944],[101.935,5.949],[101.937,5.948],[101.944,5.958],[101.943,5.966],[101.947,5.977],[101.944,5.977],[101.946,5.987],[102.068,6.11],[102.072,6.115],[102.077,6.128],[102.08,6.13],[102.083,6.137],[102.087,6.139],[102.087,6.141],[102.093,6.148],[102.084,6.162],[102.083,6.168],[102.079,6.171],[102.081,6.181],[102.078,6.198],[102.091,6.244]]]},"properties":{"shapeName":"Narathiwat Province","shapeGroup":"THA"}},
{"type":"Feature","geometry":{"type":"Polygon","coordinates":[[[104.907,14.399],[104.916,14.399],[104.933,14.393],[104.955,14.381],[105.05,14.215],[105.128,14.225],[105.176,14.321],[105.168,14.335],[105.181,14.342],[105.198,14.348],[105.21,14.343],[105.217,14.335],[105.251,14.362],[105.276,14.354],[105.284,14.366],[105.305,14.375],[105.372,14.399],[105.4,14.41],[105.407,14.425],[105.413,14.429],[105.535,14.558],[105.511,14.799],[105.58,14.879],[105.553,14.942],[105.557,14.956],[105.624,14.976],[105.471,15.121],[105.472,15.136],[105.522,15.231],[105.531,15.242],[105.591,15.271],[105.578,15.32],[105.566,15.324],[105.553,15.321],[105.496,15.321],[105.468,15.353],[105.494,15.386],[105.579,15.408],[105.598,15.448],[105.635,15.663],[105.551,15.75],[105.435,15.754],[105.371,15.865],[105.352,15.906],[105.35,15.943],[105.362,15.953],[105.425,15.991],[105.423,16.001],[105.418,16.012],[105.364,16.021],[105.106,16.088],[105.086,16.089],[105.085,16.088],[105.086,16.086],[105.085,16.086],[105.084,16.086],[105.083,16.086],[105.064,16.096],[105.06,16.098],[105.005,16.02],[104.958,15.791],[104.903,15.758],[104.928,15.607],[104.884,15.557],[104.636,15.688],[104.586,15.567],[104.52,15.559],[104.399,15.523],[104.418,15.285],[104.668,15.257],[104.737,15.168],[104.688,15.137],[104.693,14.975],[104.814,14.892],[104.917,14.649],[104.86,14.65],[104.831,14.552],[104.874,14.493],[104.855,14.441],[104.895,14.44],[104.916,14.411],[104.909,14.406],[104.907,14.4],[104.907,14.399]]]},"properties":{"shapeName":"Ubon Ratchathani Province","shapeGroup":"THA"}},
{"type":"Feature","geometry":{"type":"Polygon","coordinates":[[[99.44,12.581],[99.435,12.582],[99.433,12.583],[99.431,12.58],[99.428,12.578],[99.434,12.566],[99.435,12.565],[99.43,12.555],[99.422,12.551],[99.419,12.526],[99.427,12.493],[99.425,12.489],[99.418,12.488],[99.406,12.479],[99.403,12.462],[99.401,12.46],[99.408,12.456],[99.414,12.45],[99.425,12.448],[99.426,12.448],[99.428,12.424],[99.436,12.413],[99.443,12.411],[99.446,12.407],[99.445,12.406],[99.447,12.404],[99.444,12.382],[99.433,12.365],[99.445,12.355],[99.445,12.352],[99.444,12.352],[99.443,12.351],[99.437,12.346],[99.436,12.34],[99.486,12.272],[99.5,12.192],[99.479,12.162],[99.483,12.158],[99.48,12.145],[99.474,12.141],[99.474,12.131],[99.476,12.131],[99.479,12.134],[99.482,12.132],[99.484,12.132],[99.499,12.14],[99.501,12.144],[99.515,12.148],[99.52,12.147],[99.523,12.147],[99.526,12.145],[99.532,12.148],[99.534,12.148],[99.538,12.158],[99.564,12.151],[99.564,12.146],[99.565,12.145],[99.571,12.145],[99.57,12.137],[99.562,12.131],[99.56,12.119],[99.559,12.118],[99.556,12.113],[99.557,12.094],[99.533,12.052],[99.543,12.033],[99.537,12.016],[99.572,12.01],[99.579,12.006],[99.582,12.001],[99.589,11.997],[99.592,11.993],[99.592,11.992],[99.594,11.989],[99.593,11.95],[99.582,11.944],[99.58,11.942],[99.582,11.94],[99.582,11.938],[99.583,11.937],[99.584,11.933],[99.586,11.929],[99.586,11.925],[99.587,11.916],[99.586,11.913],[99.585,11.913],[99.58,11.903],[99.581,11.898],[99.584,11.89],[99.589,11.885],[99.588,11.872],[99.6,11.879],[99.61,11.869],[99.622,11.833],[99.658,11.829],[99.665,11.823],[99.665,11.822],[99.639,11.733],[99.637,11.729],[99.636,11.727],[99.632,11.721],[99.623,11.72],[99.62,11.722],[99.619,11.722],[99.616,11.711],[99.602,11.707],[99.599,11.696],[99.598,11.696],[99.598,11.695],[99.593,11.692],[99.591,11.69],[99.587,11.681],[99.583,11.677],[99.585,11.673],[99.585,11.672],[99.586,11.67],[99.587,11.66],[99.565,11.626],[99.468,11.613],[99.464,11.59],[99.459,11.582],[99.461,11.579],[99.465,11.576],[99.466,11.574],[99.468,11.57],[99.469,11.566],[99.468,11.564],[99.468,11.563],[99.464,11.558],[99.464,11.555],[99.464,11.55],[99.469,11.549],[99.475,11.537],[99.474,11.532],[99.467,11.526],[99.459,11.513],[99.453,11.509],[99.451,11.504],[99.448,11.503],[99.45,11.5],[99.449,11.499],[99.448,11.493],[99.442,11.488],[99.444,11.48],[99.433,11.482],[99.432,11.481],[99.431,11.478],[99.398,11.464],[99.403,11.389],[99.364,11.368],[99.36,11.364],[99.361,11.363],[99.358,11.359],[99.344,11.348],[99.342,11.333],[99.334,11.334],[99.333,11.335],[99.33,11.336],[99.328,11.335],[99.326,11.33],[99.326,11.328],[99.325,11.326],[99.318,11.319],[99.312,11.316],[99.324,11.298],[99.326,11.287],[99.325,11.282],[99.229,11.114],[99.228,11.112],[99.223,11.107],[99.219,11.106],[99.217,11.105],[99.217,11.102],[99.212,11.099],[99.204,11.099],[99.201,11.091],[99.2,11.091],[99.199,11.089],[99.191,11.084],[99.182,11.084],[99.179,11.081],[99.178,11.078],[99.178,11.076],[99.178,11.074],[99.18,11.073],[99.178,11.07],[99.178,11.068],[99.18,11.061],[99.18,11.06],[99.173,11.058],[99.173,11.057],[99.171,11.05],[99.172,11.047],[99.171,11.044],[99.167,11.042],[99.165,11.04],[99.164,11.039],[99.158,11.034],[99.156,11.034],[99.155,11.032],[99.151,11.033],[99.148,11.031],[99.147,11.03],[99.143,11.03],[99.271,10.956],[99.499,10.989],[99.489,11.143],[99.585,11.2],[99.554,11.315],[99.639,11.518],[99.811,11.738],[99.842,11.961],[100.02,12.189],[99.956,12.634],[99.618,12.542],[99.44,12.581]]]},"properties":{"shapeName":"Prachuap Khiri Khan Province","shapeGroup":"THA"}},
{"type":"Feature","geometry":{"type":"Polygon","coordinates":[[[100.843,6.308],[100.842,6.302],[100.923,6.316],[100.93,6.429],[101.03,6.477],[101.101,6.638],[101.036,6.739],[101.056,6.854],[100.774,6.978],[100.536,7.271],[100.336,7.931],[100.149,7.871],[100.129,7.802],[100.204,7.771],[100.26,7.496],[100.391,7.503],[100.428,7.284],[100.377,7.308],[100.283,7.205],[100.031,7.092],[100.046,7.063],[100.122,6.929],[100.217,6.88],[100.205,6.726],[100.287,6.708],[100.291,6.699],[100.366,6.54],[100.372,6.537],[100.403,6.53],[100.542,6.491],[100.558,6.493],[100.589,6.479],[100.598,6.475],[100.602,6.468],[100.605,6.472],[100.609,6.469],[100.614,6.466],[100.618,6.46],[100.626,6.458],[100.646,6.453],[100.643,6.45],[100.647,6.446],[100.686,6.465],[100.699,6.471],[100.703,6.47],[100.712,6.482],[100.729,6.495],[100.729,6.501],[100.732,6.502],[100.734,6.51],[100.759,6.457],[100.782,6.456],[100.787,6.454],[100.804,6.446],[100.811,6.445],[100.813,6.436],[100.814,6.431],[100.816,6.423],[100.824,6.404],[100.821,6.399],[100.824,6.384],[100.821,6.368],[100.823,6.363],[100.828,6.352],[100.841,6.327],[100.843,6.308]]]},"properties":{"shapeName":"Songkhla Province","shapeGroup":"THA"}},
{"type":"Feature","geometry":{"type":"Polygon","coordinates":[[[98.437,8.093],[98.386,8.085],[98.285,8.2],[98.258,7.936],[98.303,7.758],[98.366,7.839],[98.413,7.801],[98.393,7.979],[98.437,8.093]]]},"properties":{"shapeName":"Phuket Province","shapeGroup":"THA"}},
{"type":"Feature","geometry":{"type":"Polygon","coordinates":[[[100.232,14.789],[100.195,14.562],[100.254,14.486],[100.414,14.51],[100.427,14.444],[100.503,14.457],[100.516,14.686],[100.477,14.725],[100.336,14.797],[100.232,14.789]]]},"properties":{"shapeName":"Ang Thong Province","shapeGroup":"THA"}},
{"type":"Feature","geometry":{"type":"Polygon","coordinates":[[[103.511,16.198],[103.451,16.188],[103.301,16.406],[103.184,16.367],[103.203,16.631],[103.163,16.643],[103.089,16.511],[102.936,16.444],[102.956,16.397],[102.851,16.272],[102.946,15.789],[103.008,15.701],[102.974,15.661],[103.111,15.481],[103.341,15.406],[103.405,15.437],[103.441,15.52],[103.295,15.606],[103.354,15.702],[103.44,15.717],[103.511,16.198]]]},"properties":{"shapeName":"Maha Sarakham Province","shapeGroup":"THA"}},
{"type":"Feature","geometry":{"type":"MultiPolygon","coordinates":[[[[100.031,7.092],[99.796,7.595],[99.824,7.667],[99.744,7.851],[99.727,7.993],[99.609,7.981],[99.511,7.871],[99.338,7.943],[99.292,7.847],[99.343,7.741],[99.26,7.657],[99.233,7.631],[99.279,7.631],[99.395,7.307],[99.527,7.296],[99.603,7.137],[99.655,7.179],[99.666,7.115],[99.734,7.129],[99.82,7.146],[99.877,7.066],[99.926,7.141],[100.046,7.063],[100.031,7.092]]],[[[99.45,7.256],[99.385,7.28],[99.365,7.223],[99.45,7.256]]]]},"properties":{"shapeName":"Trang Province","shapeGroup":"THA"}},
{"type":"Feature","geometry":{"type":"Polygon","coordinates":[[[99.286,14.992],[99.321,14.947],[99.279,14.857],[99.438,14.766],[99.461,14.688],[99.544,14.797],[99.662,14.802],[99.871,14.633],[99.819,14.22],[99.763,14.165],[99.811,14.062],[99.98,14.145],[100.221,14.177],[100.284,14.396],[100.254,14.486],[100.195,14.562],[100.232,14.789],[100.211,14.955],[100.146,14.921],[100.048,14.965],[99.978,14.907],[99.726,14.961],[99.436,14.989],[99.324,15.076],[99.286,14.992]]]},"properties":{"shapeName":"Suphan Buri Province","shapeGroup":"THA"}},
{"type":"Feature","geometry":{"type":"Polygon","coordinates":[[[100.309,15.167],[100.264,15.031],[100.305,14.996],[100.211,14.955],[100.232,14.789],[100.336,14.797],[100.477,14.725],[100.443,15.06],[100.309,15.167]]]},"properties":{"shapeName":"Sing Buri Province","shapeGroup":"THA"}},
{"type":"Feature","geometry":{"type":"Polygon","coordinates":[[[99.952,13.29],[100.088,13.428],[100.038,13.504],[99.912,13.506],[99.859,13.328],[99.889,13.238],[99.952,13.29]]]},"properties":{"shapeName":"Samut Songkhram Province","shapeGroup":"THA"}},
{"type":"Feature","geometry":{"type":"Polygon","coordinates":[[[101.692,13.134],[101.638,13.153],[101.402,13.017],[101.193,13.079],[101.175,13.021],[101.093,13.029],[100.991,12.656],[101.235,12.665],[101.418,12.583],[101.45,12.631],[101.785,12.693],[101.827,12.894],[101.739,12.965],[101.692,13.134]]]},"properties":{"shapeName":"Rayong Province","shapeGroup":"THA"}},
{"type":"Feature","geometry":{"type":"Polygon","coordinates":[[[101.988,13.587],[102.12,14.144],[101.962,14.253],[101.959,14.381],[101.887,14.395],[101.751,14.313],[101.601,14.438],[101.409,14.425],[101.509,14.272],[101.396,14.272],[101.297,14.148],[101.321,14.059],[101.213,14.05],[101.14,13.968],[101.148,13.849],[101.359,13.861],[101.56,13.749],[101.757,13.802],[101.814,13.721],[101.88,13.718],[101.916,13.586],[101.988,13.587]]]},"properties":{"shapeName":"Prachin Buri Province","shapeGroup":"THA"}},
{"type":"Feature","geometry":{"type":"Polygon","coordinates":[[[100.594,14.656],[100.516,14.686],[100.503,14.457],[100.427,14.444],[100.414,14.51],[100.254,14.486],[100.284,14.396],[100.221,14.177],[100.28,14.126],[100.345,14.117],[100.553,14.111],[100.823,14.246],[100.769,14.565],[100.604,14.55],[100.594,14.656]]]},"properties":{"shapeName":"Phra Nakhon Si Ayutthaya Province","shapeGroup":"THA"}},
{"type":"Feature","geometry":{"type":"Polygon","coordinates":[[[100.755,15.931],[100.767,15.991],[100.627,16.051],[100.699,16.25],[100.668,16.347],[100.548,16.534],[100.249,16.533],[100.225,16.599],[100.032,16.496],[99.994,16.338],[100.217,15.925],[100.755,15.931]]]},"properties":{"shapeName":"Phichit Province","shapeGroup":"THA"}},
{"type":"Feature","geometry":{"type":"Polygon","coordinates":[[[100.129,7.802],[99.952,7.906],[99.744,7.851],[99.824,7.667],[99.796,7.595],[100.031,7.092],[100.283,7.205],[100.377,7.308],[100.428,7.284],[100.391,7.503],[100.26,7.496],[100.204,7.771],[100.129,7.802]]]},"properties":{"shapeName":"Phatthalung Province","shapeGroup":"THA"}},
{"type":"Feature","geometry":{"type":"MultiPolygon","coordinates":[[[[98.511,9.306],[98.392,9.346],[98.344,9.239],[98.383,9.249],[98.395,9.18],[98.316,9.195],[98.399,9.086],[98.326,9.018],[98.41,9.05],[98.407,8.991],[98.36,9],[98.388,8.951],[98.358,8.987],[98.391,8.911],[98.323,8.971],[98.222,8.737],[98.205,8.553],[98.282,8.204],[98.433,8.138],[98.475,8.344],[98.634,8.375],[98.713,8.625],[98.547,8.652],[98.607,8.791],[98.455,8.886],[98.457,8.955],[98.517,8.986],[98.511,9.306]]],[[[98.579,8.076],[98.528,8.117],[98.597,7.888],[98.579,8.076]]],[[[98.635,8.158],[98.563,8.118],[98.617,8.08],[98.635,8.158]]],[[[98.271,8.871],[98.323,8.988],[98.265,9.015],[98.271,8.871]]],[[[98.332,9.084],[98.305,9.142],[98.279,9.088],[98.262,9.166],[98.247,9.032],[98.332,9.084]]]]},"properties":{"shapeName":"Phangnga Province","shapeGroup":"THA"}},
{"type":"Feature","geometry":{"type":"Polygon","coordinates":[[[101.602,6.555],[101.578,6.607],[101.633,6.636],[101.727,6.575],[101.527,6.864],[101.282,6.952],[101.234,6.93],[101.324,6.927],[101.329,6.873],[101.246,6.905],[101.056,6.854],[101.036,6.739],[101.101,6.638],[101.211,6.594],[101.296,6.679],[101.33,6.55],[101.511,6.598],[101.602,6.555]]]},"properties":{"shapeName":"Pattani Province","shapeGroup":"THA"}},
{"type":"Feature","geometry":{"type":"Polygon","coordinates":[[[100.914,13.961],[100.952,14.272],[100.823,14.246],[100.553,14.111],[100.345,14.117],[100.361,13.994],[100.568,13.951],[100.914,13.946],[100.914,13.961]]]},"properties":{"shapeName":"Pathum Thani Province","shapeGroup":"THA"}},
{"type":"Feature","geometry":{"type":"Polygon","coordinates":[[[99.266,8.341],[99.32,8.283],[99.284,8.101],[99.338,7.943],[99.511,7.871],[99.609,7.981],[99.727,7.993],[99.744,7.851],[99.952,7.906],[100.129,7.802],[100.149,7.871],[100.336,7.931],[100.215,8.441],[100.114,8.52],[100.173,8.389],[100.088,8.414],[99.96,8.608],[99.881,9.21],[99.835,9.306],[99.768,9.322],[99.729,9.15],[99.785,9.054],[99.694,8.93],[99.587,8.915],[99.527,8.846],[99.449,8.599],[99.329,8.519],[99.281,8.542],[99.266,8.341]]]},"properties":{"shapeName":"Nakhon Si Thammarat Province","shapeGroup":"THA"}},
{"type":"Feature","geometry":{"type":"Polygon","coordinates":[[[101.14,13.968],[101.213,14.05],[101.321,14.059],[101.297,14.148],[101.396,14.272],[101.509,14.272],[101.409,14.425],[101.277,14.506],[101.243,14.48],[101.184,14.353],[101.057,14.411],[101.041,14.325],[100.952,14.272],[100.914,13.961],[101.14,13.968]]]},"properties":{"shapeName":"Nakhon Nayok Province","shapeGroup":"THA"}},
{"type":"Feature","geometry":{"type":"Polygon","coordinates":[[[104.356,16.323],[104.502,16.341],[104.637,16.211],[104.682,16.242],[104.813,16.19],[104.889,16.211],[104.905,16.238],[104.959,16.262],[104.978,16.279],[104.958,16.292],[104.931,16.329],[104.916,16.338],[104.863,16.399],[104.852,16.444],[104.83,16.465],[104.801,16.477],[104.744,16.529],[104.739,16.593],[104.746,16.765],[104.737,16.805],[104.246,16.899],[104.134,16.894],[104.073,16.832],[104.187,16.669],[104.244,16.433],[104.31,16.469],[104.356,16.323]]]},"properties":{"shapeName":"Mukdahan Province","shapeGroup":"THA"}},
{"type":"Feature","geometry":{"type":"Polygon","coordinates":[[[100.443,15.06],[100.477,14.725],[100.516,14.686],[100.594,14.656],[100.747,14.808],[100.951,14.747],[101.024,14.839],[101.41,15],[101.379,15.064],[101.275,15.092],[101.3,15.302],[101.24,15.397],[100.739,15.497],[100.743,15.435],[100.563,15.271],[100.443,15.06]]]},"properties":{"shapeName":"Lopburi Province","shapeGroup":"THA"}},
{"type":"Feature","geometry":{"type":"MultiPolygon","coordinates":[[[[98.713,8.625],[98.634,8.375],[98.628,8.282],[98.702,8.312],[98.74,8.236],[98.765,8.023],[98.843,8.002],[98.944,8.057],[98.973,7.933],[99.064,7.903],[99.017,7.822],[99.04,7.703],[99.099,7.693],[99.135,7.772],[99.26,7.657],[99.343,7.741],[99.292,7.847],[99.338,7.943],[99.284,8.101],[99.32,8.283],[99.266,8.341],[98.914,8.31],[98.918,8.585],[98.77,8.674],[98.713,8.625]]],[[[99.081,7.548],[99.02,7.649],[99.099,7.467],[99.081,7.548]]],[[[98.757,7.734],[98.793,7.728],[98.758,7.786],[98.757,7.734]]],[[[99.09,7.68],[99.039,7.653],[99.119,7.587],[99.09,7.68]]]]},"properties":{"shapeName":"Krabi Province","shapeGroup":"THA"}},
{"type":"Feature","geometry":{"type":"Polygon","coordinates":[[[100.974,13.464],[100.872,13.083],[100.928,13.008],[100.856,12.918],[100.913,12.807],[100.834,12.713],[100.926,12.605],[100.991,12.656],[101.093,13.029],[101.175,13.021],[101.193,13.079],[101.402,13.017],[101.638,13.153],[101.692,13.134],[101.717,13.172],[101.526,13.397],[101.366,13.455],[101.284,13.549],[101.141,13.59],[100.974,13.464]]]},"properties":{"shapeName":"Chon Buri Province","shapeGroup":"THA"}},
{"type":"Feature","geometry":{"type":"Polygon","coordinates":[[[99.513,20.148],[99.498,20.116],[99.438,20.091],[99.401,20.086],[99.4,20.086],[99.397,20.088],[99.394,20.088],[99.385,20.088],[99.382,20.087],[99.377,20.09],[99.329,20.064],[99.267,20.103],[99.26,20.114],[99.252,20.114],[99.247,20.112],[99.242,20.114],[99.232,20.125],[99.231,20.125],[99.225,20.118],[99.221,20.118],[99.221,20.122],[99.22,20.123],[99.214,20.129],[99.21,20.131],[99.202,20.13],[99.191,20.127],[99.189,20.126],[99.187,20.127],[99.181,20.127],[99.18,20.127],[99.177,20.127],[99.169,20.131],[99.163,20.13],[99.155,20.13],[99.146,20.124],[99.143,20.122],[99.142,20.122],[99.134,20.119],[99.129,20.119],[99.127,20.118],[99.127,20.115],[99.132,20.106],[99.131,20.104],[99.107,20.097],[99.105,20.098],[99.104,20.098],[99.1,20.098],[99.095,20.105],[99.094,20.105],[99.092,20.099],[99.091,20.098],[99.09,20.098],[99.09,20.097],[99.088,20.098],[99.082,20.1],[99.079,20.101],[99.073,20.097],[99.068,20.088],[99.068,20.069],[99.064,20.067],[99.059,20.064],[99.055,20.052],[99.049,20.047],[99.045,20.038],[99.045,20.035],[99.045,20.034],[99.046,20.025],[99.045,20.015],[99.055,20.003],[99.053,20.001],[99.05,19.998],[99.049,19.997],[99.044,19.996],[99.041,19.994],[99.04,19.994],[99.037,19.986],[99.036,19.981],[99.034,19.979],[99.032,19.975],[99.039,19.966],[99.039,19.965],[99.041,19.956],[99.042,19.954],[99.045,19.949],[99.043,19.931],[99.04,19.931],[99.04,19.93],[99.031,19.926],[99.03,19.925],[99.029,19.925],[99.024,19.924],[99.028,19.909],[99.023,19.906],[99.033,19.895],[99.036,19.865],[99.031,19.835],[99.023,19.82],[99.022,19.82],[99.023,19.818],[99.023,19.814],[99.022,19.814],[99.02,19.81],[99.02,19.806],[99.017,19.802],[99.017,19.798],[99.015,19.794],[99.004,19.781],[98.992,19.783],[98.987,19.74],[98.952,19.769],[98.951,19.769],[98.946,19.767],[98.932,19.764],[98.916,19.741],[98.907,19.751],[98.903,19.763],[98.9,19.766],[98.897,19.768],[98.885,19.781],[98.881,19.782],[98.875,19.783],[98.872,19.786],[98.871,19.791],[98.857,19.795],[98.857,19.797],[98.856,19.797],[98.84,19.814],[98.833,19.811],[98.829,19.802],[98.83,19.797],[98.83,19.796],[98.829,19.795],[98.828,19.793],[98.825,19.791],[98.822,19.788],[98.818,19.785],[98.815,19.783],[98.811,19.781],[98.806,19.777],[98.805,19.777],[98.804,19.776],[98.798,19.776],[98.79,19.765],[98.783,19.753],[98.743,19.752],[98.738,19.755],[98.732,19.758],[98.725,19.761],[98.722,19.761],[98.717,19.763],[98.712,19.769],[98.71,19.762],[98.701,19.755],[98.626,19.726],[98.627,19.713],[98.572,19.703],[98.572,19.702],[98.572,19.699],[98.573,19.695],[98.568,19.672],[98.56,19.674],[98.555,19.681],[98.539,19.689],[98.538,19.689],[98.538,19.693],[98.538,19.694],[98.533,19.696],[98.533,19.699],[98.518,19.714],[98.509,19.716],[98.508,19.714],[98.506,19.71],[98.505,19.708],[98.471,19.693],[98.467,19.693],[98.481,19.667],[98.5,19.643],[98.551,19.609],[98.609,19.475],[98.587,19.205],[98.649,19.067],[98.464,19.004],[98.336,19.035],[98.186,19.164],[98.116,19.081],[98.081,18.824],[98.112,18.542],[98.212,18.449],[98.099,18.349],[98.13,18.1],[98.086,17.997],[98.244,17.836],[98.235,17.721],[98.302,17.696],[98.259,17.577],[98.324,17.526],[98.334,17.307],[98.422,17.248],[98.568,17.292],[98.535,17.515],[98.704,17.752],[98.881,17.726],[98.911,17.82],[98.8,18.009],[98.794,18.237],[98.668,18.306],[98.705,18.437],[98.934,18.542],[99.013,18.67],[99.143,18.704],[99.315,18.53],[99.401,19],[99.305,19.176],[99.325,19.541],[99.26,19.633],[99.419,19.813],[99.419,19.958],[99.503,19.973],[99.567,19.917],[99.591,20.012],[99.5,20.071],[99.567,20.122],[99.513,20.148]]]},"properties":{"shapeName":"Chiang Mai Province","shapeGroup":"THA"}},
{"type":"Feature","geometry":{"type":"Polygon","coordinates":[[[100.058,15.42],[100.065,15.264],[99.722,15.291],[99.812,15.082],[99.726,14.961],[99.978,14.907],[100.048,14.965],[100.146,14.921],[100.211,14.955],[100.305,14.996],[100.264,15.031],[100.309,15.167],[100.27,15.297],[100.058,15.42]]]},"properties":{"shapeName":"Chai Nat Province","shapeGroup":"THA"}},
{"type":"Feature","geometry":{"type":"Polygon","coordinates":[[[104.52,15.559],[104.586,15.567],[104.636,15.688],[104.884,15.557],[104.928,15.607],[104.903,15.758],[104.958,15.791],[105.005,16.02],[105.06,16.098],[105.046,16.102],[105.022,16.169],[105.017,16.236],[105.015,16.244],[104.988,16.272],[104.98,16.278],[104.978,16.279],[104.959,16.262],[104.905,16.238],[104.889,16.211],[104.813,16.19],[104.574,16.093],[104.464,15.911],[104.424,15.714],[104.52,15.559]]]},"properties":{"shapeName":"Amnat Charoen Province","shapeGroup":"THA"}},
{"type":"Feature","geometry":{"type":"Polygon","coordinates":[[[100.333,13.721],[100.07,13.652],[100.038,13.504],[100.088,13.428],[100.275,13.507],[100.409,13.493],[100.333,13.721]]]},"properties":{"shapeName":"Samut Sakhon Province","shapeGroup":"THA"}},
{"type":"Feature","geometry":{"type":"Polygon","coordinates":[[[100.861,13.697],[100.716,13.718],[100.698,13.656],[100.636,13.649],[100.556,13.706],[100.521,13.605],[100.454,13.606],[100.453,13.504],[100.849,13.479],[100.964,13.645],[100.861,13.697]]]},"properties":{"shapeName":"Samut Prakan Province","shapeGroup":"THA"}},
{"type":"Feature","geometry":{"type":"Polygon","coordinates":[[[100.34,18.807],[100.393,18.741],[100.354,18.683],[100.407,18.63],[100.409,18.494],[100.542,18.455],[100.46,18.161],[100.392,18.117],[100.413,18.019],[100.773,18.027],[101.086,18.38],[101.083,18.385],[101.069,18.409],[101.104,18.521],[101.273,18.689],[101.224,18.732],[101.246,18.889],[101.357,19.05],[101.257,19.125],[101.188,19.39],[101.278,19.521],[101.285,19.535],[101.28,19.577],[101.261,19.594],[101.218,19.602],[101.203,19.599],[101.205,19.588],[101.187,19.579],[100.893,19.634],[100.784,19.501],[100.764,19.501],[100.658,19.552],[100.643,19.554],[100.58,19.499],[100.567,19.507],[100.549,19.519],[100.486,19.543],[100.483,19.548],[100.484,19.488],[100.572,19.468],[100.511,19.38],[100.608,19.324],[100.634,19.128],[100.563,19.096],[100.571,19.026],[100.472,19.047],[100.449,19.001],[100.502,18.978],[100.405,18.945],[100.34,18.807]]]},"properties":{"shapeName":"Nan Province","shapeGroup":"THA"}},
{"type":"Feature","geometry":{"type":"Polygon","coordinates":[[[101.717,13.172],[101.692,13.134],[101.739,12.965],[101.827,12.894],[101.785,12.693],[102.258,12.297],[102.372,12.387],[102.327,12.554],[102.363,12.593],[102.415,12.564],[102.393,12.671],[102.506,12.751],[102.511,12.754],[102.524,12.763],[102.534,12.77],[102.496,12.953],[102.497,12.969],[102.491,12.971],[102.486,12.977],[102.486,12.981],[102.487,12.983],[102.53,13.002],[102.434,13.091],[102.35,13.292],[102.353,13.297],[102.35,13.3],[102.34,13.304],[102.266,13.198],[102.176,13.246],[102.044,13.158],[101.995,13.336],[101.889,13.22],[101.717,13.172]]]},"properties":{"shapeName":"Chanthaburi Province","shapeGroup":"THA"}},
{"type":"Feature","geometry":{"type":"Polygon","coordinates":[[[104.246,16.899],[104.737,16.805],[104.737,16.81],[104.736,16.917],[104.735,16.932],[104.734,16.969],[104.746,17.048],[104.801,17.165],[104.8,17.395],[104.608,17.577],[104.517,17.627],[104.472,17.652],[104.439,17.697],[104.303,17.844],[104.282,17.857],[104.279,17.858],[104.275,17.864],[104.273,17.867],[104.271,17.87],[104.246,17.933],[104.24,17.941],[104.213,18],[104.188,18.025],[104.119,17.996],[104.11,17.862],[104,17.919],[104.01,17.801],[104.08,17.678],[104.009,17.476],[104.051,17.386],[104.419,17.415],[104.443,17.237],[104.355,17.066],[104.392,17.014],[104.246,16.899]]]},"properties":{"shapeName":"Nakhon Phanom Province","shapeGroup":"THA"}},
{"type":"Feature","geometry":{"type":"Polygon","coordinates":[[[98.985,15.181],[98.664,15.621],[98.584,15.663],[98.568,15.655],[98.558,15.655],[98.559,15.653],[98.566,15.636],[98.553,15.6],[98.555,15.593],[98.575,15.518],[98.586,15.47],[98.581,15.38],[98.58,15.376],[98.57,15.357],[98.561,15.336],[98.557,15.335],[98.549,15.336],[98.547,15.338],[98.548,15.345],[98.545,15.351],[98.546,15.352],[98.545,15.354],[98.548,15.358],[98.542,15.363],[98.54,15.365],[98.537,15.369],[98.53,15.372],[98.511,15.374],[98.493,15.392],[98.484,15.39],[98.481,15.388],[98.481,15.387],[98.482,15.38],[98.481,15.377],[98.47,15.371],[98.466,15.373],[98.457,15.366],[98.434,15.358],[98.431,15.364],[98.42,15.363],[98.416,15.364],[98.415,15.358],[98.415,15.355],[98.411,15.353],[98.41,15.343],[98.411,15.339],[98.409,15.332],[98.415,15.322],[98.387,15.305],[98.407,15.305],[98.414,15.293],[98.413,15.292],[98.413,15.284],[98.415,15.282],[98.414,15.278],[98.418,15.272],[98.415,15.271],[98.418,15.266],[98.416,15.262],[98.411,15.262],[98.408,15.26],[98.406,15.258],[98.402,15.254],[98.401,15.254],[98.401,15.255],[98.399,15.257],[98.398,15.26],[98.398,15.262],[98.389,15.271],[98.386,15.269],[98.386,15.27],[98.385,15.27],[98.38,15.271],[98.378,15.275],[98.377,15.276],[98.375,15.28],[98.374,15.283],[98.368,15.283],[98.367,15.283],[98.353,15.29],[98.354,15.293],[98.339,15.294],[98.334,15.297],[98.321,15.302],[98.306,15.313],[98.304,15.311],[98.3,15.313],[98.296,15.309],[98.301,15.303],[98.299,15.302],[98.294,15.297],[98.295,15.296],[98.298,15.294],[98.299,15.288],[98.3,15.288],[98.304,15.281],[98.304,15.28],[98.301,15.28],[98.301,15.279],[98.3,15.275],[98.298,15.274],[98.296,15.273],[98.286,15.272],[98.281,15.271],[98.28,15.266],[98.281,15.263],[98.274,15.248],[98.263,15.239],[98.26,15.235],[98.259,15.224],[98.235,15.22],[98.232,15.223],[98.229,15.221],[98.222,15.223],[98.221,15.225],[98.22,15.227],[98.213,15.236],[98.212,15.237],[98.208,15.234],[98.203,15.236],[98.198,15.234],[98.198,15.233],[98.2,15.226],[98.199,15.223],[98.198,15.22],[98.2,15.218],[98.202,15.215],[98.202,15.214],[98.2,15.211],[98.213,15.182],[98.19,15.151],[98.182,15.108],[98.193,15.077],[98.21,15.076],[98.231,15.044],[98.213,15.02],[98.211,15.002],[98.211,15],[98.209,14.997],[98.21,14.994],[98.208,14.985],[98.209,14.981],[98.211,14.979],[98.219,14.977],[98.234,14.967],[98.251,14.917],[98.241,14.9],[98.24,14.898],[98.234,14.895],[98.236,14.892],[98.232,14.893],[98.231,14.889],[98.257,14.863],[98.258,14.862],[98.259,14.858],[98.259,14.852],[98.26,14.848],[98.258,14.844],[98.258,14.843],[98.258,14.842],[98.254,14.839],[98.251,14.836],[98.248,14.834],[98.246,14.832],[98.246,14.831],[98.25,14.826],[98.251,14.824],[98.255,14.814],[98.261,14.811],[98.271,14.8],[98.273,14.799],[98.277,14.798],[98.277,14.797],[98.277,14.791],[98.282,14.783],[98.282,14.778],[98.283,14.776],[98.29,14.775],[98.294,14.77],[98.294,14.764],[98.298,14.749],[98.301,14.748],[98.307,14.738],[98.306,14.735],[98.306,14.733],[98.317,14.723],[98.326,14.708],[98.33,14.706],[98.334,14.711],[98.338,14.71],[98.339,14.709],[98.339,14.708],[98.342,14.704],[98.35,14.698],[98.359,14.693],[98.362,14.69],[98.362,14.686],[98.365,14.675],[98.368,14.67],[98.367,14.666],[98.37,14.665],[98.373,14.664],[98.375,14.663],[98.376,14.661],[98.379,14.656],[98.38,14.654],[98.382,14.652],[98.391,14.649],[98.397,14.643],[98.406,14.638],[98.408,14.634],[98.411,14.633],[98.416,14.63],[98.418,14.629],[98.421,14.624],[98.426,14.622],[98.436,14.614],[98.436,14.613],[98.437,14.611],[98.44,14.601],[98.459,14.579],[98.46,14.572],[98.458,14.559],[98.462,14.531],[98.466,14.532],[98.47,14.537],[98.477,14.537],[98.48,14.535],[98.485,14.535],[98.492,14.541],[98.492,14.539],[98.494,14.535],[98.499,14.516],[98.499,14.511],[98.503,14.511],[98.505,14.508],[98.505,14.507],[98.506,14.507],[98.505,14.503],[98.505,14.499],[98.506,14.495],[98.507,14.492],[98.51,14.488],[98.511,14.487],[98.512,14.478],[98.519,14.474],[98.523,14.465],[98.525,14.454],[98.532,14.448],[98.533,14.447],[98.533,14.446],[98.535,14.442],[98.536,14.442],[98.542,14.444],[98.546,14.441],[98.55,14.434],[98.549,14.433],[98.549,14.422],[98.555,14.422],[98.558,14.42],[98.558,14.414],[98.559,14.413],[98.559,14.412],[98.557,14.403],[98.563,14.397],[98.563,14.395],[98.565,14.393],[98.566,14.384],[98.594,14.378],[98.599,14.367],[98.594,14.342],[98.598,14.328],[98.604,14.32],[98.608,14.317],[98.612,14.316],[98.623,14.314],[98.629,14.317],[98.63,14.316],[98.631,14.315],[98.638,14.31],[98.64,14.304],[98.644,14.301],[98.646,14.301],[98.656,14.294],[98.657,14.293],[98.659,14.291],[98.663,14.291],[98.668,14.288],[98.676,14.282],[98.677,14.28],[98.685,14.273],[98.688,14.272],[98.692,14.274],[98.693,14.275],[98.695,14.275],[98.697,14.275],[98.698,14.275],[98.7,14.274],[98.709,14.278],[98.714,14.277],[98.745,14.227],[98.816,14.178],[98.832,14.179],[98.843,14.162],[98.869,14.147],[98.88,14.125],[98.882,14.123],[98.883,14.123],[98.887,14.121],[98.899,14.109],[98.905,14.111],[98.907,14.11],[98.909,14.109],[98.918,14.11],[98.92,14.11],[98.923,14.109],[98.926,14.108],[98.93,14.105],[98.933,14.102],[98.936,14.103],[98.938,14.097],[98.943,14.094],[98.944,14.094],[98.955,14.103],[98.967,14.089],[98.97,14.05],[98.974,14.039],[98.972,14.034],[98.973,14.033],[98.979,14.032],[98.99,14.024],[98.996,14.023],[98.997,14.02],[98.999,14.019],[98.997,14.016],[98.996,14.013],[98.998,14.009],[99.008,14],[99.01,13.994],[99.021,13.945],[99.109,13.892],[99.168,13.728],[99.168,13.726],[99.184,13.728],[99.201,13.728],[99.254,13.769],[99.351,13.75],[99.471,13.801],[99.54,13.754],[99.649,13.816],[99.806,13.815],[99.88,13.944],[99.811,14.062],[99.763,14.165],[99.819,14.22],[99.871,14.633],[99.662,14.802],[99.544,14.797],[99.461,14.688],[99.438,14.766],[99.279,14.857],[99.321,14.947],[99.286,14.992],[99.028,15.05],[98.985,15.181]]]},"properties":{"shapeName":"Kanchanaburi Province","shapeGroup":"THA"}},
{"type":"Feature","geometry":{"type":"Polygon","coordinates":[[[98.302,17.696],[98.235,17.721],[98.244,17.836],[98.086,17.997],[98.13,18.1],[98.099,18.349],[98.212,18.449],[98.112,18.542],[98.081,18.824],[98.116,19.081],[98.186,19.164],[98.336,19.035],[98.464,19.004],[98.649,19.067],[98.587,19.205],[98.609,19.475],[98.551,19.609],[98.5,19.643],[98.481,19.667],[98.467,19.693],[98.464,19.693],[98.459,19.693],[98.44,19.686],[98.408,19.693],[98.401,19.701],[98.397,19.702],[98.393,19.704],[98.388,19.7],[98.385,19.701],[98.375,19.694],[98.374,19.694],[98.371,19.69],[98.37,19.689],[98.366,19.693],[98.347,19.693],[98.343,19.695],[98.341,19.698],[98.339,19.697],[98.337,19.694],[98.335,19.694],[98.335,19.693],[98.333,19.692],[98.325,19.698],[98.32,19.696],[98.314,19.693],[98.307,19.688],[98.306,19.687],[98.3,19.686],[98.298,19.684],[98.295,19.682],[98.294,19.681],[98.252,19.675],[98.248,19.676],[98.248,19.677],[98.245,19.679],[98.243,19.684],[98.24,19.686],[98.236,19.689],[98.236,19.69],[98.232,19.697],[98.229,19.728],[98.193,19.738],[98.184,19.76],[98.179,19.76],[98.178,19.761],[98.168,19.77],[98.158,19.771],[98.157,19.771],[98.151,19.774],[98.147,19.778],[98.142,19.782],[98.14,19.783],[98.139,19.787],[98.138,19.787],[98.134,19.787],[98.123,19.779],[98.116,19.778],[98.114,19.774],[98.101,19.772],[98.083,19.792],[98.084,19.801],[98.086,19.805],[98.085,19.808],[98.084,19.809],[98.068,19.81],[98.063,19.803],[98.06,19.804],[98.054,19.803],[98.054,19.807],[98.052,19.809],[98.052,19.811],[98.05,19.813],[98.048,19.814],[98.048,19.812],[98.043,19.807],[98.034,19.805],[98.034,19.804],[98.04,19.799],[98.039,19.798],[98.035,19.792],[98.036,19.789],[98.034,19.787],[98.037,19.767],[98.036,19.76],[98.034,19.754],[98.036,19.75],[98.033,19.744],[98.034,19.742],[98.03,19.735],[98.03,19.733],[98.031,19.731],[98.032,19.73],[98.031,19.726],[98.032,19.725],[98.025,19.722],[98.027,19.715],[98.035,19.7],[98.033,19.674],[98.048,19.653],[98.046,19.652],[98.041,19.651],[98.04,19.65],[98.04,19.649],[98.039,19.645],[98.038,19.645],[98.038,19.643],[98.026,19.637],[97.973,19.634],[97.975,19.602],[97.961,19.593],[97.96,19.593],[97.95,19.593],[97.944,19.596],[97.894,19.572],[97.863,19.575],[97.863,19.576],[97.862,19.576],[97.888,19.501],[97.785,19.398],[97.843,19.293],[97.802,19.289],[97.791,19.283],[97.783,19.267],[97.783,19.265],[97.784,19.264],[97.788,19.263],[97.793,19.261],[97.805,19.255],[97.809,19.253],[97.811,19.25],[97.812,19.246],[97.817,19.238],[97.827,19.238],[97.826,19.229],[97.828,19.229],[97.829,19.229],[97.842,19.225],[97.842,19.222],[97.842,19.221],[97.845,19.216],[97.845,19.203],[97.838,19.196],[97.844,19.183],[97.839,19.171],[97.844,19.149],[97.837,19.145],[97.837,19.143],[97.837,19.14],[97.835,19.138],[97.834,19.136],[97.837,19.095],[97.666,18.938],[97.741,18.882],[97.774,18.689],[97.767,18.669],[97.774,18.61],[97.771,18.605],[97.771,18.604],[97.772,18.598],[97.771,18.594],[97.77,18.592],[97.767,18.589],[97.767,18.588],[97.769,18.587],[97.768,18.584],[97.767,18.582],[97.769,18.579],[97.751,18.576],[97.731,18.587],[97.7,18.57],[97.651,18.577],[97.546,18.529],[97.545,18.528],[97.544,18.526],[97.543,18.514],[97.539,18.504],[97.54,18.501],[97.537,18.494],[97.537,18.493],[97.534,18.491],[97.502,18.493],[97.498,18.496],[97.491,18.509],[97.491,18.51],[97.482,18.511],[97.466,18.498],[97.459,18.5],[97.454,18.494],[97.445,18.495],[97.444,18.495],[97.445,18.498],[97.444,18.5],[97.443,18.502],[97.439,18.504],[97.438,18.505],[97.437,18.506],[97.436,18.511],[97.436,18.521],[97.43,18.524],[97.428,18.526],[97.427,18.544],[97.427,18.545],[97.403,18.567],[97.388,18.56],[97.364,18.56],[97.363,18.56],[97.362,18.569],[97.363,18.593],[97.362,18.599],[97.36,18.599],[97.36,18.597],[97.358,18.591],[97.344,18.576],[97.346,18.547],[97.347,18.546],[97.351,18.542],[97.353,18.534],[97.374,18.523],[97.387,18.505],[97.399,18.459],[97.404,18.449],[97.414,18.442],[97.416,18.439],[97.418,18.437],[97.42,18.43],[97.42,18.422],[97.421,18.42],[97.424,18.417],[97.426,18.408],[97.442,18.403],[97.452,18.39],[97.452,18.389],[97.452,18.377],[97.443,18.36],[97.445,18.348],[97.444,18.345],[97.445,18.339],[97.447,18.331],[97.448,18.331],[97.449,18.33],[97.453,18.328],[97.462,18.309],[97.465,18.306],[97.468,18.303],[97.484,18.291],[97.485,18.29],[97.502,18.267],[97.507,18.266],[97.511,18.268],[97.512,18.269],[97.521,18.273],[97.523,18.274],[97.532,18.282],[97.534,18.284],[97.54,18.299],[97.542,18.305],[97.545,18.314],[97.549,18.329],[97.55,18.332],[97.551,18.334],[97.555,18.338],[97.559,18.339],[97.56,18.339],[97.561,18.34],[97.573,18.339],[97.575,18.338],[97.577,18.338],[97.589,18.334],[97.592,18.332],[97.594,18.332],[97.599,18.328],[97.605,18.327],[97.611,18.323],[97.619,18.32],[97.641,18.288],[97.64,18.283],[97.64,18.281],[97.634,18.271],[97.626,18.264],[97.623,18.26],[97.615,18.253],[97.61,18.24],[97.614,18.226],[97.622,18.215],[97.643,18.193],[97.656,18.174],[97.66,18.172],[97.665,18.171],[97.673,18.164],[97.676,18.162],[97.678,18.151],[97.677,18.149],[97.678,18.131],[97.678,18.117],[97.691,18.091],[97.691,18.085],[97.688,18.079],[97.682,18.077],[97.682,18.065],[97.687,18.06],[97.688,18.06],[97.692,18.065],[97.698,18.066],[97.708,18.057],[97.708,18.053],[97.716,18.034],[97.725,18.024],[97.721,18.014],[97.728,18.004],[97.729,18.001],[97.734,17.992],[97.736,17.987],[97.737,17.986],[97.737,17.985],[97.738,17.973],[97.737,17.962],[97.736,17.959],[97.732,17.953],[97.708,17.947],[97.705,17.944],[97.702,17.94],[97.694,17.932],[97.69,17.927],[97.687,17.922],[97.687,17.913],[97.672,17.881],[97.694,17.841],[97.692,17.833],[97.702,17.818],[97.706,17.817],[97.71,17.819],[97.718,17.819],[97.719,17.819],[97.72,17.818],[97.72,17.816],[97.72,17.813],[97.719,17.806],[97.725,17.799],[97.732,17.798],[97.734,17.797],[97.736,17.795],[97.738,17.791],[97.74,17.788],[97.742,17.787],[97.746,17.777],[97.745,17.776],[97.746,17.773],[97.749,17.77],[97.758,17.771],[97.759,17.77],[97.76,17.77],[97.766,17.761],[97.773,17.753],[97.774,17.753],[97.775,17.751],[97.77,17.746],[97.767,17.746],[97.764,17.745],[97.763,17.743],[97.771,17.715],[97.796,17.679],[97.82,17.662],[97.848,17.629],[97.876,17.609],[97.881,17.602],[97.886,17.6],[97.891,17.596],[97.906,17.583],[97.907,17.575],[97.908,17.574],[97.91,17.572],[97.91,17.57],[97.912,17.567],[98.302,17.696]]]},"properties":{"shapeName":"Mae Hong Son Province","shapeGroup":"THA"}},
{"type":"Feature","geometry":{"type":"Polygon","coordinates":[[[101.995,13.336],[102.044,13.158],[102.176,13.246],[102.266,13.198],[102.34,13.304],[102.35,13.3],[102.353,13.297],[102.36,13.314],[102.358,13.472],[102.358,13.476],[102.361,13.502],[102.358,13.51],[102.365,13.577],[102.373,13.575],[102.624,13.609],[102.551,13.665],[102.732,13.771],[102.783,13.933],[102.911,14.017],[102.936,14.142],[102.941,14.15],[102.941,14.151],[102.936,14.167],[102.936,14.168],[102.912,14.164],[102.891,14.164],[102.878,14.152],[102.824,14.167],[102.722,14.132],[102.594,14.149],[102.522,14.087],[102.427,14.157],[102.282,14.127],[102.196,14.188],[102.12,14.144],[101.988,13.587],[101.998,13.5],[101.944,13.474],[101.995,13.336]]]},"properties":{"shapeName":"Sa Kaeo Province","shapeGroup":"THA"}},
{"type":"Feature","geometry":{"type":"MultiPolygon","coordinates":[[[[100.205,6.726],[100.217,6.88],[100.122,6.929],[100.046,7.063],[99.926,7.141],[99.877,7.066],[99.82,7.146],[99.734,7.129],[99.67,7.041],[99.697,6.856],[99.915,6.714],[99.975,6.629],[99.951,6.583],[99.985,6.607],[100.059,6.517],[100.089,6.551],[100.12,6.423],[100.175,6.683],[100.178,6.696],[100.205,6.726]]],[[[99.694,6.532],[99.647,6.739],[99.597,6.597],[99.653,6.503],[99.694,6.532]]]]},"properties":{"shapeName":"Satun Province","shapeGroup":"THA"}},
{"type":"Feature","geometry":{"type":"Polygon","coordinates":[[[105.185,10.914],[105.165,10.931],[105.116,10.925],[105.105,10.927],[105.112,10.953],[105.108,10.96],[105.102,10.961],[105.09,10.955],[105.079,10.95],[105.05,10.936],[105.042,10.929],[105.043,10.927],[105.032,10.908],[105.038,10.896],[105.098,10.721],[104.869,10.522],[104.779,10.519],[104.786,10.497],[104.82,10.439],[104.853,10.401],[105.215,10.203],[105.308,10.297],[105.423,10.286],[105.492,10.343],[105.557,10.528],[105.372,10.597],[105.344,10.743],[105.223,10.82],[105.207,10.848],[105.192,10.9],[105.186,10.912],[105.185,10.914]]]},"properties":{"shapeName":"An Giang","shapeGroup":"VNM"}},
{"type":"Feature","geometry":{"type":"Polygon","coordinates":[[[107.007,10.606],[107.014,10.494],[107.109,10.426],[107.083,10.327],[107.546,10.544],[107.492,10.72],[107.405,10.757],[107.295,10.655],[107.173,10.742],[107.007,10.606]]]},"properties":{"shapeName":"Bà Rịa–Vũng Tàu","shapeGroup":"VNM"}},
{"type":"Feature","geometry":{"type":"Polygon","coordinates":[[[106.611,21.262],[106.904,21.197],[107.018,21.226],[107.102,21.373],[106.872,21.586],[106.628,21.616],[106.435,21.408],[106.232,21.51],[106.233,21.608],[106.111,21.597],[106.095,21.413],[106.03,21.436],[105.969,21.35],[106.011,21.272],[106.386,21.166],[106.512,21.273],[106.611,21.262]]]},"properties":{"shapeName":"Bắc Giang","shapeGroup":"VNM"}},
{"type":"Feature","geometry":{"type":"Polygon","coordinates":[[[105.531,22.633],[105.596,22.507],[105.44,22.212],[105.573,21.964],[105.671,22.045],[105.771,22.008],[105.811,21.809],[106.057,21.959],[106.124,21.928],[106.123,22.059],[106.193,22.075],[106.265,22.207],[106.192,22.384],[106.113,22.405],[106.072,22.554],[105.917,22.474],[105.808,22.519],[105.738,22.617],[105.75,22.731],[105.531,22.633]]]},"properties":{"shapeName":"Bắc Kạn","shapeGroup":"VNM"}},
{"type":"Feature","geometry":{"type":"Polygon","coordinates":[[[105.55,9.615],[105.403,9.634],[105.379,9.621],[105.282,9.626],[105.32,9.547],[105.265,9.426],[105.262,9.133],[105.441,9.059],[105.838,9.262],[105.862,9.398],[105.681,9.401],[105.55,9.463],[105.55,9.615]]]},"properties":{"shapeName":"Bạc Liêu","shapeGroup":"VNM"}},
{"type":"Feature","geometry":{"type":"Polygon","coordinates":[[[106.011,21.272],[105.959,21.143],[106.043,21.08],[106.03,21.018],[106.199,20.978],[106.349,21.026],[106.386,21.166],[106.011,21.272]]]},"properties":{"shapeName":"Bắc Ninh","shapeGroup":"VNM"}},
{"type":"Feature","geometry":{"type":"Polygon","coordinates":[[[106.663,10.254],[106.348,10.32],[106.033,10.297],[106.16,10.195],[106.213,10.15],[106.258,10.09],[106.562,9.839],[106.657,9.828],[106.685,9.894],[106.613,9.964],[106.793,10.114],[106.784,10.179],[106.663,10.254]]]},"properties":{"shapeName":"Bến Tre","shapeGroup":"VNM"}},
{"type":"Feature","geometry":{"type":"Polygon","coordinates":[[[108.687,14.565],[108.656,14.488],[108.723,14.153],[108.796,14.041],[108.773,13.94],[108.857,13.77],[108.854,13.568],[109.007,13.537],[109.169,13.679],[109.232,13.678],[109.23,13.85],[109.295,13.766],[109.298,13.885],[109.089,14.66],[108.956,14.716],[108.687,14.565]]]},"properties":{"shapeName":"Bình Định","shapeGroup":"VNM"}},
{"type":"Feature","geometry":{"type":"Polygon","coordinates":[[[106.446,11.473],[106.363,11.279],[106.468,11.127],[106.6,11.032],[106.692,10.875],[106.811,10.91],[106.783,11.006],[106.937,11.057],[106.9,11.214],[106.949,11.305],[106.856,11.291],[106.769,11.351],[106.772,11.445],[106.652,11.32],[106.572,11.337],[106.566,11.428],[106.446,11.473]]]},"properties":{"shapeName":"Bình Dương","shapeGroup":"VNM"}},
{"type":"Feature","geometry":{"type":"Polygon","coordinates":[[[106.949,11.305],[107.084,11.47],[107.314,11.546],[107.261,11.642],[107.284,11.725],[107.398,11.768],[107.431,11.854],[107.243,12.054],[107.212,12.285],[107.168,12.282],[107.151,12.265],[107.145,12.253],[107.138,12.243],[107.139,12.242],[107.135,12.238],[107.139,12.237],[107.139,12.23],[107.093,12.181],[107.086,12.181],[107.087,12.186],[107.086,12.185],[107.076,12.173],[107.076,12.171],[107.08,12.169],[107.079,12.163],[106.99,12.085],[106.96,12.077],[106.953,12.072],[106.947,12.071],[106.945,12.068],[106.916,12.062],[106.914,12.064],[106.894,12.061],[106.866,12.061],[106.822,12.078],[106.792,12.078],[106.733,11.981],[106.722,11.974],[106.721,11.969],[106.719,11.973],[106.712,11.969],[106.706,11.967],[106.704,11.966],[106.704,11.967],[106.698,11.967],[106.696,11.965],[106.693,11.964],[106.683,11.965],[106.68,11.969],[106.671,11.971],[106.663,11.982],[106.655,11.981],[106.656,11.97],[106.659,11.969],[106.66,11.965],[106.636,11.961],[106.492,11.969],[106.491,11.97],[106.478,11.971],[106.466,11.974],[106.458,11.984],[106.412,11.974],[106.463,11.88],[106.463,11.874],[106.464,11.867],[106.464,11.866],[106.446,11.85],[106.446,11.822],[106.426,11.786],[106.423,11.738],[106.423,11.729],[106.426,11.718],[106.439,11.705],[106.45,11.692],[106.453,11.683],[106.453,11.68],[106.452,11.677],[106.451,11.672],[106.449,11.671],[106.447,11.668],[106.491,11.55],[106.446,11.473],[106.566,11.428],[106.572,11.337],[106.652,11.32],[106.772,11.445],[106.769,11.351],[106.856,11.291],[106.949,11.305]]]},"properties":{"shapeName":"Bình Phước","shapeGroup":"VNM"}},
{"type":"Feature","geometry":{"type":"Polygon","coordinates":[[[107.546,10.544],[107.828,10.692],[108.004,10.703],[108.097,10.907],[108.232,10.95],[108.299,10.918],[108.551,11.156],[108.71,11.157],[108.777,11.285],[108.852,11.314],[108.576,11.552],[108.541,11.51],[108.275,11.507],[108.291,11.393],[108.05,11.227],[108.028,11.326],[107.939,11.356],[107.764,11.383],[107.684,11.341],[107.569,11.397],[107.535,11.357],[107.398,11.046],[107.53,10.984],[107.551,10.813],[107.492,10.72],[107.546,10.544]]]},"properties":{"shapeName":"Bình Thuận","shapeGroup":"VNM"}},
{"type":"Feature","geometry":{"type":"Polygon","coordinates":[[[105.265,9.426],[105.014,9.589],[104.841,9.572],[104.778,8.824],[104.798,8.788],[104.886,8.816],[104.715,8.613],[104.928,8.581],[105.108,8.658],[105.318,8.835],[105.441,9.059],[105.262,9.133],[105.265,9.426]]]},"properties":{"shapeName":"Cà Mau","shapeGroup":"VNM"}},
{"type":"Feature","geometry":{"type":"Polygon","coordinates":[[[105.215,10.203],[105.549,9.91],[105.872,9.906],[105.903,9.941],[105.685,10.139],[105.596,10.288],[105.492,10.343],[105.423,10.286],[105.308,10.297],[105.215,10.203]]]},"properties":{"shapeName":"Cần Thơ","shapeGroup":"VNM"}},
{"type":"Feature","geometry":{"type":"Polygon","coordinates":[[[106.192,22.384],[106.253,22.431],[106.376,22.34],[106.48,22.334],[106.581,22.395],[106.621,22.567],[106.728,22.588],[106.838,22.803],[106.557,22.932],[106.306,22.868],[106.175,22.985],[105.883,22.924],[105.726,23.069],[105.584,23.074],[105.566,23.119],[105.268,22.872],[105.45,22.768],[105.502,22.636],[105.531,22.633],[105.75,22.731],[105.738,22.617],[105.808,22.519],[105.917,22.474],[106.072,22.554],[106.113,22.405],[106.192,22.384]]]},"properties":{"shapeName":"Cao Bằng","shapeGroup":"VNM"}},
{"type":"Feature","geometry":{"type":"Polygon","coordinates":[[[106.642,8.703],[106.655,8.752],[106.539,8.636],[106.62,8.638],[106.618,8.694],[106.716,8.664],[106.642,8.703]]]},"properties":{"shapeName":"Côn Đảo","shapeGroup":"VNM"}},
{"type":"Feature","geometry":{"type":"Polygon","coordinates":[[[108.292,15.971],[108.253,16.078],[108.334,16.131],[108.245,16.148],[108.179,16.08],[108.132,16.127],[108.15,16.172],[108.186,16.199],[108.193,16.204],[108.195,16.209],[108.158,16.202],[107.887,16.192],[107.819,16.058],[107.984,16.042],[108.015,15.92],[108.292,15.971]]]},"properties":{"shapeName":"Đà Nẵng","shapeGroup":"VNM"}},
{"type":"Feature","geometry":{"type":"Polygon","coordinates":[[[107.623,13.318],[107.603,13.302],[107.548,13.17],[107.495,13.023],[107.492,13.021],[107.491,13.012],[107.492,13.002],[107.498,12.998],[107.504,12.976],[107.488,12.971],[107.485,12.948],[107.554,12.818],[107.552,12.806],[107.557,12.805],[107.56,12.796],[107.562,12.797],[107.57,12.798],[107.592,12.798],[107.628,12.803],[107.794,12.766],[107.877,12.788],[108.049,12.606],[107.916,12.538],[107.994,12.5],[107.963,12.405],[108.113,12.327],[108.122,12.179],[108.241,12.17],[108.683,12.321],[108.712,12.459],[108.783,12.503],[108.87,12.457],[108.872,12.616],[109.016,12.714],[108.981,12.811],[108.865,12.82],[108.673,12.996],[108.531,13.039],[108.348,13.345],[108.139,13.43],[107.826,13.411],[107.623,13.318]]]},"properties":{"shapeName":"Đắk Lắk","shapeGroup":"VNM"}},
{"type":"Feature","geometry":{"type":"Polygon","coordinates":[[[107.398,11.768],[107.552,11.794],[107.696,11.918],[107.752,11.852],[107.881,11.873],[107.909,11.801],[108.051,11.817],[108.093,11.881],[107.955,12.066],[108.122,12.179],[108.113,12.327],[107.963,12.405],[107.994,12.5],[107.916,12.538],[108.049,12.606],[107.877,12.788],[107.794,12.766],[107.628,12.803],[107.592,12.798],[107.57,12.798],[107.562,12.797],[107.56,12.796],[107.563,12.788],[107.56,12.747],[107.567,12.732],[107.56,12.708],[107.582,12.68],[107.59,12.559],[107.544,12.351],[107.418,12.24],[107.416,12.246],[107.398,12.248],[107.367,12.303],[107.325,12.324],[107.212,12.285],[107.243,12.054],[107.431,11.854],[107.398,11.768]]]},"properties":{"shapeName":"Đắk Nông","shapeGroup":"VNM"}},
{"type":"Feature","geometry":{"type":"Polygon","coordinates":[[[102.325,22.541],[102.254,22.462],[102.274,22.413],[102.182,22.43],[102.148,22.388],[102.199,22.341],[102.197,22.308],[102.206,22.3],[102.23,22.285],[102.234,22.283],[102.234,22.281],[102.24,22.27],[102.246,22.238],[102.25,22.236],[102.258,22.235],[102.26,22.236],[102.261,22.234],[102.273,22.236],[102.274,22.235],[102.272,22.228],[102.282,22.224],[102.297,22.205],[102.306,22.203],[102.308,22.203],[102.309,22.209],[102.313,22.208],[102.33,22.195],[102.331,22.192],[102.334,22.189],[102.339,22.175],[102.347,22.167],[102.355,22.166],[102.359,22.167],[102.362,22.165],[102.364,22.164],[102.375,22.16],[102.378,22.153],[102.384,22.149],[102.384,22.138],[102.397,22.136],[102.42,22.125],[102.432,22.117],[102.435,22.117],[102.434,22.114],[102.446,22.098],[102.45,22.076],[102.463,22.069],[102.468,22.062],[102.469,22.062],[102.472,22.062],[102.484,22.043],[102.492,22.039],[102.493,22.038],[102.503,22.037],[102.507,22.036],[102.509,22.036],[102.514,22.033],[102.518,22.03],[102.519,22.03],[102.521,22.024],[102.516,22.02],[102.512,22.018],[102.508,22.015],[102.504,22.014],[102.497,22.011],[102.488,22.002],[102.504,21.979],[102.528,21.963],[102.535,21.96],[102.562,21.943],[102.564,21.94],[102.567,21.938],[102.579,21.934],[102.582,21.932],[102.603,21.925],[102.604,21.924],[102.608,21.922],[102.613,21.92],[102.614,21.918],[102.617,21.916],[102.619,21.91],[102.619,21.908],[102.621,21.9],[102.617,21.891],[102.615,21.881],[102.616,21.874],[102.62,21.871],[102.629,21.869],[102.628,21.866],[102.635,21.862],[102.644,21.86],[102.645,21.858],[102.642,21.848],[102.651,21.826],[102.651,21.824],[102.653,21.821],[102.665,21.782],[102.651,21.729],[102.676,21.659],[102.685,21.656],[102.686,21.658],[102.689,21.659],[102.687,21.661],[102.693,21.664],[102.749,21.664],[102.78,21.701],[102.797,21.707],[102.815,21.732],[102.82,21.731],[102.824,21.734],[102.82,21.756],[102.821,21.796],[102.816,21.811],[102.816,21.832],[102.834,21.848],[102.839,21.845],[102.84,21.845],[102.843,21.846],[102.852,21.842],[102.858,21.819],[102.857,21.815],[102.859,21.81],[102.864,21.776],[102.864,21.72],[102.865,21.715],[102.87,21.713],[102.873,21.708],[102.877,21.706],[102.878,21.703],[102.879,21.703],[102.881,21.705],[102.882,21.709],[102.886,21.712],[102.902,21.719],[102.955,21.729],[102.974,21.745],[102.989,21.721],[102.989,21.706],[102.985,21.703],[102.991,21.684],[102.991,21.672],[102.987,21.641],[102.998,21.599],[102.993,21.589],[102.992,21.586],[102.991,21.586],[102.969,21.544],[102.876,21.44],[102.875,21.425],[102.88,21.425],[102.899,21.436],[102.9,21.434],[102.909,21.446],[102.916,21.449],[102.918,21.449],[102.92,21.45],[102.92,21.453],[102.924,21.456],[102.942,21.457],[102.94,21.453],[102.943,21.453],[102.942,21.439],[102.893,21.359],[102.9,21.339],[102.898,21.321],[102.9,21.317],[102.897,21.305],[102.896,21.304],[102.872,21.287],[102.821,21.26],[102.819,21.253],[102.82,21.253],[102.821,21.25],[102.825,21.247],[102.829,21.247],[102.83,21.248],[102.843,21.247],[102.864,21.257],[102.892,21.246],[102.898,21.241],[102.899,21.238],[102.911,21.231],[102.911,21.23],[102.912,21.23],[102.911,21.204],[102.908,21.201],[102.908,21.196],[102.907,21.195],[102.908,21.183],[102.913,21.169],[102.924,21.159],[102.925,21.161],[102.928,21.163],[102.937,21.159],[102.949,21.141],[102.949,21.138],[102.942,21.131],[102.947,21.122],[102.968,21.103],[102.97,21.075],[102.993,21.062],[103.005,21.061],[103.008,21.064],[103.012,21.063],[103.014,21.065],[103.024,21.059],[103.024,21.058],[103.025,21.058],[103.026,21.059],[103.034,21.059],[103.084,20.97],[103.085,20.956],[103.085,20.955],[103.089,20.949],[103.098,20.934],[103.1,20.936],[103.104,20.934],[103.107,20.925],[103.105,20.923],[103.105,20.922],[103.106,20.918],[103.11,20.917],[103.112,20.912],[103.11,20.911],[103.121,20.902],[103.122,20.904],[103.127,20.909],[103.161,20.907],[103.166,20.917],[103.211,20.901],[103.215,20.899],[103.216,20.897],[103.217,20.896],[103.296,20.961],[103.284,21.09],[103.419,21.068],[103.438,21.286],[103.338,21.416],[103.444,21.428],[103.6,21.671],[103.486,21.897],[103.503,21.964],[103.366,22.148],[103.289,22.038],[103.119,22.074],[102.977,22.024],[102.929,22.091],[102.806,22.059],[102.729,22.232],[102.676,22.245],[102.661,22.172],[102.521,22.252],[102.325,22.541]]]},"properties":{"shapeName":"Điện Biên","shapeGroup":"VNM"}},
{"type":"Feature","geometry":{"type":"Polygon","coordinates":[[[107.492,10.72],[107.551,10.813],[107.53,10.984],[107.398,11.046],[107.535,11.357],[107.435,11.433],[107.452,11.497],[107.314,11.546],[107.084,11.47],[106.949,11.305],[106.9,11.214],[106.937,11.057],[106.783,11.006],[106.811,10.91],[106.87,10.779],[106.737,10.663],[106.97,10.545],[107.007,10.606],[107.173,10.742],[107.295,10.655],[107.405,10.757],[107.492,10.72]]]},"properties":{"shapeName":"Đồng Nai","shapeGroup":"VNM"}},
{"type":"Feature","geometry":{"type":"Polygon","coordinates":[[[105.492,10.343],[105.596,10.288],[105.685,10.139],[105.731,10.224],[105.816,10.176],[105.911,10.213],[105.895,10.278],[105.8,10.374],[105.927,10.539],[105.843,10.636],[105.739,10.701],[105.611,10.832],[105.586,10.89],[105.512,10.95],[105.505,10.949],[105.499,10.953],[105.497,10.947],[105.427,10.973],[105.338,10.86],[105.187,10.912],[105.187,10.916],[105.184,10.915],[105.185,10.914],[105.186,10.912],[105.192,10.9],[105.207,10.848],[105.223,10.82],[105.344,10.743],[105.372,10.597],[105.557,10.528],[105.492,10.343]]]},"properties":{"shapeName":"Đồng Tháp","shapeGroup":"VNM"}},
{"type":"Feature","geometry":{"type":"Polygon","coordinates":[[[108.687,14.565],[108.631,14.615],[108.434,14.623],[108.445,14.55],[108.346,14.439],[108.16,14.386],[108.022,14.27],[107.914,14.301],[107.85,14.243],[107.716,14.237],[107.657,14.09],[107.468,13.972],[107.456,13.949],[107.466,13.922],[107.466,13.921],[107.463,13.908],[107.462,13.883],[107.462,13.878],[107.469,13.858],[107.468,13.857],[107.454,13.842],[107.443,13.819],[107.444,13.796],[107.52,13.75],[107.546,13.707],[107.563,13.671],[107.565,13.658],[107.571,13.64],[107.582,13.609],[107.61,13.56],[107.619,13.529],[107.626,13.467],[107.625,13.409],[107.625,13.378],[107.623,13.358],[107.622,13.353],[107.62,13.339],[107.609,13.307],[107.623,13.318],[107.826,13.411],[108.139,13.43],[108.348,13.345],[108.531,13.039],[108.673,12.996],[108.756,13.039],[108.764,13.136],[108.842,13.168],[108.878,13.262],[108.796,13.478],[108.72,13.511],[108.783,13.581],[108.854,13.568],[108.857,13.77],[108.773,13.94],[108.796,14.041],[108.723,14.153],[108.656,14.488],[108.687,14.565]]]},"properties":{"shapeName":"Gia Lai","shapeGroup":"VNM"}},
{"type":"Feature","geometry":{"type":"Polygon","coordinates":[[[105.566,23.119],[105.556,23.186],[105.3,23.383],[105.229,23.279],[105.066,23.263],[104.812,23.131],[104.864,22.939],[104.738,22.828],[104.568,22.849],[104.362,22.692],[104.467,22.608],[104.423,22.528],[104.577,22.347],[104.586,22.25],[104.72,22.254],[104.766,22.167],[104.849,22.186],[104.906,22.202],[104.912,22.324],[105.043,22.286],[105.144,22.683],[105.31,22.612],[105.502,22.636],[105.45,22.768],[105.268,22.872],[105.566,23.119]]]},"properties":{"shapeName":"Hà Giang","shapeGroup":"VNM"}},
{"type":"Feature","geometry":{"type":"Polygon","coordinates":[[[105.932,20.366],[106.11,20.471],[106.232,20.478],[106.167,20.618],[106.118,20.609],[106.073,20.697],[105.891,20.647],[105.814,20.546],[105.884,20.398],[105.932,20.366]]]},"properties":{"shapeName":"Hà Nam","shapeGroup":"VNM"}},
{"type":"Feature","geometry":{"type":"Polygon","coordinates":[[[105.969,21.35],[105.853,21.399],[105.788,21.274],[105.862,21.206],[105.835,21.14],[105.683,21.187],[105.567,21.162],[105.5,21.28],[105.433,21.296],[105.362,21.185],[105.4,21.003],[105.514,21.024],[105.642,20.919],[105.621,20.804],[105.685,20.824],[105.714,20.621],[105.814,20.546],[105.891,20.647],[106.073,20.697],[105.959,20.923],[106.03,21.018],[106.043,21.08],[105.959,21.143],[106.011,21.272],[105.969,21.35]]]},"properties":{"shapeName":"Hà Nội\t","shapeGroup":"VNM"}},
{"type":"Feature","geometry":{"type":"Polygon","coordinates":[[[105.189,18.601],[105.127,18.463],[105.21,18.317],[105.252,18.291],[105.271,18.263],[105.285,18.259],[105.303,18.241],[105.303,18.244],[105.307,18.252],[105.305,18.257],[105.31,18.266],[105.329,18.265],[105.329,18.258],[105.341,18.252],[105.373,18.166],[105.376,18.165],[105.376,18.166],[105.384,18.17],[105.409,18.154],[105.42,18.184],[105.431,18.179],[105.433,18.179],[105.433,18.188],[105.443,18.201],[105.442,18.202],[105.443,18.204],[105.448,18.203],[105.456,18.207],[105.479,18.203],[105.485,18.2],[105.486,18.201],[105.491,18.203],[105.494,18.2],[105.491,18.195],[105.501,18.189],[105.583,18.075],[105.587,18.02],[105.598,18.008],[105.604,18.009],[105.605,18.01],[105.614,18.012],[105.615,18.01],[105.624,18.006],[105.628,17.995],[105.629,17.995],[105.644,17.992],[105.644,17.985],[105.645,17.985],[105.859,18.025],[105.91,18.09],[106.15,17.918],[106.271,17.919],[106.341,17.99],[106.509,17.961],[106.438,18.018],[106.421,18.132],[106.367,18.11],[106.025,18.346],[105.825,18.593],[105.774,18.761],[105.775,18.678],[105.729,18.673],[105.677,18.583],[105.564,18.563],[105.464,18.617],[105.189,18.601]]]},"properties":{"shapeName":"Hà Tĩnh","shapeGroup":"VNM"}},
{"type":"Feature","geometry":{"type":"Polygon","coordinates":[[[106.386,21.166],[106.349,21.026],[106.199,20.978],[106.19,20.833],[106.299,20.692],[106.423,20.722],[106.576,20.781],[106.733,21.079],[106.568,21.135],[106.611,21.262],[106.512,21.273],[106.386,21.166]]]},"properties":{"shapeName":"Hải Dương","shapeGroup":"VNM"}},
{"type":"Feature","geometry":{"type":"MultiPolygon","coordinates":[[[[106.423,20.722],[106.507,20.631],[106.636,20.631],[106.765,20.654],[106.793,20.729],[106.892,20.767],[106.913,20.987],[106.877,21.051],[106.733,21.079],[106.576,20.781],[106.423,20.722]]],[[[107.015,20.852],[107.041,20.913],[106.971,20.864],[107.015,20.852]]],[[[107.169,20.801],[107.193,20.907],[107.082,20.925],[107.084,20.854],[107.169,20.801]]]]},"properties":{"shapeName":"Hải Phòng","shapeGroup":"VNM"}},
{"type":"Feature","geometry":{"type":"Polygon","coordinates":[[[105.55,9.615],[105.828,9.74],[105.872,9.906],[105.549,9.91],[105.344,9.694],[105.395,9.65],[105.403,9.634],[105.55,9.615]]]},"properties":{"shapeName":"Hậu Giang","shapeGroup":"VNM"}},
{"type":"Feature","geometry":{"type":"Polygon","coordinates":[[[107.007,10.606],[106.97,10.545],[106.737,10.663],[106.87,10.779],[106.811,10.91],[106.692,10.875],[106.6,11.032],[106.468,11.127],[106.419,10.929],[106.534,10.849],[106.477,10.682],[106.536,10.614],[106.695,10.6],[106.746,10.509],[106.791,10.403],[106.88,10.331],[106.936,10.48],[107.014,10.494],[107.007,10.606]]]},"properties":{"shapeName":"Ho Chi Minh","shapeGroup":"VNM"}},
{"type":"Feature","geometry":{"type":"Polygon","coordinates":[[[105.814,20.546],[105.714,20.621],[105.685,20.824],[105.621,20.804],[105.642,20.919],[105.514,21.024],[105.4,21.003],[105.368,20.923],[105.204,20.929],[104.939,21.091],[104.91,21.032],[105.047,20.896],[105.071,20.792],[105.026,20.737],[104.889,20.759],[104.856,20.655],[104.964,20.564],[105.098,20.557],[105.54,20.331],[105.691,20.287],[105.74,20.32],[105.718,20.394],[105.884,20.398],[105.814,20.546]]]},"properties":{"shapeName":"Hòa Bình","shapeGroup":"VNM"}},
{"type":"Feature","geometry":{"type":"Polygon","coordinates":[[[106.03,21.018],[105.959,20.923],[106.073,20.697],[106.118,20.609],[106.167,20.618],[106.299,20.692],[106.19,20.833],[106.199,20.978],[106.03,21.018]]]},"properties":{"shapeName":"Hưng Yên","shapeGroup":"VNM"}},
{"type":"Feature","geometry":{"type":"MultiPolygon","coordinates":[[[[108.683,12.321],[108.729,12.161],[108.793,12.156],[108.872,11.934],[109.117,11.807],[109.182,11.813],[109.185,11.875],[109.141,11.819],[109.112,11.864],[109.193,11.963],[109.219,11.838],[109.278,11.879],[109.194,12.078],[109.239,12.303],[109.169,12.433],[109.279,12.348],[109.336,12.389],[109.213,12.591],[109.32,12.753],[109.36,12.712],[109.307,12.609],[109.444,12.562],[109.465,12.673],[109.394,12.739],[109.392,12.846],[109.19,12.825],[109.016,12.714],[108.872,12.616],[108.87,12.457],[108.783,12.503],[108.712,12.459],[108.683,12.321]]],[[[109.247,12.229],[109.284,12.176],[109.329,12.195],[109.247,12.229]]]]},"properties":{"shapeName":"Khánh Hòa","shapeGroup":"VNM"}},
{"type":"Feature","geometry":{"type":"MultiPolygon","coordinates":[[[[104.777,10.524],[104.719,10.532],[104.716,10.533],[104.694,10.537],[104.668,10.542],[104.651,10.539],[104.65,10.539],[104.646,10.537],[104.633,10.531],[104.614,10.533],[104.607,10.532],[104.596,10.53],[104.587,10.521],[104.579,10.514],[104.57,10.499],[104.558,10.481],[104.54,10.453],[104.537,10.448],[104.521,10.418],[104.506,10.419],[104.492,10.419],[104.488,10.422],[104.474,10.429],[104.471,10.43],[104.458,10.432],[104.436,10.426],[104.433,10.377],[104.565,10.303],[104.599,10.165],[104.765,10.235],[104.873,10.118],[104.997,10.106],[105.096,10.019],[105.1,9.97],[104.889,9.831],[104.841,9.572],[105.014,9.589],[105.265,9.426],[105.32,9.547],[105.282,9.626],[105.379,9.621],[105.395,9.65],[105.344,9.694],[105.549,9.91],[105.215,10.203],[104.853,10.401],[104.82,10.439],[104.786,10.497],[104.779,10.519],[104.777,10.524]]],[[[104.363,9.761],[104.372,9.797],[104.333,9.752],[104.348,9.697],[104.407,9.721],[104.363,9.761]]],[[[104.065,10.365],[103.985,10.448],[103.931,10.362],[103.838,10.376],[103.953,10.247],[104.015,9.988],[104.065,10.365]]]]},"properties":{"shapeName":"Kiên Giang","shapeGroup":"VNM"}},
{"type":"Feature","geometry":{"type":"Polygon","coordinates":[[[108.631,14.615],[108.579,14.667],[108.617,14.779],[108.474,14.855],[108.316,15.042],[108.234,15.078],[108.225,14.984],[108.036,15.031],[108.053,15.16],[107.797,15.229],[107.663,15.402],[107.636,15.414],[107.617,15.403],[107.614,15.399],[107.61,15.393],[107.601,15.381],[107.601,15.377],[107.638,15.312],[107.634,15.223],[107.598,15.191],[107.6,15.185],[107.604,15.176],[107.615,15.163],[107.623,15.14],[107.612,15.047],[107.586,15.03],[107.576,15.038],[107.563,15.043],[107.554,15.044],[107.551,15.045],[107.52,15.033],[107.516,15.032],[107.484,15.025],[107.479,15.022],[107.473,15.018],[107.469,15.016],[107.465,15.004],[107.47,15],[107.475,14.995],[107.476,14.993],[107.477,14.991],[107.479,14.987],[107.486,14.961],[107.497,14.943],[107.595,14.882],[107.582,14.847],[107.52,14.796],[107.527,14.725],[107.553,14.712],[107.559,14.664],[107.558,14.64],[107.556,14.637],[107.558,14.634],[107.56,14.623],[107.489,14.407],[107.481,14.403],[107.477,14.405],[107.476,14.406],[107.472,14.407],[107.468,14.405],[107.461,14.406],[107.458,14.413],[107.453,14.414],[107.453,14.416],[107.449,14.415],[107.446,14.403],[107.441,14.396],[107.444,14.396],[107.44,14.382],[107.415,14.363],[107.414,14.362],[107.411,14.355],[107.394,14.327],[107.393,14.314],[107.397,14.312],[107.397,14.307],[107.407,14.298],[107.408,14.236],[107.335,14.115],[107.374,14.084],[107.371,14.07],[107.369,14.067],[107.366,14.056],[107.364,14.049],[107.366,14.035],[107.364,14.032],[107.36,14.029],[107.36,14.023],[107.368,14.011],[107.396,13.995],[107.417,13.994],[107.422,13.994],[107.428,13.998],[107.432,13.994],[107.443,13.998],[107.455,13.98],[107.456,13.97],[107.458,13.961],[107.455,13.948],[107.468,13.972],[107.657,14.09],[107.716,14.237],[107.85,14.243],[107.914,14.301],[108.022,14.27],[108.16,14.386],[108.346,14.439],[108.445,14.55],[108.434,14.623],[108.631,14.615]]]},"properties":{"shapeName":"Kon Tum","shapeGroup":"VNM"}},
{"type":"Feature","geometry":{"type":"Polygon","coordinates":[[[103.503,21.964],[103.535,22.014],[103.651,21.986],[103.71,21.821],[103.855,21.694],[103.924,21.701],[103.976,21.749],[103.893,21.891],[103.984,21.969],[103.941,22.125],[103.769,22.313],[103.773,22.39],[103.621,22.398],[103.537,22.589],[103.345,22.816],[103.064,22.443],[102.918,22.498],[102.84,22.621],[102.496,22.772],[102.325,22.541],[102.521,22.252],[102.661,22.172],[102.676,22.245],[102.729,22.232],[102.806,22.059],[102.929,22.091],[102.977,22.024],[103.119,22.074],[103.289,22.038],[103.366,22.148],[103.503,21.964]]]},"properties":{"shapeName":"Lai Châu","shapeGroup":"VNM"}},
{"type":"Feature","geometry":{"type":"Polygon","coordinates":[[[107.314,11.546],[107.452,11.497],[107.435,11.433],[107.535,11.357],[107.569,11.397],[107.684,11.341],[107.764,11.383],[107.939,11.356],[108.028,11.326],[108.05,11.227],[108.291,11.393],[108.275,11.507],[108.541,11.51],[108.576,11.552],[108.566,11.607],[108.694,11.674],[108.628,11.799],[108.729,12.161],[108.683,12.321],[108.241,12.17],[108.122,12.179],[107.955,12.066],[108.093,11.881],[108.051,11.817],[107.909,11.801],[107.881,11.873],[107.752,11.852],[107.696,11.918],[107.552,11.794],[107.398,11.768],[107.284,11.725],[107.261,11.642],[107.314,11.546]]]},"properties":{"shapeName":"Lâm Đồng","shapeGroup":"VNM"}},
{"type":"Feature","geometry":{"type":"Polygon","coordinates":[[[107.102,21.373],[107.34,21.421],[107.279,21.558],[107.391,21.612],[107.323,21.734],[107.265,21.702],[107.044,21.825],[107.05,21.938],[106.802,22.01],[106.723,21.983],[106.713,22.282],[106.581,22.395],[106.48,22.334],[106.376,22.34],[106.253,22.431],[106.192,22.384],[106.265,22.207],[106.193,22.075],[106.123,22.059],[106.124,21.928],[106.169,21.904],[106.14,21.778],[106.278,21.715],[106.233,21.608],[106.232,21.51],[106.435,21.408],[106.628,21.616],[106.872,21.586],[107.102,21.373]]]},"properties":{"shapeName":"Lạng Sơn","shapeGroup":"VNM"}},
{"type":"Feature","geometry":{"type":"Polygon","coordinates":[[[104.362,22.692],[104.265,22.753],[104.283,22.84],[104.12,22.811],[103.978,22.506],[103.642,22.795],[103.537,22.589],[103.621,22.398],[103.773,22.39],[103.769,22.313],[103.941,22.125],[103.984,21.969],[104.03,21.907],[104.229,21.875],[104.233,21.933],[104.388,21.855],[104.46,21.922],[104.4,22.043],[104.417,22.185],[104.585,22.072],[104.637,22.192],[104.586,22.25],[104.577,22.347],[104.423,22.528],[104.467,22.608],[104.362,22.692]]]},"properties":{"shapeName":"Lào Cai","shapeGroup":"VNM"}},
{"type":"Feature","geometry":{"type":"Polygon","coordinates":[[[105.927,10.539],[106.277,10.56],[106.464,10.377],[106.675,10.415],[106.746,10.509],[106.695,10.6],[106.536,10.614],[106.477,10.682],[106.534,10.849],[106.419,10.929],[106.313,10.992],[106.26,10.965],[106.236,10.964],[106.203,10.974],[106.199,10.975],[106.16,10.983],[106.155,10.982],[106.153,10.982],[106.151,10.982],[106.148,10.979],[106.144,10.975],[106.143,10.974],[106.146,10.96],[106.148,10.93],[106.149,10.918],[106.192,10.845],[106.194,10.791],[106.191,10.793],[106.158,10.812],[106.094,10.808],[106.068,10.814],[106.011,10.856],[105.942,10.92],[105.929,10.853],[105.861,10.868],[105.856,10.873],[105.855,10.881],[105.853,10.906],[105.843,10.926],[105.79,10.993],[105.781,11.027],[105.775,11.032],[105.772,11.034],[105.749,11.036],[105.667,11.003],[105.611,10.99],[105.61,10.985],[105.607,10.983],[105.614,10.974],[105.537,10.952],[105.512,10.95],[105.586,10.89],[105.611,10.832],[105.739,10.701],[105.843,10.636],[105.927,10.539]]]},"properties":{"shapeName":"Long An","shapeGroup":"VNM"}},
{"type":"Feature","geometry":{"type":"Polygon","coordinates":[[[105.932,20.366],[106.006,20.258],[106.175,20.187],[106.101,19.98],[106.172,19.959],[106.429,20.204],[106.588,20.211],[106.599,20.303],[106.378,20.374],[106.304,20.336],[106.324,20.408],[106.232,20.478],[106.11,20.471],[105.932,20.366]]]},"properties":{"shapeName":"Nam Định","shapeGroup":"VNM"}},
{"type":"Feature","geometry":{"type":"Polygon","coordinates":[[[105.729,18.673],[105.772,18.677],[105.761,18.76],[105.615,18.934],[105.609,19.035],[105.641,19.097],[105.731,19.101],[105.804,19.307],[105.676,19.322],[105.523,19.462],[105.38,19.477],[105.341,19.547],[105.283,19.512],[105.268,19.666],[105.132,19.769],[105.184,19.934],[105.014,19.971],[104.958,20.03],[104.94,20.032],[104.935,20.035],[104.928,20.028],[104.926,20.021],[104.918,20.016],[104.903,19.968],[104.842,19.924],[104.84,19.914],[104.848,19.911],[104.845,19.906],[104.852,19.894],[104.86,19.864],[104.852,19.828],[104.836,19.818],[104.832,19.817],[104.832,19.814],[104.835,19.804],[104.831,19.791],[104.761,19.774],[104.753,19.75],[104.733,19.752],[104.724,19.759],[104.721,19.758],[104.713,19.751],[104.69,19.722],[104.656,19.65],[104.65,19.64],[104.651,19.637],[104.644,19.624],[104.527,19.615],[104.506,19.626],[104.499,19.649],[104.492,19.652],[104.492,19.653],[104.47,19.656],[104.462,19.654],[104.454,19.656],[104.445,19.673],[104.426,19.673],[104.423,19.701],[104.415,19.704],[104.364,19.694],[104.339,19.674],[104.337,19.678],[104.327,19.672],[104.32,19.666],[104.302,19.697],[104.284,19.694],[104.269,19.697],[104.263,19.702],[104.251,19.702],[104.189,19.673],[104.151,19.644],[104.076,19.676],[104.067,19.617],[104.129,19.541],[104.137,19.487],[104.067,19.407],[103.878,19.309],[103.912,19.303],[103.968,19.254],[104.013,19.236],[104.015,19.235],[104.071,19.244],[104.175,19.195],[104.207,19.158],[104.223,19.154],[104.227,19.153],[104.222,19.132],[104.223,19.117],[104.223,19.116],[104.235,19.108],[104.259,19.105],[104.273,19.112],[104.279,19.112],[104.291,19.114],[104.301,19.106],[104.335,19.079],[104.349,19.073],[104.353,19.071],[104.375,19.066],[104.387,19.06],[104.398,19.049],[104.399,19.048],[104.407,19.033],[104.416,19.024],[104.418,19.019],[104.418,19.017],[104.419,19.017],[104.449,18.987],[104.547,18.976],[104.753,18.799],[104.924,18.788],[104.961,18.743],[104.985,18.745],[105.006,18.744],[105.013,18.745],[105.017,18.746],[105.028,18.733],[105.044,18.731],[105.052,18.725],[105.056,18.72],[105.06,18.714],[105.075,18.706],[105.077,18.705],[105.097,18.706],[105.103,18.707],[105.107,18.708],[105.109,18.709],[105.139,18.699],[105.142,18.7],[105.151,18.702],[105.163,18.668],[105.179,18.66],[105.185,18.657],[105.19,18.655],[105.194,18.65],[105.195,18.648],[105.196,18.645],[105.197,18.642],[105.197,18.639],[105.197,18.627],[105.192,18.611],[105.19,18.605],[105.189,18.601],[105.464,18.617],[105.564,18.563],[105.677,18.583],[105.729,18.673]]]},"properties":{"shapeName":"Nghệ An","shapeGroup":"VNM"}},
{"type":"Feature","geometry":{"type":"Polygon","coordinates":[[[105.884,20.398],[105.718,20.394],[105.74,20.32],[105.691,20.287],[105.54,20.331],[105.749,20.151],[105.955,20.056],[106.074,20.066],[106.036,19.999],[106.066,19.926],[106.101,19.98],[106.175,20.187],[106.006,20.258],[105.932,20.366],[105.884,20.398]]]},"properties":{"shapeName":"Ninh Bình","shapeGroup":"VNM"}},
{"type":"Feature","geometry":{"type":"Polygon","coordinates":[[[108.852,11.314],[109.01,11.347],[109.036,11.579],[109.137,11.568],[109.237,11.732],[109.182,11.813],[109.117,11.807],[108.872,11.934],[108.793,12.156],[108.729,12.161],[108.628,11.799],[108.694,11.674],[108.566,11.607],[108.576,11.552],[108.852,11.314]]]},"properties":{"shapeName":"Ninh Thuận","shapeGroup":"VNM"}},
{"type":"Feature","geometry":{"type":"Polygon","coordinates":[[[105.5,21.28],[105.366,21.521],[105.27,21.653],[105.137,21.708],[104.95,21.635],[104.908,21.536],[104.96,21.418],[104.873,21.316],[104.939,21.091],[105.204,20.929],[105.368,20.923],[105.4,21.003],[105.362,21.185],[105.433,21.296],[105.5,21.28]]]},"properties":{"shapeName":"Phú Thọ","shapeGroup":"VNM"}},
{"type":"Feature","geometry":{"type":"Polygon","coordinates":[[[108.854,13.568],[108.783,13.581],[108.72,13.511],[108.796,13.478],[108.878,13.262],[108.842,13.168],[108.764,13.136],[108.756,13.039],[108.673,12.996],[108.865,12.82],[108.981,12.811],[109.016,12.714],[109.19,12.825],[109.392,12.846],[109.459,12.898],[109.307,13.12],[109.297,13.361],[109.228,13.443],[109.266,13.476],[109.297,13.398],[109.336,13.481],[109.232,13.678],[109.169,13.679],[109.007,13.537],[108.854,13.568]]]},"properties":{"shapeName":"Phú Yên","shapeGroup":"VNM"}},
{"type":"Feature","geometry":{"type":"Polygon","coordinates":[[[105.645,17.985],[105.645,17.96],[105.63,17.944],[105.619,17.887],[105.628,17.877],[105.649,17.861],[105.65,17.861],[105.661,17.857],[105.683,17.833],[105.684,17.824],[105.685,17.821],[105.693,17.781],[105.748,17.717],[105.755,17.674],[105.876,17.623],[106.204,17.276],[106.252,17.251],[106.261,17.253],[106.269,17.26],[106.272,17.261],[106.274,17.263],[106.276,17.285],[106.275,17.286],[106.275,17.294],[106.286,17.297],[106.304,17.295],[106.306,17.289],[106.309,17.287],[106.342,17.231],[106.323,17.198],[106.434,17.083],[106.431,17.017],[106.501,16.977],[106.525,16.977],[106.532,16.981],[106.537,16.993],[106.543,16.995],[106.545,17.003],[106.549,17.005],[106.549,16.992],[106.766,16.937],[106.861,17.081],[107.001,17.164],[106.757,17.363],[106.518,17.668],[106.446,17.845],[106.509,17.961],[106.341,17.99],[106.271,17.919],[106.15,17.918],[105.91,18.09],[105.859,18.025],[105.645,17.985]]]},"properties":{"shapeName":"Quảng Bình","shapeGroup":"VNM"}},
{"type":"Feature","geometry":{"type":"Polygon","coordinates":[[[107.819,16.058],[107.718,15.994],[107.618,16.058],[107.557,16.007],[107.47,16.025],[107.437,15.907],[107.223,15.83],[107.22,15.753],[107.407,15.499],[107.431,15.492],[107.434,15.491],[107.453,15.496],[107.473,15.496],[107.479,15.496],[107.508,15.476],[107.51,15.474],[107.514,15.47],[107.527,15.458],[107.545,15.413],[107.571,15.402],[107.577,15.402],[107.595,15.402],[107.615,15.403],[107.617,15.403],[107.636,15.414],[107.663,15.402],[107.797,15.229],[108.053,15.16],[108.036,15.031],[108.225,14.984],[108.234,15.078],[108.316,15.042],[108.365,15.291],[108.747,15.399],[108.292,15.971],[108.015,15.92],[107.984,16.042],[107.819,16.058]]]},"properties":{"shapeName":"Quảng Nam","shapeGroup":"VNM"}},
{"type":"Feature","geometry":{"type":"Polygon","coordinates":[[[109.089,14.66],[108.913,15.052],[108.904,15.19],[108.965,15.234],[108.89,15.274],[108.83,15.419],[108.747,15.399],[108.365,15.291],[108.316,15.042],[108.474,14.855],[108.617,14.779],[108.579,14.667],[108.631,14.615],[108.687,14.565],[108.956,14.716],[109.089,14.66]]]},"properties":{"shapeName":"Quảng Ngãi","shapeGroup":"VNM"}},
{"type":"Feature","geometry":{"type":"MultiPolygon","coordinates":[[[[106.611,21.262],[106.568,21.135],[106.733,21.079],[106.877,21.051],[106.913,20.987],[107.083,20.984],[107.165,20.919],[107.37,20.994],[107.466,21.079],[107.445,21.298],[107.638,21.319],[107.888,21.53],[107.943,21.508],[107.927,21.419],[108.079,21.491],[107.805,21.649],[107.6,21.605],[107.471,21.659],[107.391,21.612],[107.279,21.558],[107.34,21.421],[107.102,21.373],[107.018,21.226],[106.904,21.197],[106.611,21.262]]],[[[107.299,20.827],[107.279,20.888],[107.253,20.849],[107.299,20.827]]],[[[107.842,21.046],[107.811,21.085],[107.815,20.98],[107.911,21.072],[107.842,21.046]]],[[[107.528,20.902],[107.625,21.119],[107.315,20.89],[107.421,20.89],[107.489,20.822],[107.528,20.902]]],[[[107.554,21.284],[107.482,21.125],[107.544,21.122],[107.659,21.237],[107.554,21.284]]],[[[108,21.393],[107.835,21.372],[107.664,21.274],[108,21.393]]]]},"properties":{"shapeName":"Quảng Ninh","shapeGroup":"VNM"}},
{"type":"Feature","geometry":{"type":"Polygon","coordinates":[[[106.549,16.992],[106.554,16.707],[106.588,16.621],[106.598,16.611],[106.607,16.607],[106.61,16.607],[106.626,16.602],[106.625,16.597],[106.635,16.592],[106.646,16.594],[106.667,16.584],[106.666,16.582],[106.671,16.579],[106.67,16.568],[106.669,16.566],[106.672,16.562],[106.672,16.56],[106.663,16.556],[106.663,16.555],[106.651,16.54],[106.649,16.529],[106.653,16.518],[106.661,16.506],[106.665,16.503],[106.663,16.496],[106.664,16.491],[106.67,16.476],[106.673,16.476],[106.675,16.474],[106.674,16.465],[106.675,16.462],[106.68,16.453],[106.683,16.458],[106.693,16.449],[106.692,16.448],[106.69,16.446],[106.694,16.444],[106.703,16.438],[106.724,16.432],[106.743,16.42],[106.746,16.42],[106.746,16.424],[106.759,16.425],[106.763,16.426],[106.774,16.439],[106.775,16.443],[106.773,16.451],[106.775,16.459],[106.771,16.467],[106.802,16.464],[106.831,16.549],[106.841,16.549],[106.844,16.547],[106.846,16.549],[106.857,16.546],[106.902,16.524],[106.899,16.409],[106.973,16.311],[107.004,16.314],[107.028,16.306],[107.04,16.308],[107.046,16.304],[107.05,16.303],[107.052,16.305],[107.089,16.311],[107.092,16.308],[107.095,16.306],[107.099,16.306],[107.164,16.393],[107.074,16.537],[107.301,16.585],[107.389,16.742],[107.001,17.164],[106.861,17.081],[106.766,16.937],[106.549,16.992]]]},"properties":{"shapeName":"Quảng Trị","shapeGroup":"VNM"}},
{"type":"Feature","geometry":{"type":"Polygon","coordinates":[[[105.838,9.262],[106.19,9.349],[106.283,9.511],[106.296,9.56],[106.087,9.786],[105.921,9.933],[105.903,9.941],[105.872,9.906],[105.828,9.74],[105.55,9.615],[105.55,9.463],[105.681,9.401],[105.862,9.398],[105.838,9.262]]]},"properties":{"shapeName":"Sóc Trăng","shapeGroup":"VNM"}},
{"type":"Feature","geometry":{"type":"Polygon","coordinates":[[[103.217,20.896],[103.213,20.89],[103.224,20.886],[103.235,20.873],[103.235,20.872],[103.236,20.841],[103.299,20.834],[103.397,20.786],[103.468,20.827],[103.51,20.756],[103.593,20.746],[103.596,20.744],[103.602,20.743],[103.668,20.698],[103.668,20.697],[103.672,20.693],[103.676,20.687],[103.681,20.671],[103.688,20.665],[103.716,20.666],[103.743,20.685],[103.728,20.72],[103.734,20.735],[103.789,20.753],[103.778,20.808],[103.8,20.825],[103.806,20.837],[103.802,20.844],[103.802,20.848],[103.802,20.849],[103.803,20.852],[103.812,20.863],[103.814,20.863],[103.814,20.864],[103.9,20.903],[103.938,20.901],[103.939,20.9],[103.94,20.9],[103.956,20.898],[103.97,20.908],[103.972,20.908],[103.974,20.912],[103.978,20.913],[103.979,20.91],[103.987,20.911],[104.04,20.912],[104.05,20.922],[104.053,20.933],[104.055,20.947],[104.053,20.949],[104.107,20.977],[104.292,20.923],[104.334,20.881],[104.336,20.871],[104.334,20.867],[104.344,20.857],[104.354,20.841],[104.358,20.837],[104.361,20.835],[104.374,20.821],[104.394,20.822],[104.428,20.79],[104.449,20.797],[104.453,20.78],[104.484,20.766],[104.489,20.728],[104.492,20.722],[104.5,20.715],[104.523,20.71],[104.53,20.707],[104.53,20.708],[104.536,20.712],[104.557,20.718],[104.64,20.669],[104.641,20.655],[104.63,20.632],[104.635,20.612],[104.752,20.565],[104.856,20.655],[104.889,20.759],[105.026,20.737],[105.071,20.792],[105.047,20.896],[104.91,21.032],[104.939,21.091],[104.873,21.316],[104.585,21.415],[104.441,21.353],[104.3,21.473],[104.348,21.632],[103.924,21.701],[103.855,21.694],[103.71,21.821],[103.651,21.986],[103.535,22.014],[103.503,21.964],[103.486,21.897],[103.6,21.671],[103.444,21.428],[103.338,21.416],[103.438,21.286],[103.419,21.068],[103.284,21.09],[103.296,20.961],[103.217,20.896]]]},"properties":{"shapeName":"Sơn La","shapeGroup":"VNM"}},
{"type":"Feature","geometry":{"type":"Polygon","coordinates":[[[106.446,11.473],[106.491,11.55],[106.447,11.668],[106.449,11.671],[106.448,11.67],[106.44,11.669],[106.434,11.67],[106.428,11.673],[106.412,11.677],[106.384,11.693],[106.362,11.692],[106.341,11.682],[106.339,11.681],[106.334,11.679],[106.319,11.677],[106.317,11.676],[106.299,11.673],[106.299,11.681],[106.27,11.706],[106.272,11.711],[106.266,11.719],[106.257,11.724],[106.186,11.748],[106.157,11.735],[106.153,11.737],[106.152,11.737],[106.136,11.743],[106.127,11.743],[106.123,11.744],[106.115,11.743],[106.042,11.778],[106.033,11.775],[106.031,11.775],[106.021,11.771],[106.02,11.77],[106.014,11.762],[106.012,11.755],[106.013,11.743],[106.018,11.73],[105.984,11.692],[105.981,11.672],[105.981,11.671],[105.981,11.668],[105.98,11.666],[105.98,11.664],[105.966,11.647],[105.956,11.643],[105.956,11.642],[105.952,11.64],[105.947,11.642],[105.937,11.645],[105.926,11.649],[105.902,11.665],[105.896,11.671],[105.885,11.676],[105.882,11.676],[105.875,11.671],[105.859,11.666],[105.85,11.66],[105.828,11.62],[105.814,11.62],[105.812,11.618],[105.811,11.617],[105.811,11.616],[105.812,11.609],[105.814,11.609],[105.811,11.606],[105.812,11.604],[105.809,11.6],[105.81,11.596],[105.811,11.589],[105.815,11.576],[105.816,11.573],[105.83,11.572],[105.855,11.565],[105.856,11.565],[105.869,11.557],[105.881,11.541],[105.875,11.467],[105.896,11.435],[105.877,11.411],[105.877,11.406],[105.875,11.388],[105.876,11.377],[105.881,11.363],[105.871,11.317],[105.888,11.299],[105.892,11.289],[105.903,11.265],[105.91,11.239],[105.913,11.237],[105.932,11.223],[106.009,11.191],[106.011,11.19],[106.014,11.184],[106.019,11.176],[106.033,11.138],[106.11,11.079],[106.115,11.082],[106.121,11.086],[106.157,11.098],[106.18,11.044],[106.199,10.975],[106.203,10.974],[106.236,10.964],[106.26,10.965],[106.313,10.992],[106.419,10.929],[106.468,11.127],[106.363,11.279],[106.446,11.473]]]},"properties":{"shapeName":"Tây Ninh","shapeGroup":"VNM"}},
{"type":"Feature","geometry":{"type":"Polygon","coordinates":[[[106.232,20.478],[106.324,20.408],[106.304,20.336],[106.378,20.374],[106.599,20.303],[106.636,20.631],[106.507,20.631],[106.423,20.722],[106.299,20.692],[106.167,20.618],[106.232,20.478]]]},"properties":{"shapeName":"Thái Bình","shapeGroup":"VNM"}},
{"type":"Feature","geometry":{"type":"Polygon","coordinates":[[[106.233,21.608],[106.278,21.715],[106.14,21.778],[106.169,21.904],[106.124,21.928],[106.057,21.959],[105.811,21.809],[105.771,22.008],[105.671,22.045],[105.573,21.964],[105.511,21.682],[105.582,21.585],[105.853,21.399],[105.969,21.35],[106.03,21.436],[106.095,21.413],[106.111,21.597],[106.233,21.608]]]},"properties":{"shapeName":"Thái Nguyên","shapeGroup":"VNM"}},
{"type":"Feature","geometry":{"type":"Polygon","coordinates":[[[104.856,20.655],[104.752,20.565],[104.635,20.612],[104.382,20.451],[104.391,20.442],[104.398,20.435],[104.408,20.429],[104.41,20.426],[104.416,20.427],[104.406,20.413],[104.407,20.411],[104.411,20.403],[104.439,20.385],[104.455,20.379],[104.489,20.376],[104.491,20.377],[104.496,20.383],[104.511,20.385],[104.516,20.39],[104.521,20.391],[104.525,20.394],[104.527,20.397],[104.528,20.402],[104.528,20.413],[104.537,20.415],[104.539,20.412],[104.544,20.416],[104.61,20.428],[104.618,20.438],[104.618,20.442],[104.614,20.443],[104.613,20.447],[104.625,20.461],[104.627,20.464],[104.638,20.472],[104.649,20.472],[104.661,20.475],[104.72,20.407],[104.714,20.398],[104.698,20.399],[104.689,20.402],[104.682,20.4],[104.681,20.396],[104.67,20.387],[104.647,20.379],[104.646,20.374],[104.631,20.37],[104.629,20.366],[104.622,20.366],[104.621,20.364],[104.617,20.35],[104.617,20.347],[104.619,20.346],[104.622,20.342],[104.618,20.334],[104.62,20.32],[104.618,20.318],[104.618,20.317],[104.619,20.314],[104.618,20.313],[104.618,20.31],[104.617,20.304],[104.618,20.303],[104.618,20.299],[104.621,20.3],[104.619,20.297],[104.623,20.294],[104.617,20.292],[104.616,20.284],[104.621,20.271],[104.93,20.172],[104.982,20.108],[104.981,20.097],[104.99,20.097],[104.994,20.095],[104.972,20.062],[104.94,20.04],[104.935,20.035],[104.94,20.032],[104.958,20.03],[105.014,19.971],[105.184,19.934],[105.132,19.769],[105.268,19.666],[105.283,19.512],[105.341,19.547],[105.38,19.477],[105.523,19.462],[105.676,19.322],[105.804,19.307],[105.771,19.394],[105.843,19.671],[105.921,19.73],[106.036,19.999],[106.074,20.066],[105.955,20.056],[105.749,20.151],[105.54,20.331],[105.098,20.557],[104.964,20.564],[104.856,20.655]]]},"properties":{"shapeName":"Thanh Hóa","shapeGroup":"VNM"}},
{"type":"Feature","geometry":{"type":"Polygon","coordinates":[[[108.158,16.202],[108.182,16.207],[108.196,16.209],[108.085,16.238],[108.024,16.342],[107.982,16.316],[107.681,16.545],[107.628,16.568],[107.738,16.473],[107.436,16.64],[107.622,16.574],[107.389,16.742],[107.301,16.585],[107.074,16.537],[107.164,16.393],[107.099,16.306],[107.164,16.272],[107.177,16.17],[107.284,16.128],[107.339,16.062],[107.345,16.06],[107.346,16.062],[107.365,16.061],[107.377,16.074],[107.387,16.064],[107.4,16.068],[107.4,16.069],[107.403,16.071],[107.403,16.078],[107.411,16.084],[107.446,16.091],[107.453,16.088],[107.452,16.085],[107.455,16.084],[107.471,16.079],[107.47,16.025],[107.557,16.007],[107.618,16.058],[107.718,15.994],[107.819,16.058],[107.887,16.192],[108.158,16.202]]]},"properties":{"shapeName":"Thừa Thiên Huế","shapeGroup":"VNM"}},
{"type":"Feature","geometry":{"type":"Polygon","coordinates":[[[106.663,10.254],[106.779,10.243],[106.791,10.403],[106.746,10.509],[106.675,10.415],[106.464,10.377],[106.277,10.56],[105.927,10.539],[105.8,10.374],[105.895,10.278],[105.98,10.324],[106.033,10.297],[106.348,10.32],[106.663,10.254]]]},"properties":{"shapeName":"Tiền Giang","shapeGroup":"VNM"}},
{"type":"Feature","geometry":{"type":"Polygon","coordinates":[[[106.258,10.09],[105.921,9.933],[106.087,9.786],[106.398,9.55],[106.489,9.548],[106.595,9.656],[106.562,9.839],[106.258,10.09]]]},"properties":{"shapeName":"Trà Vinh","shapeGroup":"VNM"}},
{"type":"Feature","geometry":{"type":"Polygon","coordinates":[[[105.531,22.633],[105.502,22.636],[105.31,22.612],[105.144,22.683],[105.043,22.286],[104.912,22.324],[104.906,22.202],[104.849,22.186],[104.889,22.075],[105.017,22.04],[105.137,21.708],[105.27,21.653],[105.366,21.521],[105.582,21.585],[105.511,21.682],[105.573,21.964],[105.44,22.212],[105.596,22.507],[105.531,22.633]]]},"properties":{"shapeName":"Tuyên Quang","shapeGroup":"VNM"}},
{"type":"Feature","geometry":{"type":"Polygon","coordinates":[[[106.033,10.297],[105.98,10.324],[105.895,10.278],[105.911,10.213],[105.816,10.176],[105.731,10.224],[105.685,10.139],[105.903,9.941],[105.921,9.933],[106.258,10.09],[106.213,10.15],[106.16,10.195],[106.033,10.297]]]},"properties":{"shapeName":"Vĩnh Long","shapeGroup":"VNM"}},
{"type":"Feature","geometry":{"type":"Polygon","coordinates":[[[105.853,21.399],[105.582,21.585],[105.366,21.521],[105.5,21.28],[105.567,21.162],[105.683,21.187],[105.835,21.14],[105.862,21.206],[105.788,21.274],[105.853,21.399]]]},"properties":{"shapeName":"Vĩnh Phúc","shapeGroup":"VNM"}},
{"type":"Feature","geometry":{"type":"Polygon","coordinates":[[[104.586,22.25],[104.637,22.192],[104.585,22.072],[104.417,22.185],[104.4,22.043],[104.46,21.922],[104.388,21.855],[104.233,21.933],[104.229,21.875],[104.03,21.907],[103.984,21.969],[103.893,21.891],[103.976,21.749],[103.924,21.701],[104.348,21.632],[104.3,21.473],[104.441,21.353],[104.585,21.415],[104.873,21.316],[104.96,21.418],[104.908,21.536],[104.95,21.635],[105.137,21.708],[105.017,22.04],[104.889,22.075],[104.849,22.186],[104.766,22.167],[104.72,22.254],[104.586,22.25]]]},"properties":{"shapeName":"Yên Bái","shapeGroup":"VNM"}},
{"type":"Feature","geometry":{"type":"MultiPolygon","coordinates":[[[[94.819,15.84],[94.814,15.94],[94.731,15.826],[94.809,15.789],[94.819,15.84]]],[[[95.002,15.844],[94.996,15.775],[95.042,15.834],[95.002,15.844]]],[[[95.249,15.85],[95.342,15.986],[95.323,16.087],[95.249,15.85]]],[[[95.124,16.145],[95.148,16.243],[95.142,16.297],[95.121,16.303],[95.119,16.319],[95.114,16.32],[95.112,16.313],[95.12,16.297],[95.07,16.244],[95.047,16.188],[95.016,16.167],[95.021,16.143],[94.953,16.139],[94.899,16.08],[94.916,16.025],[94.823,15.952],[94.874,15.827],[94.862,15.9],[94.95,15.948],[94.869,15.892],[94.889,15.83],[94.836,15.804],[94.849,15.762],[94.964,15.747],[94.982,15.851],[95.047,15.844],[95.053,16.048],[95.124,16.145]]],[[[94.643,16.109],[94.645,16.251],[94.383,16.002],[94.394,15.834],[94.479,15.967],[94.576,16.002],[94.585,16.103],[94.595,16.042],[94.643,16.109]]],[[[95.183,16.112],[95.093,16.053],[95.101,15.978],[95.112,16.002],[95.113,16.03],[95.12,16.039],[95.179,16.03],[95.183,16.112]]],[[[94.559,17.476],[94.562,17.331],[94.635,17.279],[94.536,17.326],[94.492,17.267],[94.534,17.185],[94.443,17.183],[94.489,17.117],[94.434,16.955],[94.489,16.949],[94.421,16.885],[94.383,16.917],[94.347,16.572],[94.293,16.51],[94.255,16.537],[94.191,16.042],[94.239,15.952],[94.507,16.177],[94.471,16.293],[94.546,16.308],[94.564,16.26],[94.677,16.385],[94.7,16.631],[94.654,16.631],[94.649,16.673],[94.685,16.741],[94.672,16.645],[94.729,16.631],[94.711,16.651],[94.713,16.698],[94.742,16.73],[94.715,16.652],[94.787,16.585],[94.692,16.487],[94.705,16.4],[94.781,16.431],[94.689,16.347],[94.658,16.252],[94.709,16.255],[94.657,16.245],[94.673,16.216],[94.706,16.218],[94.72,16.21],[94.724,16.231],[94.752,16.23],[94.75,16.249],[94.732,16.258],[94.758,16.287],[94.757,16.232],[94.749,16.226],[94.726,16.227],[94.725,16.21],[94.718,16.207],[94.678,16.206],[94.652,16.077],[94.553,15.947],[94.687,15.997],[94.799,16.21],[94.968,16.331],[94.806,16.209],[94.787,16.096],[94.736,16.072],[94.671,15.961],[94.605,15.929],[94.719,15.855],[94.869,16.19],[95.048,16.333],[94.972,16.213],[94.882,16.186],[94.889,16.007],[94.896,16.082],[94.95,16.145],[95.014,16.143],[95.008,16.167],[95.044,16.191],[95.049,16.22],[95.115,16.297],[95.109,16.316],[95.115,16.325],[95.12,16.325],[95.146,16.296],[95.152,16.243],[95.131,16.122],[95.278,16.184],[95.184,16.027],[95.116,16.027],[95.128,15.982],[95.112,15.808],[95.189,15.774],[95.323,16.094],[95.302,16.162],[95.393,16.297],[95.33,16.107],[95.354,15.957],[95.268,15.803],[95.286,15.717],[95.405,15.716],[95.688,15.993],[95.739,16.119],[95.711,16.274],[95.747,16.128],[95.888,16.244],[95.929,16.387],[95.823,16.453],[95.829,16.496],[95.883,16.543],[95.824,16.657],[95.88,16.747],[95.838,16.925],[95.887,16.954],[95.821,17.024],[95.839,17.1],[95.805,17.078],[95.784,17.171],[95.69,17.232],[95.697,17.332],[95.618,17.348],[95.736,17.478],[95.655,17.611],[95.582,17.608],[95.432,17.721],[95.491,17.789],[95.42,18.214],[95.272,18.321],[95.182,18.486],[95.106,18.51],[95.078,18.379],[94.935,18.453],[94.823,18.36],[94.902,18.194],[94.817,17.994],[94.887,17.849],[94.871,17.72],[94.788,17.655],[94.806,17.479],[94.72,17.336],[94.559,17.476]]],[[[94.667,16.339],[94.679,16.381],[94.575,16.23],[94.667,16.339]]],[[[95.886,16.197],[95.944,16.263],[95.931,16.387],[95.893,16.235],[95.85,16.2],[95.886,16.197]]],[[[95.931,16.214],[96.07,16.344],[95.982,16.382],[95.931,16.214]]],[[[94.737,16.628],[94.688,16.492],[94.765,16.585],[94.737,16.628]]]]},"properties":{"shapeName":"Ayeyarwady","shapeGroup":"MMR"}},
{"type":"Feature","geometry":{"type":"Polygon","coordinates":[[[93.863,20.65],[94.045,20.688],[94.084,20.75],[94.004,20.96],[94.12,21.159],[94.105,21.273],[94.006,21.3],[94.058,21.331],[94.119,21.579],[94.006,21.72],[93.981,21.924],[94.058,22.437],[94.018,22.44],[94.049,22.606],[94.008,22.737],[94.025,22.951],[93.946,23.18],[94.01,23.29],[93.955,23.401],[94.021,23.366],[94.01,23.544],[94.045,23.572],[94.09,23.513],[94.118,23.557],[94.142,23.835],[93.932,23.951],[93.811,23.927],[93.754,24.005],[93.62,24.01],[93.506,23.947],[93.341,24.105],[93.437,23.682],[93.357,23.352],[93.385,23.137],[93.292,23.007],[93.136,23.061],[93.164,22.911],[93.096,22.802],[93.108,22.527],[93.185,22.426],[93.201,22.266],[93.142,22.246],[93.149,22.177],[93.043,22.2],[93.005,21.988],[92.952,22.032],[92.906,21.941],[92.864,22.06],[92.695,22.154],[92.681,22.012],[92.605,21.972],[92.609,21.591],[92.679,21.286],[92.869,21.066],[92.919,21.114],[93.047,21.062],[93.13,21.088],[93.176,20.833],[93.254,20.844],[93.405,20.732],[93.624,20.721],[93.599,20.847],[93.631,20.918],[93.696,20.92],[93.863,20.65]]]},"properties":{"shapeName":"Chin","shapeGroup":"MMR"}},
{"type":"Feature","geometry":{"type":"Polygon","coordinates":[[[94.008,22.737],[94.119,22.769],[94.117,22.699],[94.245,22.566],[94.271,22.19],[94.298,22.137],[94.425,22.108],[94.414,21.832],[94.505,21.784],[94.661,21.873],[94.754,21.827],[95.12,21.856],[95.342,21.576],[95.403,21.791],[95.524,21.907],[95.784,21.922],[95.927,21.851],[96,21.882],[96.01,22.318],[95.958,22.416],[95.996,22.528],[95.9,22.711],[95.967,22.745],[95.995,23.109],[95.907,23.409],[96.109,23.682],[96.145,23.569],[96.251,23.576],[96.315,23.642],[96.393,23.57],[96.561,23.833],[96.507,24.006],[96.39,24.028],[96.558,24.155],[96.663,24.158],[96.567,24.242],[96.63,24.458],[96.424,24.551],[96.185,24.48],[96.204,24.55],[96.115,24.57],[96.077,24.679],[95.912,24.706],[95.88,24.883],[95.806,24.96],[95.993,25.005],[96.013,25.092],[96.011,24.951],[96.07,24.998],[95.96,25.335],[95.958,25.612],[96.061,25.57],[96.216,25.669],[96.085,25.898],[96.185,26.059],[96.075,26.24],[96.109,26.328],[95.994,26.402],[96.008,26.485],[96.176,26.505],[96.074,26.685],[96.248,26.801],[96.231,26.87],[96.317,26.94],[96.228,26.969],[96.33,27.019],[96.57,26.982],[96.741,27.039],[96.986,27.024],[97.067,27.093],[96.859,27.19],[96.884,27.259],[96.703,27.372],[96.52,27.285],[96.228,27.277],[96.027,27.182],[95.946,27.051],[95.8,27.014],[95.721,26.881],[95.668,26.903],[95.607,26.812],[95.526,26.824],[95.433,26.701],[95.168,26.635],[95.063,26.449],[95.13,26.382],[95.119,26.1],[95.184,26.069],[95.012,25.897],[95.038,25.741],[94.895,25.568],[94.635,25.393],[94.578,25.214],[94.74,25.13],[94.715,24.935],[94.621,24.728],[94.544,24.705],[94.394,24.483],[94.142,23.835],[94.118,23.557],[94.09,23.513],[94.045,23.572],[94.01,23.544],[94.021,23.366],[93.955,23.401],[94.01,23.29],[93.946,23.18],[94.025,22.951],[94.008,22.737]]]},"properties":{"shapeName":"Saigang","shapeGroup":"MMR"}},
{"type":"Feature","geometry":{"type":"Polygon","coordinates":[[[96.663,24.158],[96.679,24],[96.859,24.004],[96.883,23.831],[96.778,23.75],[96.975,23.716],[97.015,23.644],[97.344,23.695],[97.475,23.819],[97.638,23.863],[97.529,23.944],[97.729,24.115],[97.77,24.263],[97.668,24.299],[97.716,24.361],[97.671,24.454],[97.531,24.437],[97.551,24.743],[97.702,24.846],[97.801,24.849],[97.731,24.912],[97.722,25.084],[97.838,25.27],[97.936,25.22],[98.14,25.39],[98.168,25.626],[98.314,25.548],[98.403,25.596],[98.518,25.835],[98.639,25.801],[98.705,25.852],[98.573,26.121],[98.65,26.144],[98.667,26.09],[98.716,26.126],[98.678,26.283],[98.781,26.603],[98.733,26.853],[98.766,27.053],[98.693,27.2],[98.741,27.327],[98.703,27.564],[98.587,27.568],[98.558,27.646],[98.437,27.667],[98.429,27.553],[98.318,27.523],[98.17,27.852],[98.189,27.939],[98.137,27.963],[98.142,28.14],[98.011,28.209],[97.909,28.368],[97.794,28.334],[97.662,28.536],[97.504,28.498],[97.52,28.329],[97.35,28.239],[97.313,28.063],[97.393,28.014],[97.365,27.873],[97.247,27.899],[96.89,27.612],[96.905,27.452],[97.165,27.135],[97.067,27.093],[96.986,27.024],[96.741,27.039],[96.57,26.982],[96.33,27.019],[96.228,26.969],[96.317,26.94],[96.231,26.87],[96.248,26.801],[96.074,26.685],[96.176,26.505],[96.008,26.485],[95.994,26.402],[96.109,26.328],[96.075,26.24],[96.185,26.059],[96.085,25.898],[96.216,25.669],[96.061,25.57],[95.958,25.612],[95.96,25.335],[96.07,24.998],[96.011,24.951],[96.013,25.092],[95.993,25.005],[95.806,24.96],[95.88,24.883],[95.912,24.706],[96.077,24.679],[96.115,24.57],[96.204,24.55],[96.185,24.48],[96.424,24.551],[96.63,24.458],[96.567,24.242],[96.663,24.158]]]},"properties":{"shapeName":"Kachin","shapeGroup":"MMR"}},
{"type":"Feature","geometry":{"type":"Polygon","coordinates":[[[97.363,18.593],[97.364,18.591],[97.364,18.56],[97.388,18.56],[97.403,18.567],[97.427,18.545],[97.427,18.544],[97.428,18.543],[97.43,18.524],[97.436,18.521],[97.436,18.511],[97.437,18.506],[97.438,18.505],[97.439,18.504],[97.443,18.502],[97.444,18.5],[97.445,18.499],[97.445,18.495],[97.454,18.494],[97.459,18.5],[97.466,18.498],[97.482,18.511],[97.491,18.51],[97.491,18.509],[97.501,18.494],[97.534,18.491],[97.537,18.494],[97.54,18.501],[97.539,18.504],[97.543,18.514],[97.544,18.526],[97.545,18.528],[97.546,18.529],[97.651,18.577],[97.7,18.57],[97.731,18.587],[97.751,18.576],[97.769,18.579],[97.767,18.582],[97.768,18.584],[97.767,18.588],[97.767,18.589],[97.77,18.592],[97.771,18.594],[97.772,18.598],[97.771,18.604],[97.771,18.605],[97.774,18.61],[97.767,18.669],[97.774,18.689],[97.741,18.882],[97.666,18.938],[97.837,19.095],[97.834,19.136],[97.835,19.138],[97.835,19.142],[97.836,19.143],[97.837,19.143],[97.837,19.145],[97.844,19.149],[97.839,19.171],[97.844,19.183],[97.838,19.196],[97.845,19.203],[97.845,19.216],[97.842,19.221],[97.842,19.222],[97.833,19.228],[97.827,19.228],[97.828,19.229],[97.826,19.229],[97.827,19.238],[97.817,19.238],[97.812,19.246],[97.811,19.25],[97.805,19.255],[97.793,19.261],[97.788,19.263],[97.784,19.264],[97.783,19.265],[97.783,19.267],[97.791,19.283],[97.802,19.289],[97.843,19.293],[97.785,19.398],[97.888,19.501],[97.862,19.576],[97.863,19.576],[97.859,19.585],[97.858,19.596],[97.849,19.609],[97.859,19.635],[97.831,19.656],[97.606,19.687],[97.562,19.732],[97.592,19.831],[97.517,19.897],[97.443,19.88],[97.385,19.956],[97.259,19.892],[97.209,19.989],[97.147,19.992],[97.159,19.768],[96.912,19.577],[96.873,19.508],[96.966,19.427],[96.866,19.299],[96.834,19.333],[96.849,19.175],[96.917,19.136],[96.995,18.881],[97.137,18.691],[97.145,18.687],[97.252,18.681],[97.265,18.687],[97.359,18.598],[97.36,18.597],[97.36,18.599],[97.362,18.599],[97.363,18.593]]]},"properties":{"shapeName":"Kayah","shapeGroup":"MMR"}},
{"type":"Feature","geometry":{"type":"Polygon","coordinates":[[[98.554,15.713],[98.567,15.767],[98.61,15.874],[98.61,15.875],[98.608,15.876],[98.604,15.874],[98.601,15.871],[98.6,15.872],[98.6,15.874],[98.596,15.876],[98.595,15.876],[98.594,15.883],[98.591,15.89],[98.589,15.893],[98.589,15.897],[98.589,15.906],[98.586,15.91],[98.585,15.912],[98.585,15.914],[98.587,15.927],[98.595,15.943],[98.595,15.955],[98.608,15.966],[98.61,15.97],[98.609,15.978],[98.606,15.986],[98.597,16.005],[98.585,16.015],[98.577,16.021],[98.567,16.029],[98.566,16.03],[98.563,16.042],[98.564,16.046],[98.566,16.052],[98.569,16.057],[98.581,16.062],[98.603,16.053],[98.606,16.051],[98.607,16.051],[98.61,16.042],[98.614,16.04],[98.615,16.04],[98.623,16.042],[98.628,16.044],[98.631,16.045],[98.632,16.049],[98.628,16.061],[98.629,16.063],[98.633,16.063],[98.642,16.063],[98.662,16.075],[98.662,16.078],[98.662,16.08],[98.66,16.083],[98.662,16.085],[98.673,16.093],[98.675,16.094],[98.675,16.099],[98.673,16.103],[98.667,16.11],[98.665,16.111],[98.662,16.118],[98.665,16.127],[98.678,16.127],[98.681,16.127],[98.708,16.135],[98.74,16.12],[98.78,16.125],[98.804,16.104],[98.829,16.116],[98.832,16.125],[98.836,16.127],[98.838,16.13],[98.848,16.129],[98.85,16.133],[98.854,16.14],[98.854,16.161],[98.863,16.17],[98.854,16.219],[98.911,16.255],[98.908,16.273],[98.917,16.305],[98.916,16.306],[98.915,16.307],[98.908,16.307],[98.901,16.314],[98.909,16.349],[98.91,16.349],[98.913,16.35],[98.914,16.354],[98.915,16.356],[98.918,16.36],[98.92,16.363],[98.919,16.366],[98.917,16.373],[98.913,16.374],[98.913,16.383],[98.918,16.387],[98.919,16.387],[98.922,16.391],[98.92,16.396],[98.916,16.393],[98.909,16.395],[98.904,16.398],[98.9,16.402],[98.894,16.407],[98.891,16.409],[98.886,16.413],[98.883,16.419],[98.872,16.421],[98.858,16.423],[98.857,16.422],[98.85,16.419],[98.847,16.419],[98.846,16.419],[98.843,16.423],[98.836,16.423],[98.831,16.422],[98.823,16.404],[98.816,16.397],[98.817,16.389],[98.817,16.388],[98.815,16.385],[98.809,16.384],[98.804,16.381],[98.804,16.379],[98.801,16.377],[98.798,16.377],[98.792,16.37],[98.782,16.365],[98.783,16.356],[98.781,16.355],[98.778,16.352],[98.778,16.351],[98.777,16.349],[98.778,16.345],[98.777,16.345],[98.775,16.345],[98.773,16.348],[98.772,16.348],[98.771,16.348],[98.77,16.348],[98.768,16.346],[98.765,16.343],[98.761,16.344],[98.76,16.345],[98.754,16.344],[98.748,16.348],[98.747,16.347],[98.745,16.345],[98.744,16.343],[98.743,16.339],[98.74,16.337],[98.736,16.338],[98.735,16.338],[98.728,16.331],[98.728,16.33],[98.727,16.327],[98.727,16.321],[98.727,16.315],[98.726,16.315],[98.725,16.313],[98.725,16.314],[98.721,16.315],[98.72,16.314],[98.719,16.311],[98.719,16.308],[98.72,16.307],[98.719,16.306],[98.72,16.298],[98.719,16.295],[98.718,16.296],[98.715,16.297],[98.707,16.295],[98.707,16.294],[98.708,16.283],[98.706,16.281],[98.704,16.279],[98.704,16.272],[98.703,16.271],[98.702,16.27],[98.7,16.269],[98.699,16.271],[98.694,16.271],[98.692,16.273],[98.69,16.276],[98.689,16.277],[98.687,16.277],[98.686,16.277],[98.685,16.279],[98.683,16.281],[98.682,16.28],[98.681,16.28],[98.681,16.277],[98.678,16.273],[98.677,16.271],[98.675,16.273],[98.673,16.275],[98.674,16.277],[98.675,16.278],[98.677,16.278],[98.676,16.28],[98.673,16.284],[98.673,16.285],[98.67,16.283],[98.669,16.284],[98.669,16.288],[98.667,16.29],[98.672,16.317],[98.665,16.318],[98.665,16.32],[98.669,16.321],[98.669,16.325],[98.669,16.326],[98.667,16.332],[98.668,16.338],[98.666,16.345],[98.666,16.347],[98.656,16.35],[98.654,16.352],[98.662,16.359],[98.663,16.363],[98.664,16.365],[98.664,16.366],[98.655,16.371],[98.654,16.371],[98.656,16.399],[98.656,16.4],[98.655,16.4],[98.653,16.401],[98.65,16.401],[98.645,16.403],[98.638,16.411],[98.639,16.412],[98.641,16.415],[98.64,16.419],[98.639,16.423],[98.639,16.43],[98.658,16.452],[98.658,16.454],[98.657,16.456],[98.653,16.46],[98.651,16.473],[98.578,16.558],[98.587,16.584],[98.572,16.607],[98.575,16.62],[98.571,16.632],[98.571,16.633],[98.57,16.633],[98.563,16.63],[98.56,16.635],[98.559,16.636],[98.554,16.634],[98.548,16.637],[98.547,16.638],[98.541,16.635],[98.536,16.635],[98.535,16.636],[98.532,16.639],[98.526,16.642],[98.524,16.647],[98.523,16.649],[98.521,16.65],[98.512,16.644],[98.512,16.646],[98.512,16.648],[98.517,16.655],[98.519,16.677],[98.518,16.686],[98.516,16.69],[98.512,16.695],[98.513,16.697],[98.514,16.697],[98.519,16.698],[98.518,16.699],[98.512,16.7],[98.51,16.7],[98.499,16.69],[98.497,16.691],[98.5,16.696],[98.498,16.704],[98.501,16.71],[98.503,16.711],[98.503,16.712],[98.502,16.713],[98.5,16.715],[98.497,16.716],[98.492,16.708],[98.487,16.715],[98.472,16.712],[98.471,16.713],[98.47,16.715],[98.477,16.72],[98.464,16.73],[98.485,16.787],[98.549,16.814],[98.496,16.841],[98.499,16.861],[98.517,16.858],[98.51,16.88],[98.54,16.861],[98.536,16.9],[98.533,16.9],[98.515,16.9],[98.513,16.902],[98.521,16.909],[98.523,16.914],[98.522,16.916],[98.521,16.917],[98.511,16.916],[98.509,16.912],[98.509,16.911],[98.507,16.911],[98.506,16.911],[98.505,16.912],[98.502,16.917],[98.506,16.925],[98.506,16.926],[98.503,16.928],[98.502,16.929],[98.501,16.929],[98.5,16.929],[98.494,16.923],[98.491,16.923],[98.49,16.923],[98.49,16.926],[98.492,16.93],[98.491,16.932],[98.491,16.933],[98.485,16.936],[98.484,16.936],[98.484,16.939],[98.499,16.949],[98.501,16.949],[98.503,16.947],[98.505,16.944],[98.506,16.944],[98.508,16.945],[98.509,16.947],[98.508,16.948],[98.5,16.955],[98.49,16.958],[98.488,16.969],[98.475,16.968],[98.468,16.971],[98.468,16.973],[98.469,16.973],[98.478,16.976],[98.48,16.977],[98.48,16.979],[98.48,16.98],[98.473,16.988],[98.471,16.996],[98.462,16.991],[98.457,16.992],[98.449,16.996],[98.449,16.997],[98.449,17],[98.449,17.001],[98.455,17.012],[98.456,17.023],[98.454,17.025],[98.44,17.023],[98.431,17.023],[98.431,17.024],[98.432,17.026],[98.436,17.027],[98.438,17.031],[98.438,17.032],[98.439,17.036],[98.437,17.038],[98.406,17.058],[98.395,17.051],[98.39,17.063],[98.326,17.064],[98.301,17.092],[98.301,17.093],[98.309,17.102],[98.309,17.101],[98.313,17.098],[98.314,17.097],[98.316,17.098],[98.317,17.106],[98.322,17.111],[98.322,17.112],[98.322,17.113],[98.314,17.115],[98.302,17.11],[98.299,17.128],[98.296,17.128],[98.281,17.118],[98.286,17.132],[98.285,17.144],[98.285,17.146],[98.29,17.145],[98.291,17.145],[98.297,17.143],[98.297,17.15],[98.292,17.153],[98.291,17.155],[98.29,17.155],[98.287,17.156],[98.285,17.156],[98.271,17.154],[98.269,17.158],[98.268,17.159],[98.268,17.161],[98.268,17.163],[98.28,17.173],[98.279,17.173],[98.278,17.175],[98.273,17.176],[98.27,17.177],[98.266,17.177],[98.26,17.178],[98.26,17.181],[98.263,17.186],[98.263,17.187],[98.262,17.188],[98.259,17.188],[98.25,17.185],[98.248,17.187],[98.25,17.198],[98.245,17.198],[98.243,17.201],[98.246,17.21],[98.245,17.211],[98.244,17.212],[98.24,17.212],[98.23,17.205],[98.228,17.205],[98.227,17.205],[98.227,17.209],[98.23,17.216],[98.241,17.221],[98.244,17.224],[98.245,17.225],[98.244,17.227],[98.244,17.228],[98.243,17.229],[98.241,17.23],[98.24,17.231],[98.24,17.23],[98.239,17.23],[98.23,17.222],[98.226,17.222],[98.225,17.222],[98.222,17.225],[98.215,17.228],[98.213,17.23],[98.212,17.23],[98.209,17.234],[98.205,17.249],[98.197,17.254],[98.196,17.255],[98.166,17.265],[98.126,17.32],[98.124,17.321],[98.122,17.323],[98.121,17.323],[98.118,17.322],[98.113,17.321],[98.111,17.322],[98.107,17.334],[98.106,17.335],[98.105,17.352],[98.107,17.354],[98.113,17.365],[98.113,17.366],[98.117,17.369],[98.119,17.371],[98.11,17.376],[98.108,17.381],[98.11,17.385],[98.089,17.394],[98.082,17.389],[98.08,17.39],[98.08,17.391],[98.062,17.418],[98.046,17.43],[98.047,17.432],[98.051,17.434],[98.056,17.437],[98.057,17.437],[98.057,17.438],[98.057,17.439],[98.057,17.441],[98.046,17.446],[98.045,17.446],[98.039,17.451],[98.034,17.456],[98.005,17.491],[97.993,17.509],[97.989,17.512],[97.987,17.512],[97.985,17.512],[97.981,17.51],[97.971,17.509],[97.969,17.512],[97.969,17.513],[97.967,17.515],[97.966,17.517],[97.967,17.52],[97.965,17.524],[97.964,17.527],[97.962,17.527],[97.961,17.528],[97.949,17.532],[97.938,17.532],[97.936,17.533],[97.934,17.536],[97.933,17.538],[97.932,17.539],[97.925,17.539],[97.922,17.551],[97.921,17.554],[97.92,17.556],[97.92,17.557],[97.918,17.558],[97.912,17.561],[97.912,17.562],[97.911,17.565],[97.912,17.567],[97.91,17.57],[97.91,17.572],[97.908,17.574],[97.907,17.575],[97.906,17.583],[97.891,17.596],[97.886,17.6],[97.881,17.602],[97.876,17.609],[97.848,17.629],[97.82,17.662],[97.796,17.679],[97.771,17.715],[97.763,17.743],[97.764,17.745],[97.767,17.746],[97.773,17.75],[97.774,17.752],[97.773,17.753],[97.766,17.761],[97.76,17.77],[97.759,17.77],[97.758,17.771],[97.749,17.77],[97.746,17.773],[97.745,17.776],[97.738,17.791],[97.736,17.795],[97.734,17.797],[97.732,17.798],[97.725,17.799],[97.719,17.806],[97.72,17.813],[97.72,17.816],[97.72,17.818],[97.719,17.819],[97.718,17.819],[97.706,17.817],[97.702,17.818],[97.692,17.833],[97.694,17.841],[97.672,17.881],[97.687,17.913],[97.687,17.922],[97.69,17.927],[97.694,17.932],[97.702,17.94],[97.705,17.944],[97.708,17.947],[97.732,17.953],[97.736,17.959],[97.737,17.962],[97.738,17.973],[97.737,17.985],[97.737,17.986],[97.736,17.987],[97.734,17.992],[97.729,18.001],[97.728,18.004],[97.721,18.014],[97.725,18.024],[97.716,18.034],[97.708,18.053],[97.706,18.059],[97.697,18.066],[97.694,18.066],[97.691,18.061],[97.688,18.06],[97.687,18.06],[97.682,18.065],[97.682,18.077],[97.688,18.079],[97.691,18.085],[97.691,18.091],[97.678,18.117],[97.678,18.131],[97.677,18.149],[97.676,18.159],[97.673,18.164],[97.66,18.172],[97.656,18.174],[97.643,18.193],[97.622,18.215],[97.614,18.226],[97.61,18.24],[97.615,18.253],[97.623,18.26],[97.626,18.264],[97.64,18.28],[97.64,18.283],[97.641,18.288],[97.619,18.32],[97.611,18.323],[97.605,18.324],[97.592,18.332],[97.589,18.334],[97.577,18.338],[97.575,18.338],[97.573,18.339],[97.561,18.34],[97.56,18.339],[97.559,18.339],[97.555,18.338],[97.551,18.334],[97.55,18.332],[97.549,18.329],[97.545,18.314],[97.542,18.305],[97.54,18.299],[97.534,18.284],[97.532,18.282],[97.523,18.274],[97.521,18.273],[97.512,18.269],[97.511,18.268],[97.508,18.266],[97.504,18.266],[97.502,18.267],[97.485,18.29],[97.484,18.291],[97.468,18.303],[97.465,18.306],[97.462,18.308],[97.451,18.328],[97.449,18.33],[97.448,18.331],[97.447,18.331],[97.445,18.339],[97.444,18.345],[97.445,18.348],[97.443,18.36],[97.452,18.377],[97.452,18.389],[97.443,18.401],[97.426,18.407],[97.421,18.42],[97.42,18.422],[97.42,18.43],[97.418,18.437],[97.416,18.439],[97.412,18.443],[97.403,18.448],[97.398,18.46],[97.384,18.509],[97.355,18.531],[97.347,18.545],[97.347,18.546],[97.346,18.547],[97.344,18.553],[97.343,18.576],[97.359,18.598],[97.265,18.687],[97.252,18.681],[97.145,18.687],[97.137,18.691],[96.995,18.881],[96.917,19.136],[96.849,19.175],[96.834,19.333],[96.668,19.509],[96.612,19.427],[96.573,19.476],[96.392,19.474],[96.554,19.174],[96.492,19.145],[96.584,18.937],[96.675,18.924],[96.603,18.895],[96.655,18.797],[96.574,18.79],[96.585,18.735],[96.687,18.599],[96.948,18.641],[96.956,18.431],[97.055,18.292],[97.107,18.33],[97.125,18.21],[97.194,18.156],[97.116,17.96],[97.178,17.838],[97.185,17.833],[97.156,17.725],[97.212,17.554],[97.217,17.549],[97.219,17.543],[97.275,17.607],[97.316,17.584],[97.403,17.716],[97.359,17.637],[97.439,17.532],[97.516,17.13],[97.439,16.992],[97.612,16.653],[97.655,16.593],[97.7,16.573],[97.79,16.517],[97.846,16.545],[97.916,16.427],[97.98,16.435],[97.995,16.334],[98.129,16.178],[98.071,16.121],[97.955,16.159],[97.813,16.126],[97.866,16.035],[97.867,15.678],[97.948,15.646],[98.134,15.335],[98.184,15.309],[98.205,15.261],[98.203,15.236],[98.208,15.234],[98.212,15.237],[98.213,15.236],[98.22,15.227],[98.221,15.225],[98.222,15.223],[98.229,15.221],[98.232,15.223],[98.233,15.224],[98.23,15.231],[98.236,15.237],[98.247,15.239],[98.251,15.238],[98.259,15.239],[98.263,15.239],[98.274,15.248],[98.281,15.263],[98.28,15.266],[98.281,15.271],[98.286,15.272],[98.296,15.273],[98.298,15.274],[98.3,15.276],[98.3,15.279],[98.301,15.28],[98.304,15.28],[98.304,15.281],[98.299,15.287],[98.299,15.288],[98.298,15.294],[98.295,15.296],[98.294,15.297],[98.299,15.302],[98.301,15.303],[98.296,15.309],[98.3,15.313],[98.304,15.311],[98.306,15.313],[98.321,15.302],[98.334,15.297],[98.344,15.295],[98.354,15.298],[98.354,15.292],[98.367,15.283],[98.368,15.283],[98.374,15.283],[98.375,15.28],[98.377,15.276],[98.378,15.275],[98.38,15.271],[98.385,15.27],[98.386,15.27],[98.386,15.269],[98.389,15.271],[98.398,15.262],[98.398,15.26],[98.399,15.257],[98.401,15.255],[98.401,15.254],[98.402,15.254],[98.406,15.258],[98.408,15.26],[98.411,15.262],[98.416,15.262],[98.418,15.266],[98.415,15.271],[98.414,15.273],[98.414,15.278],[98.415,15.282],[98.413,15.284],[98.412,15.288],[98.413,15.292],[98.414,15.293],[98.407,15.305],[98.387,15.305],[98.415,15.322],[98.409,15.332],[98.411,15.339],[98.41,15.343],[98.411,15.353],[98.415,15.358],[98.416,15.364],[98.42,15.363],[98.431,15.364],[98.434,15.358],[98.457,15.366],[98.466,15.373],[98.481,15.384],[98.481,15.387],[98.481,15.388],[98.484,15.39],[98.493,15.392],[98.511,15.374],[98.53,15.372],[98.537,15.369],[98.54,15.365],[98.542,15.363],[98.546,15.363],[98.548,15.358],[98.546,15.352],[98.545,15.351],[98.548,15.345],[98.547,15.338],[98.549,15.336],[98.557,15.335],[98.561,15.336],[98.57,15.357],[98.581,15.38],[98.586,15.47],[98.575,15.518],[98.555,15.593],[98.553,15.6],[98.566,15.636],[98.559,15.653],[98.55,15.674],[98.547,15.683],[98.554,15.713]]]},"properties":{"shapeName":"Kayin","shapeGroup":"MMR"}},
{"type":"Feature","geometry":{"type":"Polygon","coordinates":[[[93.863,20.65],[93.847,20.556],[93.938,20.559],[94.079,20.373],[94.297,19.924],[94.344,19.563],[94.527,19.341],[94.479,19.266],[94.505,19.186],[94.655,19.085],[94.697,18.96],[94.958,18.939],[95.057,18.832],[95.428,19.18],[95.826,19.158],[95.859,19.306],[95.795,19.46],[95.713,19.628],[95.817,19.817],[95.767,19.983],[95.834,20.144],[95.742,20.276],[95.712,20.514],[95.576,20.587],[95.583,20.738],[95.44,20.77],[95.406,20.703],[95.283,20.709],[95.029,20.543],[94.992,20.647],[95.038,20.847],[94.881,20.874],[94.831,20.941],[94.854,21.198],[95.17,21.318],[95.319,21.454],[95.342,21.576],[95.12,21.856],[94.754,21.827],[94.661,21.873],[94.505,21.784],[94.414,21.832],[94.425,22.108],[94.298,22.137],[94.271,22.19],[94.245,22.566],[94.117,22.699],[94.119,22.769],[94.008,22.737],[94.049,22.606],[94.018,22.44],[94.058,22.437],[93.981,21.924],[94.006,21.72],[94.119,21.579],[94.058,21.331],[94.006,21.3],[94.105,21.273],[94.12,21.159],[94.004,20.96],[94.084,20.75],[94.045,20.688],[93.863,20.65]]]},"properties":{"shapeName":"Magway","shapeGroup":"MMR"}},
{"type":"Feature","geometry":{"type":"Polygon","coordinates":[[[95.342,21.576],[95.319,21.454],[95.17,21.318],[94.854,21.198],[94.831,20.941],[94.881,20.874],[95.038,20.847],[94.992,20.647],[95.029,20.543],[95.283,20.709],[95.406,20.703],[95.44,20.77],[95.583,20.738],[95.576,20.587],[95.712,20.514],[95.742,20.276],[95.834,20.144],[95.767,19.983],[95.817,19.817],[95.713,19.628],[95.795,19.46],[95.892,19.437],[95.945,19.482],[96.127,19.417],[96.18,19.493],[96.392,19.474],[96.573,19.476],[96.612,19.427],[96.668,19.509],[96.648,19.577],[96.545,19.614],[96.65,19.705],[96.521,19.858],[96.454,19.85],[96.363,20.013],[96.468,20.056],[96.441,20.136],[96.547,20.222],[96.461,20.427],[96.553,20.598],[96.517,20.579],[96.439,20.692],[96.479,20.769],[96.564,20.783],[96.574,20.871],[96.246,20.98],[96.204,21.071],[96.232,21.151],[96.377,21.176],[96.291,21.357],[96.321,21.535],[96.581,21.595],[96.807,21.774],[96.896,21.743],[96.754,22.071],[96.495,22.143],[96.409,22.364],[96.329,22.368],[96.331,22.504],[96.204,22.738],[96.273,22.793],[96.64,22.824],[96.716,22.937],[96.515,23.053],[96.237,23.014],[96.153,23.121],[96.17,23.346],[96.234,23.34],[96.393,23.57],[96.315,23.642],[96.251,23.576],[96.145,23.569],[96.109,23.682],[95.907,23.409],[95.995,23.109],[95.967,22.745],[95.9,22.711],[95.996,22.528],[95.958,22.416],[96.01,22.318],[96,21.882],[95.927,21.851],[95.784,21.922],[95.524,21.907],[95.403,21.791],[95.342,21.576]]]},"properties":{"shapeName":"Mandalay","shapeGroup":"MMR"}},
{"type":"Feature","geometry":{"type":"MultiPolygon","coordinates":[[[[98.203,15.236],[98.205,15.261],[98.184,15.309],[98.134,15.335],[97.948,15.646],[97.867,15.678],[97.866,16.035],[97.813,16.126],[97.955,16.159],[98.071,16.121],[98.129,16.178],[97.995,16.334],[97.98,16.435],[97.916,16.427],[97.846,16.545],[97.801,16.51],[97.686,16.559],[97.619,16.499],[97.638,16.216],[97.557,16.08],[97.606,15.953],[97.72,15.857],[97.698,15.758],[97.771,15.537],[97.734,15.49],[97.786,15.399],[97.721,15.354],[97.727,15.265],[97.767,15.196],[97.842,15.19],[97.786,15.179],[97.793,14.881],[97.868,14.937],[97.884,15.082],[97.95,15.059],[98.018,15.105],[98.093,14.995],[98.208,14.982],[98.209,14.998],[98.211,15.002],[98.213,15.02],[98.231,15.044],[98.21,15.076],[98.193,15.077],[98.182,15.108],[98.19,15.151],[98.213,15.182],[98.2,15.211],[98.202,15.214],[98.202,15.215],[98.2,15.218],[98.198,15.22],[98.199,15.223],[98.2,15.226],[98.198,15.233],[98.198,15.234],[98.203,15.236]]],[[[97.219,17.543],[97.103,17.481],[96.994,17.611],[96.888,17.617],[96.88,17.34],[97.059,17.152],[97.028,17.016],[97.084,16.915],[97.134,17.123],[97.17,17.115],[97.233,16.681],[97.326,16.663],[97.36,16.506],[97.617,16.521],[97.612,16.653],[97.439,16.992],[97.516,17.13],[97.439,17.532],[97.359,17.637],[97.403,17.716],[97.316,17.584],[97.275,17.607],[97.219,17.543]]],[[[97.516,16.501],[97.436,16.46],[97.526,16.197],[97.609,16.462],[97.516,16.501]]]]},"properties":{"shapeName":"Mon","shapeGroup":"MMR"}},
{"type":"Feature","geometry":{"type":"MultiPolygon","coordinates":[[[[94.823,18.36],[94.734,18.468],[94.766,18.564],[94.69,18.626],[94.747,18.683],[94.686,18.803],[94.762,18.859],[94.697,18.96],[94.655,19.085],[94.505,19.186],[94.479,19.266],[94.527,19.341],[94.344,19.563],[94.297,19.924],[94.079,20.373],[93.938,20.559],[93.847,20.556],[93.863,20.65],[93.696,20.92],[93.631,20.918],[93.599,20.847],[93.624,20.721],[93.405,20.732],[93.254,20.844],[93.176,20.833],[93.13,21.088],[93.047,21.062],[92.919,21.114],[92.869,21.066],[92.679,21.286],[92.598,21.247],[92.558,21.382],[92.439,21.365],[92.381,21.48],[92.199,21.327],[92.22,21.232],[92.173,21.17],[92.2,21.16],[92.202,21.123],[92.224,21.119],[92.271,21.044],[92.331,21.079],[92.281,21.041],[92.263,21.045],[92.275,20.953],[92.313,20.911],[92.364,20.943],[92.312,20.904],[92.341,20.856],[92.379,20.892],[92.38,20.867],[92.336,20.853],[92.381,20.703],[92.654,20.471],[92.735,20.27],[92.732,20.559],[92.591,20.695],[92.579,20.724],[92.595,20.734],[92.548,20.817],[92.555,20.851],[92.568,20.788],[92.607,20.823],[92.599,20.692],[92.642,20.729],[92.75,20.602],[92.749,20.482],[92.797,20.51],[92.869,20.41],[92.841,20.399],[92.913,20.381],[92.898,20.487],[92.918,20.38],[92.835,20.388],[92.886,20.304],[92.951,20.411],[92.948,20.344],[92.76,20.197],[92.861,20.123],[92.922,20.19],[92.881,20.257],[92.921,20.197],[92.937,20.282],[92.958,20.235],[93.013,20.305],[93.081,20.568],[93.01,20.643],[93.084,20.583],[93.116,20.427],[93.114,20.418],[93.078,20.405],[93.091,20.384],[93.123,20.384],[93.035,20.332],[92.992,20.142],[93.016,20.137],[93.122,20.222],[93.141,20.221],[93.209,20.325],[93.214,20.292],[93.191,20.289],[93.192,20.268],[93.168,20.257],[93.144,20.219],[93.13,20.221],[93.103,20.193],[93.169,20.196],[93.25,20.252],[93.234,20.3],[93.329,20.423],[93.29,20.343],[93.325,20.334],[93.412,20.174],[93.421,20.116],[93.378,20.07],[93.42,19.971],[93.547,19.989],[93.504,19.975],[93.578,19.922],[93.556,19.884],[93.706,19.912],[93.705,19.967],[93.718,19.897],[93.795,19.87],[93.793,19.916],[93.803,19.898],[93.801,19.87],[93.781,19.867],[93.799,19.833],[93.788,19.763],[93.708,19.697],[93.763,19.677],[93.808,19.735],[93.85,19.663],[93.788,19.686],[93.826,19.639],[93.772,19.665],[93.72,19.618],[93.824,19.604],[93.772,19.588],[93.915,19.485],[93.937,19.566],[93.94,19.5],[93.903,19.467],[93.99,19.435],[93.858,19.441],[93.86,19.487],[93.768,19.486],[93.684,19.567],[93.635,19.482],[93.777,19.351],[93.735,19.35],[93.769,19.301],[93.866,19.305],[93.857,19.387],[93.881,19.321],[93.916,19.379],[93.892,19.291],[93.976,19.398],[94.011,19.381],[93.872,19.252],[93.886,19.208],[93.694,19.308],[93.64,19.209],[93.666,19.314],[93.601,19.323],[93.634,19.366],[93.546,19.436],[93.471,19.355],[93.667,19.013],[93.937,18.846],[93.987,18.968],[93.907,19.198],[94.006,19.155],[94.07,19.385],[94.035,19.122],[94.063,19.188],[94.063,19.127],[94.09,19.183],[94.135,19.162],[94.028,19.079],[94.143,19.122],[94.03,18.998],[94.029,18.895],[94.085,18.883],[94.113,18.966],[94.105,18.906],[94.091,18.884],[94.074,18.873],[94.043,18.889],[94.019,18.854],[94.167,18.893],[94.139,18.819],[94.198,18.752],[94.223,18.784],[94.209,18.734],[94.272,18.738],[94.215,18.724],[94.165,18.733],[94.22,18.688],[94.139,18.741],[94.241,18.642],[94.335,18.364],[94.397,18.348],[94.32,18.25],[94.412,18.243],[94.435,18.172],[94.455,18.208],[94.49,17.993],[94.429,18.001],[94.478,17.785],[94.607,17.544],[94.605,17.503],[94.557,17.597],[94.559,17.476],[94.72,17.336],[94.806,17.479],[94.788,17.655],[94.871,17.72],[94.887,17.849],[94.817,17.994],[94.902,18.194],[94.823,18.36]]],[[[93.626,18.9],[93.478,18.87],[93.703,18.667],[93.758,18.725],[93.749,18.888],[93.626,18.9]]],[[[93.976,18.83],[93.934,18.821],[93.989,18.776],[93.976,18.83]]],[[[94.112,18.853],[94.062,18.833],[94.129,18.812],[94.112,18.853]]],[[[93.445,19.746],[93.415,19.724],[93.502,19.674],[93.445,19.746]]],[[[93.578,19.728],[93.578,19.769],[93.522,19.678],[93.578,19.728]]],[[[93.516,19.521],[93.522,19.472],[93.598,19.462],[93.516,19.521]]],[[[92.839,20.442],[92.8,20.479],[92.759,20.444],[92.793,20.28],[92.866,20.32],[92.831,20.382],[92.838,20.405],[92.862,20.407],[92.839,20.442]]],[[[93.111,20.423],[93.095,20.509],[93.086,20.513],[93.035,20.351],[93.08,20.372],[93.074,20.406],[93.081,20.418],[93.111,20.423]]],[[[92.937,20.105],[92.912,20.063],[93.025,19.821],[92.937,20.105]]],[[[92.995,20.123],[92.976,20.074],[93.172,19.789],[93.105,19.937],[93.121,20.044],[93.069,20.122],[92.995,20.123]]],[[[93.179,20.19],[93.084,20.18],[93.183,20.058],[93.233,20.117],[93.179,20.19]]],[[[93.288,20.206],[93.247,20.274],[93.253,20.251],[93.177,20.196],[93.238,20.116],[93.208,20.03],[93.35,20.065],[93.288,20.206]]],[[[93.324,20.329],[93.266,20.31],[93.266,20.26],[93.376,20.007],[93.374,20.084],[93.414,20.125],[93.324,20.329]]],[[[93.709,19.753],[93.683,19.792],[93.632,19.721],[93.693,19.705],[93.709,19.753]]],[[[93.709,19.873],[93.64,19.863],[93.587,19.697],[93.671,19.827],[93.764,19.867],[93.709,19.873]]],[[[93.771,19.859],[93.717,19.756],[93.775,19.762],[93.771,19.859]]],[[[93.448,19.93],[93.398,19.967],[93.441,19.79],[93.514,19.732],[93.477,19.827],[93.532,19.916],[93.448,19.93]]],[[[93.602,19.848],[93.663,19.904],[93.54,19.832],[93.602,19.848]]]]},"properties":{"shapeName":"Rakhine","shapeGroup":"MMR"}},
{"type":"Feature","geometry":{"type":"MultiPolygon","coordinates":[[[[99.433,12.59],[99.43,12.594],[99.425,12.596],[99.424,12.596],[99.422,12.6],[99.423,12.602],[99.423,12.604],[99.423,12.609],[99.414,12.618],[99.406,12.614],[99.393,12.619],[99.38,12.616],[99.378,12.621],[99.367,12.625],[99.367,12.636],[99.345,12.644],[99.346,12.648],[99.338,12.659],[99.335,12.665],[99.333,12.668],[99.295,12.678],[99.291,12.715],[99.28,12.717],[99.273,12.724],[99.272,12.725],[99.271,12.725],[99.265,12.725],[99.248,12.72],[99.247,12.72],[99.247,12.719],[99.239,12.725],[99.239,12.726],[99.235,12.739],[99.23,12.743],[99.235,12.75],[99.235,12.762],[99.234,12.782],[99.228,12.791],[99.231,12.799],[99.231,12.813],[99.23,12.814],[99.224,12.814],[99.222,12.818],[99.218,12.828],[99.212,12.826],[99.211,12.826],[99.208,12.831],[99.205,12.836],[99.2,12.839],[99.199,12.84],[99.199,12.843],[99.198,12.844],[99.19,12.844],[99.189,12.845],[99.187,12.848],[99.186,12.849],[99.188,12.855],[99.187,12.856],[99.185,12.861],[99.189,12.868],[99.189,12.881],[99.185,12.883],[99.181,12.887],[99.181,12.888],[99.184,12.89],[99.184,12.895],[99.182,12.91],[99.182,12.912],[99.182,12.914],[99.177,12.918],[99.174,12.921],[99.163,12.927],[99.163,12.928],[99.171,12.932],[99.172,12.941],[99.185,12.945],[99.193,12.952],[99.194,12.954],[99.195,12.957],[99.196,12.958],[99.188,12.977],[99.196,12.99],[99.192,12.998],[99.176,13],[99.169,13.009],[99.171,13.014],[99.171,13.015],[99.169,13.016],[99.167,13.018],[99.157,13.02],[99.155,13.025],[99.155,13.026],[99.149,13.027],[99.148,13.027],[99.147,13.028],[99.143,13.034],[99.14,13.033],[99.136,13.033],[99.134,13.033],[99.134,13.034],[99.13,13.036],[99.123,13.042],[99.119,13.046],[99.116,13.051],[99.115,13.057],[99.114,13.058],[99.112,13.062],[99.104,13.063],[99.104,13.064],[99.1,13.072],[99.131,13.096],[99.124,13.193],[99.2,13.191],[99.208,13.2],[99.209,13.201],[99.21,13.207],[99.21,13.209],[99.203,13.219],[99.208,13.222],[99.207,13.233],[99.207,13.234],[99.206,13.236],[99.199,13.243],[99.197,13.248],[99.197,13.255],[99.197,13.256],[99.196,13.259],[99.2,13.262],[99.211,13.261],[99.204,13.271],[99.2,13.275],[99.197,13.279],[99.194,13.282],[99.192,13.284],[99.189,13.289],[99.188,13.291],[99.195,13.303],[99.193,13.309],[99.193,13.315],[99.191,13.318],[99.191,13.32],[99.197,13.325],[99.199,13.327],[99.203,13.336],[99.206,13.337],[99.207,13.339],[99.207,13.34],[99.207,13.341],[99.208,13.362],[99.206,13.365],[99.206,13.366],[99.197,13.369],[99.209,13.41],[99.208,13.417],[99.209,13.42],[99.207,13.422],[99.207,13.423],[99.203,13.425],[99.201,13.426],[99.204,13.433],[99.204,13.434],[99.205,13.436],[99.199,13.446],[99.198,13.45],[99.198,13.451],[99.199,13.454],[99.202,13.456],[99.206,13.457],[99.207,13.458],[99.206,13.458],[99.206,13.461],[99.207,13.465],[99.208,13.468],[99.193,13.546],[99.166,13.573],[99.179,13.583],[99.178,13.585],[99.176,13.593],[99.176,13.595],[99.166,13.613],[99.161,13.617],[99.167,13.618],[99.167,13.619],[99.173,13.628],[99.172,13.646],[99.171,13.647],[99.167,13.653],[99.167,13.654],[99.172,13.661],[99.172,13.667],[99.171,13.67],[99.171,13.671],[99.168,13.672],[99.168,13.673],[99.168,13.677],[99.166,13.681],[99.172,13.688],[99.169,13.693],[99.171,13.706],[99.169,13.71],[99.168,13.726],[99.168,13.728],[99.109,13.892],[99.021,13.945],[99.01,13.994],[99.008,14],[98.998,14.009],[98.996,14.013],[98.997,14.016],[98.997,14.02],[98.996,14.023],[98.99,14.024],[98.979,14.032],[98.973,14.033],[98.972,14.034],[98.974,14.039],[98.97,14.05],[98.967,14.089],[98.955,14.103],[98.944,14.094],[98.943,14.094],[98.938,14.097],[98.936,14.1],[98.933,14.102],[98.93,14.105],[98.926,14.108],[98.923,14.109],[98.92,14.11],[98.918,14.11],[98.909,14.109],[98.907,14.11],[98.906,14.11],[98.9,14.107],[98.887,14.121],[98.882,14.123],[98.88,14.125],[98.869,14.147],[98.843,14.162],[98.832,14.179],[98.816,14.178],[98.745,14.227],[98.714,14.277],[98.709,14.278],[98.7,14.274],[98.698,14.275],[98.697,14.275],[98.695,14.275],[98.693,14.275],[98.692,14.274],[98.688,14.272],[98.685,14.273],[98.677,14.28],[98.663,14.291],[98.66,14.291],[98.659,14.291],[98.657,14.293],[98.644,14.301],[98.64,14.304],[98.638,14.31],[98.631,14.315],[98.63,14.316],[98.629,14.317],[98.623,14.314],[98.612,14.316],[98.608,14.317],[98.604,14.32],[98.598,14.328],[98.594,14.342],[98.599,14.367],[98.594,14.378],[98.566,14.384],[98.565,14.393],[98.563,14.395],[98.557,14.402],[98.557,14.403],[98.559,14.412],[98.559,14.413],[98.558,14.414],[98.556,14.42],[98.549,14.422],[98.549,14.433],[98.542,14.441],[98.536,14.44],[98.535,14.442],[98.533,14.446],[98.533,14.447],[98.525,14.453],[98.525,14.454],[98.523,14.465],[98.519,14.474],[98.512,14.478],[98.511,14.487],[98.51,14.488],[98.507,14.492],[98.506,14.495],[98.505,14.499],[98.505,14.503],[98.506,14.507],[98.505,14.507],[98.498,14.509],[98.499,14.511],[98.499,14.516],[98.494,14.535],[98.492,14.539],[98.489,14.538],[98.486,14.533],[98.483,14.533],[98.474,14.536],[98.463,14.529],[98.462,14.531],[98.458,14.559],[98.46,14.572],[98.459,14.579],[98.44,14.601],[98.437,14.611],[98.436,14.613],[98.436,14.614],[98.426,14.622],[98.421,14.624],[98.418,14.629],[98.416,14.63],[98.411,14.633],[98.408,14.634],[98.406,14.638],[98.397,14.643],[98.391,14.649],[98.382,14.652],[98.38,14.654],[98.379,14.656],[98.376,14.661],[98.375,14.663],[98.373,14.664],[98.37,14.665],[98.367,14.666],[98.368,14.67],[98.365,14.675],[98.363,14.678],[98.362,14.686],[98.362,14.69],[98.359,14.693],[98.35,14.698],[98.342,14.704],[98.339,14.708],[98.339,14.709],[98.337,14.71],[98.331,14.705],[98.327,14.707],[98.326,14.708],[98.317,14.723],[98.306,14.733],[98.306,14.735],[98.306,14.737],[98.298,14.748],[98.298,14.749],[98.294,14.764],[98.294,14.765],[98.29,14.774],[98.283,14.776],[98.282,14.778],[98.282,14.783],[98.277,14.791],[98.277,14.797],[98.277,14.798],[98.273,14.799],[98.271,14.799],[98.255,14.813],[98.255,14.814],[98.251,14.824],[98.25,14.826],[98.246,14.831],[98.246,14.832],[98.248,14.834],[98.251,14.836],[98.254,14.839],[98.258,14.842],[98.258,14.843],[98.258,14.844],[98.26,14.848],[98.259,14.852],[98.258,14.862],[98.257,14.863],[98.231,14.889],[98.232,14.893],[98.236,14.892],[98.234,14.895],[98.24,14.898],[98.241,14.9],[98.251,14.917],[98.234,14.967],[98.219,14.977],[98.211,14.979],[98.209,14.981],[98.208,14.982],[98.093,14.995],[98.018,15.105],[97.95,15.059],[97.884,15.082],[97.868,14.937],[97.793,14.881],[97.832,14.708],[97.94,14.788],[97.976,14.696],[97.926,14.724],[97.872,14.671],[97.962,14.432],[98.001,14.489],[97.996,14.297],[98.096,14.2],[98.054,14.035],[98.099,13.891],[98.068,13.76],[98.153,13.65],[98.122,13.553],[98.176,13.547],[98.205,14.002],[98.235,13.716],[98.368,13.599],[98.451,13.376],[98.479,13.411],[98.492,13.247],[98.571,13.223],[98.593,12.968],[98.671,12.983],[98.591,12.936],[98.681,12.799],[98.647,12.769],[98.719,12.81],[98.678,12.745],[98.617,12.758],[98.685,12.716],[98.703,12.746],[98.705,12.674],[98.665,12.689],[98.692,12.614],[98.654,12.636],[98.631,12.576],[98.675,12.579],[98.616,12.553],[98.756,12.478],[98.648,12.504],[98.594,12.43],[98.722,12.346],[98.561,12.418],[98.555,12.33],[98.671,12.319],[98.526,12.262],[98.556,12.2],[98.697,12.236],[98.737,12.185],[98.642,12.177],[98.704,12.147],[98.619,12.137],[98.673,12.083],[98.62,12.099],[98.671,12.044],[98.737,12.074],[98.778,12.018],[98.71,12.059],[98.686,12.027],[98.739,11.958],[98.692,11.963],[98.702,11.93],[98.671,11.941],[98.668,11.921],[98.657,11.916],[98.556,11.908],[98.543,11.878],[98.725,11.877],[98.597,11.845],[98.662,11.816],[98.605,11.789],[98.622,11.797],[98.672,11.773],[98.617,11.788],[98.59,11.759],[98.604,11.72],[98.692,11.673],[98.699,11.749],[98.815,11.849],[98.789,11.731],[98.9,11.703],[98.979,11.596],[98.919,11.569],[98.873,11.703],[98.812,11.647],[98.781,11.686],[98.726,11.659],[98.709,11.533],[98.758,11.539],[98.774,11.447],[98.719,11.459],[98.689,11.395],[98.787,11.267],[98.649,11.13],[98.721,11.064],[98.68,10.998],[98.786,10.996],[98.714,10.988],[98.737,10.911],[98.666,10.917],[98.707,10.857],[98.644,10.922],[98.671,10.871],[98.573,10.872],[98.635,10.826],[98.564,10.711],[98.515,10.746],[98.552,10.676],[98.462,10.745],[98.541,10.366],[98.48,10.199],[98.553,9.974],[98.636,10.213],[98.658,10.181],[98.698,10.219],[98.67,10.236],[98.682,10.263],[98.639,10.329],[98.686,10.275],[98.675,10.237],[98.701,10.23],[98.753,10.39],[98.755,10.392],[98.769,10.404],[98.776,10.427],[98.785,10.444],[98.795,10.446],[98.8,10.447],[98.809,10.467],[98.822,10.53],[98.812,10.593],[98.772,10.621],[98.783,10.681],[98.862,10.777],[98.869,10.776],[98.878,10.787],[98.885,10.784],[98.898,10.793],[98.91,10.806],[98.914,10.808],[98.92,10.813],[98.925,10.825],[98.936,10.816],[98.938,10.815],[98.963,10.817],[98.964,10.817],[98.965,10.819],[98.965,10.822],[98.966,10.824],[98.976,10.831],[98.977,10.831],[98.983,10.832],[98.987,10.836],[98.993,10.843],[99.008,10.851],[99.012,10.858],[99.012,10.861],[99.009,10.873],[99.009,10.874],[99.009,10.878],[99.008,10.878],[99.003,10.88],[99.002,10.882],[99.001,10.884],[99.001,10.891],[99.003,10.898],[99.004,10.898],[99.004,10.905],[99,10.916],[98.999,10.922],[98.999,10.924],[99.003,10.929],[99.003,10.933],[99.003,10.935],[99.009,10.94],[99.01,10.941],[99.014,10.948],[99.015,10.95],[99.017,10.961],[99.021,10.967],[99.025,10.97],[99.028,10.97],[99.03,10.969],[99.031,10.969],[99.039,10.965],[99.05,10.962],[99.052,10.954],[99.052,10.951],[99.054,10.95],[99.057,10.947],[99.069,10.938],[99.07,10.952],[99.083,10.953],[99.099,10.981],[99.101,10.996],[99.102,11.01],[99.104,11.011],[99.112,11.016],[99.131,11.03],[99.135,11.03],[99.138,11.03],[99.143,11.03],[99.147,11.03],[99.148,11.031],[99.151,11.033],[99.155,11.032],[99.156,11.034],[99.165,11.04],[99.167,11.042],[99.171,11.044],[99.172,11.047],[99.171,11.05],[99.173,11.057],[99.173,11.058],[99.18,11.06],[99.18,11.061],[99.178,11.068],[99.178,11.069],[99.178,11.076],[99.178,11.078],[99.179,11.081],[99.182,11.084],[99.191,11.084],[99.199,11.089],[99.2,11.091],[99.203,11.099],[99.212,11.099],[99.217,11.105],[99.219,11.106],[99.225,11.109],[99.229,11.114],[99.325,11.282],[99.321,11.29],[99.309,11.302],[99.312,11.316],[99.318,11.319],[99.325,11.326],[99.326,11.328],[99.326,11.33],[99.328,11.335],[99.33,11.336],[99.333,11.335],[99.336,11.334],[99.341,11.338],[99.343,11.348],[99.356,11.358],[99.36,11.364],[99.364,11.368],[99.403,11.389],[99.398,11.464],[99.431,11.478],[99.432,11.481],[99.435,11.49],[99.447,11.493],[99.449,11.499],[99.45,11.5],[99.448,11.503],[99.451,11.504],[99.453,11.509],[99.459,11.513],[99.467,11.526],[99.474,11.532],[99.475,11.537],[99.469,11.549],[99.464,11.55],[99.464,11.555],[99.464,11.558],[99.468,11.563],[99.468,11.564],[99.469,11.566],[99.468,11.57],[99.466,11.574],[99.465,11.576],[99.461,11.579],[99.459,11.582],[99.464,11.59],[99.468,11.613],[99.565,11.626],[99.587,11.66],[99.586,11.67],[99.585,11.672],[99.585,11.673],[99.583,11.677],[99.587,11.681],[99.591,11.69],[99.593,11.692],[99.598,11.695],[99.598,11.696],[99.593,11.701],[99.619,11.723],[99.62,11.722],[99.623,11.72],[99.632,11.721],[99.636,11.727],[99.637,11.729],[99.639,11.733],[99.665,11.822],[99.665,11.823],[99.657,11.829],[99.648,11.818],[99.628,11.82],[99.6,11.875],[99.571,11.866],[99.585,11.883],[99.582,11.888],[99.582,11.894],[99.581,11.898],[99.58,11.903],[99.585,11.913],[99.586,11.913],[99.587,11.916],[99.586,11.925],[99.584,11.933],[99.583,11.937],[99.582,11.938],[99.58,11.942],[99.582,11.944],[99.593,11.95],[99.594,11.989],[99.592,11.992],[99.59,11.995],[99.583,11.998],[99.582,12.001],[99.579,12.006],[99.572,12.01],[99.537,12.016],[99.543,12.033],[99.533,12.052],[99.557,12.094],[99.556,12.113],[99.559,12.118],[99.56,12.119],[99.56,12.126],[99.564,12.138],[99.564,12.146],[99.564,12.151],[99.538,12.158],[99.534,12.148],[99.532,12.148],[99.525,12.144],[99.523,12.147],[99.52,12.147],[99.517,12.147],[99.509,12.142],[99.501,12.141],[99.499,12.14],[99.484,12.132],[99.482,12.132],[99.479,12.132],[99.476,12.13],[99.474,12.131],[99.474,12.141],[99.48,12.145],[99.483,12.158],[99.479,12.162],[99.5,12.192],[99.486,12.272],[99.436,12.34],[99.437,12.346],[99.443,12.351],[99.444,12.352],[99.445,12.352],[99.445,12.355],[99.433,12.365],[99.444,12.382],[99.447,12.404],[99.445,12.406],[99.442,12.41],[99.436,12.413],[99.428,12.424],[99.426,12.448],[99.425,12.448],[99.414,12.448],[99.399,12.458],[99.401,12.46],[99.403,12.462],[99.406,12.479],[99.418,12.488],[99.425,12.489],[99.427,12.493],[99.419,12.526],[99.422,12.551],[99.43,12.555],[99.435,12.565],[99.434,12.566],[99.428,12.578],[99.431,12.58],[99.433,12.583],[99.436,12.587],[99.433,12.59]]],[[[98.676,11.063],[98.641,11.023],[98.679,11.011],[98.676,11.063]]],[[[98.262,11.258],[98.205,11.241],[98.244,11.194],[98.289,11.212],[98.262,11.258]]],[[[98.146,11.411],[98.094,11.407],[98.137,11.364],[98.146,11.411]]],[[[97.489,11.813],[97.436,11.791],[97.486,11.763],[97.527,11.793],[97.489,11.813]]],[[[97.686,11.87],[97.635,11.87],[97.674,11.827],[97.686,11.87]]],[[[98.295,11.804],[98.161,11.437],[98.274,11.469],[98.295,11.804]]],[[[98.532,11.794],[98.366,11.777],[98.41,11.76],[98.382,11.714],[98.433,11.726],[98.369,11.682],[98.425,11.563],[98.524,11.514],[98.532,11.794]]],[[[98.45,12.094],[98.473,11.877],[98.518,11.92],[98.595,11.912],[98.664,11.925],[98.669,11.95],[98.561,11.995],[98.513,11.982],[98.45,12.094]]],[[[98.007,11.859],[98.01,11.693],[98.089,11.626],[98.088,11.739],[98.053,11.726],[98.007,11.859]]],[[[98.263,10.062],[98.126,9.963],[98.115,9.847],[98.304,10.02],[98.263,10.062]]],[[[98.19,10.189],[98.179,10.038],[98.238,10.166],[98.19,10.189]]],[[[97.904,10.465],[97.897,10.398],[97.946,10.438],[97.904,10.465]]],[[[98.501,10.883],[98.512,10.775],[98.563,10.855],[98.501,10.883]]],[[[98.182,10.982],[98.083,10.873],[98.157,10.926],[98.251,10.844],[98.261,10.687],[98.304,10.784],[98.182,10.982]]],[[[98.067,10.873],[98.029,10.856],[98.08,10.83],[98.067,10.873]]],[[[98.025,10.588],[97.939,10.559],[97.998,10.538],[98.025,10.588]]],[[[97.928,10.926],[97.88,10.841],[97.935,10.867],[97.928,10.926]]],[[[98.546,11.021],[98.529,11.1],[98.48,10.952],[98.541,10.948],[98.546,11.021]]],[[[98.255,12.565],[98.235,12.491],[98.291,12.51],[98.255,12.565]]],[[[97.858,12.817],[97.837,12.778],[97.882,12.774],[97.858,12.817]]],[[[98.256,13.216],[98.307,12.911],[98.285,13.048],[98.333,13.077],[98.256,13.216]]],[[[98.13,12.371],[98.099,12.332],[98.161,12.336],[98.13,12.371]]],[[[98.475,12.333],[98.471,12.397],[98.424,12.326],[98.475,12.333]]],[[[98.099,12.294],[98.047,12.203],[98.149,12.136],[98.099,12.294]]],[[[98.095,12.435],[98.036,12.354],[97.997,12.346],[98.03,12.417],[97.952,12.384],[97.941,12.317],[98.014,12.263],[98.001,12.304],[98.123,12.401],[98.095,12.435]]],[[[98.319,12.672],[98.34,12.312],[98.461,12.455],[98.481,12.575],[98.44,12.607],[98.422,12.511],[98.407,12.631],[98.319,12.672]]]]},"properties":{"shapeName":"Tanitharyi","shapeGroup":"MMR"}},
{"type":"Feature","geometry":{"type":"Polygon","coordinates":[[[95.736,17.478],[95.784,17.464],[96.084,17.791],[96.081,17.706],[96.281,17.439],[96.297,17.211],[96.404,17.076],[96.378,17.001],[96.477,16.965],[96.659,16.996],[96.837,16.822],[96.798,16.907],[96.856,16.889],[96.848,16.959],[96.88,16.924],[96.898,17.136],[96.982,17.114],[96.898,17.191],[96.933,17.282],[96.88,17.34],[96.888,17.617],[96.994,17.611],[97.103,17.481],[97.219,17.543],[97.217,17.549],[97.212,17.554],[97.156,17.725],[97.185,17.833],[97.178,17.838],[97.116,17.96],[97.194,18.156],[97.125,18.21],[97.107,18.33],[97.055,18.292],[96.956,18.431],[96.948,18.641],[96.687,18.599],[96.585,18.735],[96.574,18.79],[96.655,18.797],[96.603,18.895],[96.675,18.924],[96.584,18.937],[96.492,19.145],[96.554,19.174],[96.392,19.474],[96.18,19.493],[96.127,19.417],[95.945,19.482],[95.892,19.437],[95.795,19.46],[95.859,19.306],[95.826,19.158],[95.428,19.18],[95.057,18.832],[94.958,18.939],[94.697,18.96],[94.762,18.859],[94.686,18.803],[94.747,18.683],[94.69,18.626],[94.766,18.564],[94.734,18.468],[94.823,18.36],[94.935,18.453],[95.078,18.379],[95.106,18.51],[95.182,18.486],[95.272,18.321],[95.42,18.214],[95.491,17.789],[95.432,17.721],[95.582,17.608],[95.655,17.611],[95.736,17.478]]]},"properties":{"shapeName":"Bago","shapeGroup":"MMR"}},
{"type":"Feature","geometry":{"type":"Polygon","coordinates":[[[95.829,16.496],[95.878,16.42],[95.979,16.415],[96.132,16.323],[96.288,16.387],[96.328,16.457],[96.259,16.522],[96.191,16.748],[96.12,16.757],[96.113,16.832],[96.123,16.779],[96.196,16.766],[96.187,16.806],[96.199,16.771],[96.268,16.81],[96.343,16.907],[96.308,16.828],[96.216,16.753],[96.276,16.581],[96.283,16.602],[96.331,16.633],[96.47,16.613],[96.331,16.63],[96.281,16.593],[96.43,16.477],[96.643,16.553],[96.837,16.822],[96.659,16.996],[96.477,16.965],[96.378,17.001],[96.404,17.076],[96.297,17.211],[96.281,17.439],[96.081,17.706],[96.084,17.791],[95.784,17.464],[95.736,17.478],[95.618,17.348],[95.697,17.332],[95.69,17.232],[95.784,17.171],[95.805,17.078],[95.839,17.1],[95.821,17.024],[95.887,16.954],[95.838,16.925],[95.88,16.747],[95.824,16.657],[95.883,16.543],[95.829,16.496]]]},"properties":{"shapeName":"Yangon","shapeGroup":"MMR"}},
{"type":"Feature","geometry":{"type":"Polygon","coordinates":[[[99.539,20.163],[99.542,20.171],[99.552,20.177],[99.565,20.207],[99.523,20.233],[99.506,20.292],[99.507,20.306],[99.508,20.311],[99.509,20.314],[99.507,20.323],[99.504,20.33],[99.498,20.336],[99.497,20.338],[99.492,20.343],[99.485,20.348],[99.483,20.349],[99.482,20.349],[99.475,20.349],[99.466,20.359],[99.459,20.361],[99.458,20.362],[99.457,20.363],[99.458,20.379],[99.459,20.386],[99.458,20.39],[99.458,20.392],[99.475,20.392],[99.48,20.389],[99.489,20.383],[99.49,20.382],[99.492,20.383],[99.495,20.385],[99.5,20.383],[99.5,20.382],[99.504,20.377],[99.51,20.37],[99.511,20.368],[99.513,20.365],[99.516,20.364],[99.518,20.362],[99.524,20.362],[99.526,20.362],[99.531,20.359],[99.533,20.357],[99.535,20.357],[99.538,20.356],[99.539,20.356],[99.556,20.358],[99.557,20.358],[99.559,20.356],[99.562,20.352],[99.563,20.352],[99.569,20.351],[99.572,20.35],[99.583,20.345],[99.592,20.345],[99.594,20.342],[99.6,20.338],[99.605,20.336],[99.61,20.333],[99.612,20.331],[99.612,20.332],[99.613,20.337],[99.615,20.337],[99.626,20.334],[99.628,20.336],[99.633,20.342],[99.645,20.344],[99.682,20.317],[99.731,20.351],[99.74,20.345],[99.744,20.347],[99.747,20.345],[99.755,20.34],[99.758,20.339],[99.759,20.34],[99.763,20.342],[99.765,20.342],[99.774,20.337],[99.778,20.335],[99.779,20.335],[99.786,20.336],[99.796,20.335],[99.808,20.336],[99.868,20.443],[99.889,20.446],[99.892,20.446],[99.893,20.444],[99.894,20.444],[99.895,20.444],[99.894,20.446],[99.897,20.449],[99.916,20.448],[99.922,20.448],[99.923,20.448],[99.923,20.449],[99.927,20.451],[99.933,20.454],[99.934,20.455],[99.946,20.459],[99.947,20.459],[99.947,20.46],[99.954,20.466],[99.959,20.466],[99.96,20.465],[99.965,20.457],[99.976,20.449],[99.978,20.446],[99.98,20.442],[99.983,20.439],[99.986,20.436],[99.989,20.433],[99.989,20.431],[99.989,20.428],[99.988,20.425],[99.991,20.422],[99.996,20.42],[100.003,20.418],[100.007,20.421],[100.055,20.391],[100.057,20.4],[100.064,20.388],[100.07,20.393],[100.084,20.361],[100.254,20.75],[100.286,20.775],[100.29,20.777],[100.303,20.781],[100.31,20.784],[100.328,20.786],[100.346,20.799],[100.351,20.805],[100.358,20.818],[100.36,20.821],[100.364,20.825],[100.395,20.833],[100.398,20.833],[100.406,20.831],[100.422,20.832],[100.434,20.825],[100.436,20.825],[100.448,20.827],[100.45,20.826],[100.456,20.826],[100.468,20.822],[100.478,20.821],[100.488,20.818],[100.495,20.816],[100.519,20.816],[100.521,20.816],[100.532,20.821],[100.541,20.824],[100.546,20.825],[100.549,20.824],[100.567,20.822],[100.572,20.824],[100.582,20.831],[100.598,20.835],[100.608,20.841],[100.61,20.843],[100.612,20.844],[100.622,20.852],[100.622,20.853],[100.637,20.873],[100.642,20.876],[100.647,20.879],[100.648,20.88],[100.649,20.882],[100.649,20.884],[100.649,20.892],[100.648,20.893],[100.645,20.897],[100.642,20.897],[100.639,20.898],[100.638,20.898],[100.602,20.891],[100.58,20.883],[100.575,20.881],[100.565,20.88],[100.564,20.879],[100.56,20.873],[100.555,20.87],[100.54,20.87],[100.525,20.873],[100.523,20.875],[100.519,20.878],[100.51,20.887],[100.509,20.888],[100.51,20.894],[100.51,20.898],[100.516,20.907],[100.521,20.93],[100.526,20.962],[100.554,20.998],[100.546,21.023],[100.593,21.029],[100.607,21.042],[100.608,21.044],[100.612,21.049],[100.613,21.05],[100.623,21.057],[100.636,21.062],[100.642,21.074],[100.644,21.102],[100.695,21.174],[100.698,21.179],[100.699,21.209],[100.7,21.218],[100.716,21.266],[100.717,21.266],[100.718,21.273],[100.717,21.283],[100.721,21.3],[100.723,21.309],[100.727,21.314],[100.728,21.315],[100.733,21.315],[100.78,21.297],[100.783,21.297],[100.792,21.297],[100.797,21.296],[100.808,21.293],[100.809,21.293],[100.81,21.293],[100.836,21.304],[100.847,21.305],[100.852,21.308],[100.855,21.31],[100.874,21.326],[100.874,21.327],[100.882,21.343],[100.884,21.348],[100.887,21.35],[100.89,21.351],[100.901,21.349],[100.902,21.35],[100.904,21.35],[100.908,21.356],[100.912,21.356],[100.92,21.357],[100.926,21.365],[100.931,21.367],[100.935,21.368],[100.95,21.38],[100.953,21.381],[100.962,21.382],[100.968,21.385],[100.97,21.386],[100.976,21.388],[100.978,21.388],[100.994,21.385],[100.995,21.386],[101,21.386],[101.001,21.387],[101.005,21.393],[101.006,21.395],[101.014,21.401],[101.019,21.406],[101.038,21.434],[101.04,21.436],[101.054,21.45],[101.088,21.459],[101.089,21.46],[101.108,21.481],[101.118,21.488],[101.126,21.502],[101.161,21.524],[101.139,21.572],[101.17,21.606],[101.086,21.776],[100.883,21.69],[100.669,21.48],[100.486,21.456],[100.432,21.541],[100.247,21.466],[100.187,21.52],[100.169,21.485],[100.107,21.593],[100.168,21.666],[100.116,21.706],[100.032,21.676],[99.945,21.815],[99.971,22.058],[99.701,22.041],[99.652,22.105],[99.474,22.135],[99.326,22.095],[99.168,22.149],[99.277,22.35],[99.248,22.392],[99.38,22.495],[99.314,22.738],[99.461,22.846],[99.442,22.942],[99.534,22.9],[99.566,22.932],[99.51,23.084],[99.345,23.137],[99.26,23.082],[99.106,23.092],[99.061,23.172],[98.886,23.182],[98.945,23.31],[98.878,23.33],[98.919,23.418],[98.803,23.539],[98.891,23.615],[98.808,23.769],[98.674,23.809],[98.678,23.963],[98.864,24.066],[98.884,24.153],[98.595,24.083],[98.546,24.131],[98.087,24.089],[97.638,23.863],[97.475,23.819],[97.344,23.695],[97.015,23.644],[96.975,23.716],[96.778,23.75],[96.883,23.831],[96.859,24.004],[96.679,24],[96.663,24.158],[96.558,24.155],[96.39,24.028],[96.507,24.006],[96.561,23.833],[96.393,23.57],[96.234,23.34],[96.17,23.346],[96.153,23.121],[96.237,23.014],[96.515,23.053],[96.716,22.937],[96.64,22.824],[96.273,22.793],[96.204,22.738],[96.331,22.504],[96.329,22.368],[96.409,22.364],[96.495,22.143],[96.754,22.071],[96.896,21.743],[96.807,21.774],[96.581,21.595],[96.321,21.535],[96.291,21.357],[96.377,21.176],[96.232,21.151],[96.204,21.071],[96.246,20.98],[96.574,20.871],[96.564,20.783],[96.479,20.769],[96.439,20.692],[96.517,20.579],[96.553,20.598],[96.461,20.427],[96.547,20.222],[96.441,20.136],[96.468,20.056],[96.363,20.013],[96.454,19.85],[96.521,19.858],[96.65,19.705],[96.545,19.614],[96.648,19.577],[96.668,19.509],[96.834,19.333],[96.866,19.299],[96.966,19.427],[96.873,19.508],[96.912,19.577],[97.159,19.768],[97.147,19.992],[97.209,19.989],[97.259,19.892],[97.385,19.956],[97.443,19.88],[97.517,19.897],[97.592,19.831],[97.562,19.732],[97.606,19.687],[97.831,19.656],[97.859,19.635],[97.849,19.609],[97.858,19.596],[97.859,19.585],[97.863,19.576],[97.863,19.575],[97.894,19.572],[97.944,19.596],[97.95,19.593],[97.96,19.593],[97.961,19.593],[97.972,19.635],[98.025,19.638],[98.034,19.645],[98.038,19.645],[98.039,19.645],[98.04,19.649],[98.04,19.65],[98.041,19.651],[98.046,19.652],[98.048,19.653],[98.033,19.674],[98.035,19.7],[98.027,19.715],[98.025,19.722],[98.025,19.724],[98.031,19.726],[98.032,19.73],[98.031,19.731],[98.03,19.733],[98.03,19.735],[98.029,19.736],[98.033,19.744],[98.036,19.75],[98.034,19.754],[98.036,19.76],[98.037,19.767],[98.034,19.787],[98.036,19.789],[98.035,19.792],[98.039,19.798],[98.04,19.799],[98.034,19.804],[98.034,19.805],[98.043,19.807],[98.048,19.812],[98.048,19.814],[98.05,19.813],[98.052,19.811],[98.056,19.805],[98.06,19.804],[98.063,19.803],[98.068,19.81],[98.084,19.809],[98.085,19.808],[98.086,19.805],[98.084,19.793],[98.092,19.789],[98.101,19.772],[98.114,19.774],[98.116,19.778],[98.123,19.779],[98.134,19.787],[98.138,19.787],[98.139,19.787],[98.14,19.783],[98.142,19.782],[98.147,19.778],[98.157,19.771],[98.158,19.771],[98.168,19.77],[98.178,19.761],[98.183,19.761],[98.231,19.726],[98.233,19.696],[98.236,19.69],[98.236,19.689],[98.24,19.686],[98.243,19.684],[98.245,19.682],[98.248,19.677],[98.248,19.676],[98.252,19.675],[98.294,19.681],[98.295,19.682],[98.298,19.684],[98.3,19.686],[98.306,19.687],[98.307,19.688],[98.314,19.693],[98.32,19.696],[98.325,19.698],[98.333,19.692],[98.335,19.693],[98.335,19.694],[98.337,19.699],[98.34,19.699],[98.341,19.698],[98.343,19.695],[98.347,19.693],[98.366,19.693],[98.37,19.689],[98.371,19.69],[98.374,19.694],[98.375,19.694],[98.385,19.701],[98.392,19.705],[98.4,19.702],[98.401,19.701],[98.408,19.693],[98.44,19.686],[98.459,19.693],[98.464,19.693],[98.467,19.693],[98.471,19.693],[98.505,19.708],[98.506,19.71],[98.508,19.714],[98.509,19.716],[98.518,19.714],[98.533,19.699],[98.538,19.694],[98.538,19.693],[98.539,19.692],[98.539,19.689],[98.555,19.681],[98.56,19.674],[98.568,19.672],[98.573,19.695],[98.572,19.699],[98.572,19.702],[98.572,19.703],[98.627,19.713],[98.626,19.726],[98.701,19.755],[98.71,19.762],[98.712,19.769],[98.715,19.765],[98.725,19.761],[98.732,19.758],[98.738,19.755],[98.743,19.752],[98.783,19.753],[98.79,19.765],[98.798,19.776],[98.804,19.776],[98.805,19.777],[98.806,19.777],[98.811,19.781],[98.815,19.783],[98.818,19.785],[98.822,19.788],[98.825,19.791],[98.828,19.793],[98.829,19.795],[98.83,19.796],[98.83,19.797],[98.829,19.802],[98.833,19.811],[98.839,19.815],[98.846,19.81],[98.857,19.797],[98.857,19.795],[98.871,19.791],[98.877,19.783],[98.881,19.782],[98.885,19.781],[98.897,19.768],[98.9,19.766],[98.903,19.763],[98.907,19.751],[98.916,19.741],[98.932,19.764],[98.946,19.767],[98.951,19.769],[98.999,19.787],[99.009,19.789],[99.015,19.795],[99.017,19.802],[99.02,19.806],[99.02,19.81],[99.022,19.814],[99.023,19.815],[99.019,19.818],[99.022,19.82],[99.023,19.82],[99.031,19.835],[99.036,19.865],[99.033,19.895],[99.023,19.906],[99.028,19.909],[99.024,19.924],[99.029,19.925],[99.03,19.925],[99.031,19.926],[99.04,19.93],[99.04,19.931],[99.042,19.935],[99.04,19.942],[99.044,19.949],[99.042,19.954],[99.041,19.956],[99.039,19.965],[99.039,19.966],[99.032,19.975],[99.032,19.976],[99.037,19.986],[99.04,19.994],[99.041,19.994],[99.044,19.996],[99.049,19.997],[99.05,19.998],[99.053,20.001],[99.055,20.003],[99.045,20.015],[99.046,20.025],[99.045,20.034],[99.045,20.035],[99.045,20.038],[99.049,20.047],[99.055,20.052],[99.059,20.064],[99.064,20.067],[99.068,20.069],[99.068,20.088],[99.073,20.097],[99.079,20.101],[99.082,20.1],[99.088,20.098],[99.09,20.097],[99.09,20.098],[99.091,20.098],[99.092,20.099],[99.094,20.105],[99.095,20.105],[99.1,20.098],[99.104,20.098],[99.105,20.098],[99.107,20.097],[99.131,20.104],[99.132,20.106],[99.127,20.115],[99.127,20.118],[99.129,20.119],[99.134,20.119],[99.142,20.122],[99.143,20.122],[99.146,20.124],[99.155,20.13],[99.163,20.13],[99.169,20.131],[99.177,20.127],[99.18,20.127],[99.182,20.127],[99.183,20.128],[99.187,20.127],[99.189,20.126],[99.191,20.127],[99.202,20.13],[99.21,20.131],[99.214,20.129],[99.22,20.123],[99.221,20.122],[99.221,20.118],[99.225,20.118],[99.231,20.125],[99.231,20.126],[99.245,20.114],[99.252,20.114],[99.26,20.114],[99.267,20.103],[99.329,20.064],[99.377,20.09],[99.382,20.087],[99.385,20.088],[99.394,20.088],[99.397,20.088],[99.4,20.086],[99.406,20.088],[99.41,20.088],[99.418,20.093],[99.436,20.091],[99.497,20.116],[99.513,20.152],[99.536,20.157],[99.539,20.163]]]},"properties":{"shapeName":"Shan","shapeGroup":"MMR"}},
{"type":"Feature","geometry":{"type":"Polygon","coordinates":[[[100.481,19.559],[100.486,19.543],[100.549,19.519],[100.567,19.507],[100.58,19.499],[100.643,19.554],[100.658,19.552],[100.764,19.501],[100.784,19.501],[100.893,19.634],[101.187,19.579],[101.205,19.588],[101.203,19.599],[101.218,19.602],[101.261,19.594],[101.28,19.577],[101.285,19.535],[101.278,19.521],[101.188,19.39],[101.257,19.125],[101.357,19.05],[101.246,18.889],[101.224,18.732],[101.273,18.689],[101.104,18.521],[101.069,18.409],[101.083,18.385],[101.094,18.381],[101.127,18.367],[101.134,18.358],[101.139,18.357],[101.182,18.341],[101.144,18.259],[101.193,18.213],[101.184,18.065],[101.019,17.891],[100.982,17.768],[100.987,17.748],[101,17.699],[100.995,17.679],[100.987,17.618],[100.965,17.581],[100.974,17.573],[100.985,17.566],[101.061,17.527],[101.105,17.493],[101.136,17.483],[101.131,17.473],[101.161,17.467],[101.18,17.509],[101.179,17.507],[101.185,17.529],[101.264,17.603],[101.275,17.611],[101.378,17.692],[101.43,17.713],[101.397,17.729],[101.477,17.757],[101.476,17.752],[101.486,17.736],[101.491,17.724],[101.563,17.788],[101.551,17.821],[101.537,17.88],[101.501,17.855],[101.411,17.922],[101.392,18.178],[101.645,18.476],[101.716,18.492],[101.798,18.641],[101.846,18.815],[101.792,18.874],[101.797,19.03],[101.8,19.042],[101.805,19.068],[101.816,19.283],[101.897,19.404],[101.804,19.477],[101.822,19.658],[101.759,19.634],[101.773,19.871],[101.722,19.936],[101.621,19.837],[101.5,19.824],[100.785,19.89],[100.772,19.879],[100.75,19.865],[100.58,19.789],[100.438,19.791],[100.433,19.787],[100.407,19.736],[100.481,19.559]]]},"properties":{"shapeName":"Xaignabouli","shapeGroup":"LAO"}},
{"type":"Feature","geometry":{"type":"Polygon","coordinates":[[[107.476,14.993],[107.474,14.993],[107.471,14.997],[107.47,15],[107.465,15.004],[107.469,15.016],[107.473,15.018],[107.473,15.02],[107.475,15.021],[107.479,15.022],[107.484,15.025],[107.516,15.032],[107.518,15.039],[107.52,15.039],[107.455,15.224],[107.362,15.163],[107.193,15.288],[106.929,15.226],[106.797,15.265],[106.669,15.13],[106.767,15.136],[106.828,15.023],[106.686,14.779],[106.52,14.791],[106.481,14.842],[106.514,14.992],[106.44,14.943],[106.357,15.011],[106.181,14.828],[106.176,14.737],[106.255,14.694],[106.35,14.515],[106.337,14.443],[106.368,14.453],[106.39,14.451],[106.423,14.474],[106.436,14.481],[106.44,14.494],[106.478,14.513],[106.458,14.546],[106.476,14.559],[106.545,14.592],[106.553,14.568],[106.558,14.55],[106.563,14.541],[106.562,14.504],[106.582,14.507],[106.588,14.509],[106.596,14.506],[106.616,14.467],[106.631,14.444],[106.643,14.447],[106.663,14.449],[106.66,14.443],[106.665,14.439],[106.678,14.432],[106.685,14.433],[106.691,14.429],[106.708,14.424],[106.72,14.423],[106.73,14.435],[106.744,14.426],[106.749,14.417],[106.757,14.396],[106.754,14.387],[106.756,14.387],[106.757,14.386],[106.763,14.384],[106.765,14.384],[106.77,14.381],[106.777,14.368],[106.783,14.357],[106.786,14.341],[106.798,14.326],[106.823,14.311],[106.836,14.308],[106.895,14.334],[106.902,14.334],[106.915,14.33],[106.934,14.324],[106.937,14.324],[106.946,14.314],[106.963,14.315],[106.974,14.33],[107.008,14.385],[107.022,14.4],[107.037,14.413],[107.045,14.422],[107.041,14.438],[107.037,14.444],[107.053,14.44],[107.069,14.43],[107.077,14.426],[107.075,14.414],[107.083,14.395],[107.087,14.394],[107.089,14.397],[107.098,14.394],[107.106,14.398],[107.111,14.393],[107.132,14.405],[107.145,14.414],[107.164,14.415],[107.176,14.425],[107.197,14.451],[107.2,14.477],[107.205,14.482],[107.207,14.488],[107.231,14.481],[107.242,14.482],[107.282,14.57],[107.289,14.574],[107.288,14.581],[107.299,14.588],[107.318,14.587],[107.351,14.576],[107.357,14.57],[107.365,14.56],[107.368,14.549],[107.371,14.545],[107.375,14.544],[107.376,14.54],[107.394,14.54],[107.409,14.537],[107.423,14.528],[107.453,14.536],[107.448,14.549],[107.457,14.563],[107.456,14.583],[107.459,14.591],[107.464,14.61],[107.463,14.614],[107.478,14.625],[107.498,14.628],[107.501,14.638],[107.509,14.644],[107.524,14.676],[107.507,14.793],[107.591,14.873],[107.506,14.929],[107.467,14.984],[107.478,14.987],[107.476,14.989],[107.477,14.991],[107.476,14.993]]]},"properties":{"shapeName":"Attapeu","shapeGroup":"LAO"}},
{"type":"Feature","geometry":{"type":"Polygon","coordinates":[[[100.443,19.806],[100.438,19.791],[100.58,19.789],[100.75,19.865],[100.772,19.879],[100.772,19.887],[100.764,19.902],[100.769,19.915],[100.727,19.947],[100.765,19.988],[100.958,20.019],[101.046,20.132],[101.21,20.099],[101.255,20.186],[101.216,20.309],[101.02,20.347],[100.954,20.509],[100.839,20.51],[100.797,20.689],[100.612,20.844],[100.61,20.843],[100.608,20.841],[100.598,20.835],[100.582,20.831],[100.572,20.824],[100.567,20.822],[100.549,20.824],[100.546,20.825],[100.541,20.824],[100.532,20.821],[100.521,20.816],[100.519,20.816],[100.495,20.816],[100.488,20.818],[100.478,20.821],[100.468,20.822],[100.456,20.826],[100.45,20.826],[100.448,20.827],[100.44,20.824],[100.436,20.825],[100.434,20.825],[100.422,20.832],[100.406,20.831],[100.398,20.833],[100.395,20.833],[100.364,20.825],[100.36,20.821],[100.355,20.809],[100.345,20.798],[100.329,20.786],[100.322,20.783],[100.315,20.783],[100.303,20.781],[100.29,20.777],[100.284,20.773],[100.269,20.757],[100.255,20.751],[100.086,20.345],[100.091,20.276],[100.105,20.254],[100.112,20.25],[100.172,20.246],[100.176,20.276],[100.25,20.386],[100.331,20.398],[100.456,20.199],[100.518,20.144],[100.578,20.168],[100.52,19.903],[100.443,19.806]]]},"properties":{"shapeName":"Bokeo","shapeGroup":"LAO"}},
{"type":"Feature","geometry":{"type":"Polygon","coordinates":[[[104.272,17.87],[104.274,17.871],[104.274,17.875],[104.271,17.893],[104.291,17.937],[104.385,18.086],[104.404,18.17],[104.433,18.198],[104.543,18.225],[104.926,17.956],[105.064,17.932],[105.25,18.159],[105.255,18.255],[105.103,18.447],[105.135,18.591],[105.16,18.614],[105.181,18.603],[105.186,18.602],[105.187,18.604],[105.19,18.605],[105.192,18.611],[105.191,18.615],[105.192,18.621],[105.189,18.626],[105.19,18.628],[105.197,18.639],[105.197,18.642],[105.196,18.645],[105.195,18.648],[105.194,18.65],[105.189,18.649],[105.187,18.651],[105.185,18.657],[105.179,18.66],[105.168,18.657],[105.137,18.687],[105.136,18.69],[105.14,18.692],[105.141,18.699],[105.142,18.7],[105.139,18.699],[105.109,18.709],[105.107,18.708],[105.105,18.705],[105.097,18.706],[105.077,18.705],[105.075,18.706],[105.074,18.706],[105.052,18.709],[105.055,18.719],[105.056,18.72],[105.052,18.725],[105.044,18.731],[105.028,18.733],[105.017,18.746],[105.013,18.745],[104.997,18.738],[104.941,18.739],[104.914,18.787],[104.74,18.8],[104.54,18.976],[104.445,18.984],[104.419,19.006],[104.419,19.017],[104.418,19.017],[104.418,19.019],[104.406,19.033],[104.398,19.04],[104.396,19.046],[104.398,19.049],[104.387,19.06],[104.375,19.066],[104.353,19.071],[104.349,19.073],[104.346,19.073],[104.312,19.089],[104.304,19.094],[104.301,19.106],[104.291,19.114],[104.279,19.112],[104.281,19.11],[104.253,19.032],[104.268,18.979],[104.112,18.798],[103.879,18.871],[103.765,18.818],[103.56,18.953],[103.491,18.938],[103.492,18.651],[103.389,18.571],[103.489,18.52],[103.479,18.463],[103.254,18.538],[102.81,18.505],[102.896,18.304],[103.022,18.205],[103.007,18.13],[103.061,18.181],[103.103,18.141],[103.136,18.16],[103.151,18.229],[103.182,18.266],[103.298,18.304],[103.258,18.335],[103.247,18.371],[103.28,18.4],[103.296,18.424],[103.313,18.434],[103.379,18.441],[103.414,18.448],[103.544,18.42],[103.674,18.362],[103.818,18.338],[103.858,18.284],[103.911,18.318],[103.953,18.339],[103.989,18.321],[104.105,18.115],[104.155,18.06],[104.169,18.046],[104.213,18],[104.24,17.941],[104.246,17.933],[104.271,17.87],[104.272,17.87]]]},"properties":{"shapeName":"Bolikhamsai","shapeGroup":"LAO"}},
{"type":"Feature","geometry":{"type":"Polygon","coordinates":[[[105.217,14.335],[105.206,14.343],[105.207,14.327],[105.206,14.313],[105.222,14.293],[105.237,14.278],[105.246,14.241],[105.255,14.229],[105.256,14.221],[105.267,14.197],[105.271,14.194],[105.275,14.176],[105.298,14.165],[105.304,14.166],[105.321,14.163],[105.324,14.157],[105.321,14.154],[105.327,14.152],[105.33,14.14],[105.333,14.139],[105.348,14.123],[105.355,14.118],[105.357,14.117],[105.361,14.107],[105.371,14.102],[105.373,14.104],[105.379,14.105],[105.392,14.101],[105.395,14.102],[105.401,14.105],[105.403,14.102],[105.407,14.108],[105.409,14.11],[105.419,14.106],[105.426,14.108],[105.432,14.106],[105.435,14.107],[105.446,14.109],[105.456,14.109],[105.457,14.106],[105.467,14.112],[105.472,14.115],[105.49,14.122],[105.494,14.127],[105.499,14.129],[105.516,14.136],[105.524,14.143],[105.526,14.143],[105.541,14.151],[105.549,14.156],[105.568,14.155],[105.586,14.138],[105.585,14.144],[105.593,14.145],[105.604,14.144],[105.608,14.145],[105.616,14.126],[105.618,14.127],[105.626,14.13],[105.633,14.127],[105.659,14.11],[105.655,14.117],[105.662,14.119],[105.667,14.114],[105.687,14.101],[105.699,14.094],[105.709,14.089],[105.718,14.107],[105.783,14.06],[105.811,14.01],[105.834,13.988],[105.846,13.978],[105.86,13.969],[105.894,13.948],[106.008,13.929],[106.021,13.925],[106.06,13.919],[106.107,13.914],[106.104,13.96],[106.1,13.981],[106.105,13.993],[106.116,13.993],[106.127,14.006],[106.141,14.017],[106.158,14.017],[106.169,14.02],[106.17,14.023],[106.177,14.033],[106.183,14.048],[106.182,14.051],[106.176,14.07],[106.175,14.073],[106.163,14.079],[106.147,14.087],[106.144,14.089],[106.126,14.106],[106.121,14.11],[106.115,14.134],[106.113,14.173],[106.087,14.19],[106.052,14.203],[106.034,14.237],[106.032,14.243],[106.029,14.251],[106.023,14.306],[106.025,14.31],[106.01,14.311],[106.002,14.314],[105.996,14.334],[105.995,14.349],[105.998,14.36],[106.001,14.372],[106.018,14.355],[106.043,14.344],[106.079,14.337],[106.083,14.343],[106.086,14.351],[106.09,14.371],[106.151,14.368],[106.173,14.35],[106.225,14.382],[106.239,14.415],[106.244,14.431],[106.243,14.46],[106.242,14.465],[106.251,14.484],[106.259,14.487],[106.287,14.473],[106.296,14.463],[106.299,14.451],[106.31,14.451],[106.318,14.441],[106.329,14.439],[106.337,14.443],[106.35,14.515],[106.255,14.694],[106.176,14.737],[106.181,14.828],[106.357,15.011],[106.44,14.943],[106.514,14.992],[106.481,14.842],[106.52,14.791],[106.686,14.779],[106.828,15.023],[106.767,15.136],[106.669,15.13],[106.674,15.242],[106.372,15.406],[106.164,15.278],[106.079,15.353],[106.119,15.429],[106.066,15.47],[105.591,15.425],[105.579,15.408],[105.494,15.386],[105.468,15.353],[105.496,15.321],[105.553,15.321],[105.566,15.324],[105.578,15.32],[105.591,15.271],[105.531,15.242],[105.522,15.231],[105.472,15.136],[105.471,15.121],[105.624,14.976],[105.557,14.956],[105.553,14.942],[105.58,14.879],[105.511,14.799],[105.535,14.558],[105.413,14.429],[105.407,14.425],[105.4,14.41],[105.372,14.399],[105.305,14.375],[105.284,14.366],[105.276,14.354],[105.251,14.362],[105.217,14.335]]]},"properties":{"shapeName":"Champasak","shapeGroup":"LAO"}},
{"type":"Feature","geometry":{"type":"Polygon","coordinates":[[[104.263,19.702],[104.269,19.697],[104.284,19.694],[104.302,19.697],[104.32,19.666],[104.327,19.672],[104.337,19.678],[104.338,19.678],[104.349,19.692],[104.413,19.705],[104.415,19.704],[104.423,19.701],[104.426,19.673],[104.445,19.673],[104.454,19.656],[104.462,19.654],[104.47,19.656],[104.474,19.657],[104.49,19.656],[104.492,19.653],[104.492,19.652],[104.499,19.649],[104.506,19.626],[104.527,19.615],[104.644,19.624],[104.651,19.637],[104.65,19.64],[104.649,19.646],[104.645,19.651],[104.646,19.654],[104.671,19.685],[104.663,19.701],[104.712,19.754],[104.719,19.758],[104.721,19.758],[104.724,19.759],[104.733,19.752],[104.753,19.75],[104.761,19.774],[104.831,19.791],[104.835,19.804],[104.832,19.814],[104.832,19.817],[104.834,19.827],[104.844,19.84],[104.832,19.852],[104.847,19.87],[104.84,19.883],[104.84,19.889],[104.844,19.893],[104.844,19.905],[104.845,19.906],[104.848,19.911],[104.84,19.914],[104.842,19.924],[104.903,19.968],[104.918,20.016],[104.926,20.021],[104.928,20.028],[104.935,20.035],[104.94,20.04],[104.972,20.062],[104.994,20.095],[104.99,20.097],[104.981,20.097],[104.972,20.098],[104.965,20.1],[104.934,20.126],[104.927,20.159],[104.614,20.243],[104.61,20.275],[104.615,20.275],[104.612,20.28],[104.616,20.281],[104.616,20.284],[104.617,20.292],[104.623,20.294],[104.619,20.297],[104.621,20.3],[104.618,20.299],[104.618,20.303],[104.617,20.304],[104.616,20.305],[104.615,20.311],[104.618,20.313],[104.619,20.314],[104.618,20.317],[104.618,20.318],[104.62,20.32],[104.618,20.334],[104.622,20.342],[104.619,20.346],[104.617,20.347],[104.616,20.347],[104.617,20.361],[104.62,20.362],[104.621,20.364],[104.622,20.366],[104.629,20.366],[104.631,20.37],[104.646,20.374],[104.647,20.379],[104.67,20.387],[104.681,20.396],[104.682,20.4],[104.684,20.404],[104.689,20.402],[104.698,20.399],[104.714,20.398],[104.72,20.407],[104.661,20.475],[104.649,20.472],[104.647,20.472],[104.638,20.465],[104.635,20.466],[104.632,20.463],[104.625,20.461],[104.613,20.447],[104.614,20.443],[104.618,20.442],[104.619,20.442],[104.618,20.434],[104.609,20.422],[104.544,20.408],[104.539,20.41],[104.539,20.412],[104.537,20.415],[104.528,20.413],[104.528,20.402],[104.527,20.397],[104.525,20.394],[104.521,20.391],[104.516,20.39],[104.511,20.385],[104.496,20.383],[104.491,20.377],[104.489,20.376],[104.474,20.369],[104.408,20.388],[104.406,20.413],[104.416,20.427],[104.41,20.426],[104.408,20.429],[104.398,20.435],[104.392,20.441],[104.386,20.443],[104.377,20.443],[104.388,20.49],[104.523,20.55],[104.541,20.599],[104.602,20.606],[104.612,20.621],[104.624,20.625],[104.627,20.63],[104.63,20.632],[104.641,20.655],[104.64,20.669],[104.557,20.718],[104.536,20.712],[104.53,20.708],[104.53,20.707],[104.527,20.7],[104.524,20.699],[104.499,20.712],[104.494,20.717],[104.492,20.722],[104.489,20.728],[104.484,20.766],[104.453,20.78],[104.449,20.797],[104.428,20.79],[104.394,20.822],[104.374,20.821],[104.361,20.835],[104.358,20.837],[104.355,20.838],[104.349,20.843],[104.348,20.85],[104.341,20.851],[104.337,20.859],[104.329,20.856],[104.328,20.86],[104.334,20.866],[104.334,20.867],[104.336,20.871],[104.334,20.881],[104.292,20.923],[104.107,20.977],[104.053,20.949],[104.055,20.947],[104.058,20.943],[104.059,20.939],[104.05,20.915],[104.032,20.902],[103.998,20.903],[103.99,20.909],[103.98,20.908],[103.979,20.91],[103.978,20.913],[103.974,20.912],[103.972,20.908],[103.971,20.905],[103.961,20.897],[103.948,20.893],[103.945,20.894],[103.943,20.898],[103.939,20.9],[103.938,20.901],[103.9,20.903],[103.814,20.864],[103.814,20.863],[103.815,20.853],[103.808,20.852],[103.802,20.849],[103.802,20.848],[103.806,20.842],[103.81,20.829],[103.809,20.823],[103.781,20.802],[103.791,20.747],[103.731,20.726],[103.746,20.679],[103.735,20.667],[103.683,20.66],[103.675,20.667],[103.675,20.682],[103.671,20.686],[103.668,20.697],[103.668,20.698],[103.602,20.743],[103.596,20.744],[103.589,20.746],[103.575,20.745],[103.564,20.748],[103.551,20.743],[103.538,20.752],[103.51,20.753],[103.467,20.826],[103.4,20.783],[103.216,20.698],[103.217,20.52],[103.159,20.466],[103.238,20.419],[103.243,20.325],[103.108,20.172],[103.167,20.118],[103.136,19.921],[103.468,19.866],[103.606,19.952],[103.666,19.924],[103.667,19.99],[103.766,20.04],[103.874,19.967],[103.842,19.856],[103.932,19.787],[104.039,19.881],[104.183,19.888],[104.159,19.697],[104.173,19.689],[104.231,19.707],[104.26,19.704],[104.263,19.702]]]},"properties":{"shapeName":"Houaphan","shapeGroup":"LAO"}},
{"type":"Feature","geometry":{"type":"Polygon","coordinates":[[[104.735,16.932],[104.736,16.934],[104.737,16.94],[104.746,16.944],[104.788,16.901],[104.852,16.934],[104.84,17.001],[104.795,16.988],[104.828,17.079],[104.902,17.048],[105.009,17.104],[105.05,17.066],[105.163,17.112],[105.267,17.04],[105.465,17.111],[105.613,17.033],[105.668,17.123],[105.946,17.037],[106.118,17.049],[106.137,17.104],[106.23,17.037],[106.426,17.022],[106.304,17.208],[106.334,17.234],[106.307,17.239],[106.318,17.248],[106.305,17.258],[106.308,17.271],[106.306,17.287],[106.306,17.289],[106.304,17.295],[106.286,17.297],[106.275,17.294],[106.275,17.286],[106.276,17.285],[106.281,17.274],[106.277,17.265],[106.275,17.262],[106.272,17.261],[106.269,17.26],[106.261,17.253],[106.252,17.251],[106.251,17.244],[106.25,17.244],[106.146,17.309],[105.862,17.627],[105.751,17.669],[105.676,17.795],[105.684,17.82],[105.684,17.824],[105.683,17.833],[105.661,17.857],[105.65,17.861],[105.649,17.861],[105.643,17.861],[105.636,17.862],[105.608,17.877],[105.624,17.942],[105.642,17.963],[105.642,17.971],[105.644,17.976],[105.644,17.985],[105.644,17.992],[105.629,17.995],[105.628,17.995],[105.622,18],[105.615,18.01],[105.614,18.012],[105.605,18.01],[105.604,18.009],[105.598,18.002],[105.581,18.014],[105.571,18.084],[105.506,18.124],[105.513,18.15],[105.5,18.19],[105.488,18.177],[105.487,18.186],[105.491,18.195],[105.494,18.2],[105.491,18.203],[105.486,18.201],[105.485,18.2],[105.481,18.196],[105.46,18.206],[105.454,18.203],[105.452,18.205],[105.448,18.203],[105.443,18.204],[105.442,18.202],[105.443,18.201],[105.446,18.2],[105.447,18.198],[105.44,18.182],[105.438,18.18],[105.433,18.179],[105.431,18.179],[105.42,18.184],[105.409,18.154],[105.384,18.17],[105.376,18.166],[105.376,18.165],[105.376,18.16],[105.368,18.161],[105.32,18.2],[105.326,18.21],[105.323,18.228],[105.331,18.253],[105.329,18.258],[105.329,18.265],[105.31,18.266],[105.305,18.257],[105.307,18.252],[105.303,18.244],[105.303,18.241],[105.303,18.24],[105.3,18.236],[105.255,18.255],[105.25,18.159],[105.064,17.932],[104.926,17.956],[104.543,18.225],[104.433,18.198],[104.404,18.17],[104.385,18.086],[104.291,17.937],[104.271,17.893],[104.274,17.875],[104.274,17.871],[104.272,17.87],[104.271,17.87],[104.273,17.867],[104.275,17.864],[104.279,17.858],[104.282,17.857],[104.303,17.844],[104.439,17.697],[104.472,17.652],[104.517,17.627],[104.608,17.577],[104.8,17.395],[104.801,17.165],[104.746,17.048],[104.734,16.969],[104.735,16.932]]]},"properties":{"shapeName":"Khammouane","shapeGroup":"LAO"}},
{"type":"Feature","geometry":{"type":"Polygon","coordinates":[[[101.04,21.436],[101.037,21.427],[101.019,21.405],[101.014,21.401],[101.006,21.395],[101.005,21.393],[101.001,21.387],[101,21.386],[100.995,21.386],[100.994,21.385],[100.978,21.388],[100.976,21.388],[100.97,21.386],[100.968,21.385],[100.962,21.382],[100.953,21.381],[100.95,21.38],[100.935,21.368],[100.931,21.367],[100.926,21.365],[100.92,21.357],[100.912,21.356],[100.908,21.356],[100.904,21.35],[100.902,21.35],[100.901,21.349],[100.89,21.351],[100.887,21.35],[100.884,21.348],[100.882,21.343],[100.881,21.338],[100.876,21.328],[100.874,21.327],[100.874,21.326],[100.855,21.31],[100.852,21.308],[100.848,21.304],[100.83,21.298],[100.81,21.293],[100.809,21.293],[100.808,21.293],[100.797,21.296],[100.792,21.297],[100.783,21.297],[100.78,21.297],[100.733,21.315],[100.728,21.315],[100.727,21.314],[100.723,21.309],[100.721,21.3],[100.721,21.299],[100.718,21.288],[100.719,21.27],[100.717,21.266],[100.716,21.266],[100.7,21.218],[100.699,21.209],[100.7,21.185],[100.698,21.176],[100.64,21.066],[100.637,21.062],[100.625,21.058],[100.612,21.049],[100.608,21.044],[100.605,21.039],[100.596,21.029],[100.593,21.029],[100.546,21.023],[100.554,20.998],[100.526,20.962],[100.521,20.93],[100.516,20.907],[100.51,20.898],[100.51,20.894],[100.509,20.888],[100.51,20.887],[100.519,20.878],[100.523,20.875],[100.544,20.87],[100.559,20.874],[100.564,20.879],[100.565,20.88],[100.575,20.881],[100.58,20.883],[100.583,20.885],[100.602,20.891],[100.638,20.898],[100.639,20.898],[100.642,20.897],[100.645,20.897],[100.648,20.893],[100.649,20.892],[100.649,20.884],[100.649,20.882],[100.648,20.88],[100.647,20.879],[100.642,20.876],[100.637,20.873],[100.622,20.853],[100.622,20.852],[100.612,20.844],[100.797,20.689],[100.839,20.51],[100.954,20.509],[101.02,20.347],[101.216,20.309],[101.461,20.362],[101.558,20.501],[101.545,20.662],[101.416,20.737],[101.508,20.865],[101.62,20.883],[101.59,20.928],[101.725,21.011],[101.76,21.145],[101.673,21.205],[101.597,21.178],[101.614,21.23],[101.548,21.256],[101.28,21.179],[101.215,21.231],[101.272,21.366],[101.181,21.418],[101.217,21.556],[101.149,21.564],[101.163,21.525],[101.091,21.461],[101.089,21.46],[101.088,21.459],[101.054,21.45],[101.04,21.436]]]},"properties":{"shapeName":"Luang Namtha","shapeGroup":"LAO"}},
{"type":"Feature","geometry":{"type":"Polygon","coordinates":[[[103.235,20.873],[103.224,20.886],[103.213,20.89],[103.217,20.896],[103.216,20.897],[103.215,20.899],[103.211,20.901],[103.166,20.917],[103.161,20.907],[103.127,20.909],[103.122,20.904],[103.121,20.902],[103.118,20.895],[103.113,20.897],[103.109,20.901],[103.11,20.91],[103.11,20.911],[103.112,20.912],[103.11,20.917],[103.106,20.918],[103.105,20.922],[103.105,20.923],[103.107,20.925],[103.104,20.934],[103.1,20.936],[103.098,20.934],[103.093,20.934],[103.084,20.944],[103.085,20.955],[103.085,20.956],[103.084,20.97],[103.034,21.059],[103.026,21.059],[103.025,21.058],[103.024,21.058],[103.024,21.059],[103.014,21.065],[103.012,21.063],[103.008,21.064],[103.005,21.061],[103.002,21.059],[102.974,21.066],[102.94,21.13],[102.806,21.134],[102.781,21.02],[102.488,20.846],[102.443,20.922],[102.298,20.948],[102.357,20.874],[102.346,20.694],[102.214,20.601],[102.137,20.372],[102.199,20.154],[101.845,19.947],[101.722,19.936],[101.773,19.871],[101.759,19.634],[101.822,19.658],[101.804,19.477],[101.897,19.404],[101.816,19.283],[101.805,19.068],[101.8,19.042],[101.932,19.125],[102.116,19.412],[102.448,19.378],[102.546,19.227],[102.649,19.255],[102.745,19.311],[102.653,19.502],[102.931,19.718],[102.942,19.824],[103.136,19.921],[103.167,20.118],[103.108,20.172],[103.243,20.325],[103.238,20.419],[103.159,20.466],[103.217,20.52],[103.216,20.698],[103.4,20.783],[103.237,20.834],[103.227,20.851],[103.235,20.868],[103.235,20.873]]]},"properties":{"shapeName":"Luang Prabang","shapeGroup":"LAO"}},
{"type":"Feature","geometry":{"type":"Polygon","coordinates":[[[101.722,19.936],[101.845,19.947],[102.199,20.154],[102.137,20.372],[102.214,20.601],[102.346,20.694],[102.357,20.874],[102.298,20.948],[101.841,21.215],[101.769,21.217],[101.76,21.145],[101.725,21.011],[101.59,20.928],[101.62,20.883],[101.508,20.865],[101.416,20.737],[101.545,20.662],[101.558,20.501],[101.461,20.362],[101.216,20.309],[101.255,20.186],[101.21,20.099],[101.046,20.132],[100.958,20.019],[100.765,19.988],[100.727,19.947],[100.769,19.915],[100.764,19.902],[100.772,19.887],[100.772,19.879],[100.785,19.89],[101.5,19.824],[101.621,19.837],[101.722,19.936]]]},"properties":{"shapeName":"Oudomxay","shapeGroup":"LAO"}},
{"type":"Feature","geometry":{"type":"Polygon","coordinates":[[[102.942,21.131],[102.949,21.138],[102.949,21.141],[102.937,21.159],[102.928,21.163],[102.925,21.161],[102.924,21.159],[102.922,21.156],[102.903,21.166],[102.909,21.18],[102.904,21.19],[102.907,21.195],[102.908,21.196],[102.908,21.201],[102.911,21.204],[102.912,21.23],[102.911,21.23],[102.902,21.233],[102.899,21.238],[102.898,21.241],[102.892,21.246],[102.864,21.257],[102.843,21.247],[102.83,21.248],[102.829,21.247],[102.828,21.246],[102.824,21.246],[102.821,21.247],[102.821,21.25],[102.82,21.253],[102.819,21.253],[102.815,21.251],[102.811,21.252],[102.808,21.264],[102.852,21.3],[102.884,21.3],[102.896,21.304],[102.897,21.305],[102.9,21.317],[102.898,21.321],[102.892,21.33],[102.889,21.333],[102.896,21.386],[102.92,21.408],[102.924,21.431],[102.932,21.446],[102.934,21.444],[102.935,21.448],[102.94,21.452],[102.94,21.453],[102.942,21.457],[102.924,21.456],[102.92,21.453],[102.92,21.45],[102.918,21.449],[102.916,21.449],[102.914,21.445],[102.914,21.438],[102.904,21.43],[102.901,21.432],[102.9,21.434],[102.899,21.436],[102.88,21.425],[102.875,21.425],[102.872,21.425],[102.869,21.429],[102.886,21.476],[102.907,21.478],[102.913,21.503],[102.933,21.516],[102.932,21.524],[102.961,21.546],[102.959,21.554],[102.97,21.567],[102.979,21.572],[102.986,21.583],[102.991,21.586],[102.992,21.586],[102.993,21.589],[102.993,21.59],[102.991,21.603],[102.985,21.606],[102.987,21.644],[102.98,21.651],[102.98,21.658],[102.987,21.661],[102.985,21.667],[102.99,21.684],[102.981,21.689],[102.978,21.696],[102.981,21.7],[102.985,21.703],[102.989,21.706],[102.989,21.721],[102.974,21.745],[102.955,21.729],[102.902,21.719],[102.886,21.712],[102.882,21.709],[102.881,21.705],[102.879,21.703],[102.878,21.703],[102.877,21.706],[102.873,21.708],[102.87,21.713],[102.865,21.715],[102.862,21.717],[102.856,21.723],[102.862,21.765],[102.855,21.769],[102.86,21.798],[102.855,21.81],[102.857,21.815],[102.858,21.819],[102.852,21.842],[102.843,21.846],[102.84,21.845],[102.839,21.845],[102.836,21.846],[102.834,21.846],[102.826,21.735],[102.824,21.734],[102.82,21.731],[102.815,21.732],[102.797,21.707],[102.78,21.701],[102.749,21.664],[102.693,21.664],[102.687,21.661],[102.689,21.659],[102.686,21.658],[102.685,21.656],[102.685,21.655],[102.674,21.655],[102.645,21.733],[102.662,21.793],[102.648,21.809],[102.651,21.824],[102.651,21.826],[102.642,21.848],[102.645,21.858],[102.644,21.86],[102.635,21.862],[102.628,21.866],[102.629,21.869],[102.62,21.871],[102.615,21.872],[102.611,21.878],[102.617,21.891],[102.621,21.9],[102.619,21.908],[102.619,21.909],[102.614,21.918],[102.613,21.92],[102.608,21.922],[102.604,21.924],[102.603,21.925],[102.595,21.925],[102.586,21.928],[102.582,21.932],[102.579,21.934],[102.567,21.938],[102.564,21.94],[102.562,21.943],[102.535,21.96],[102.528,21.963],[102.527,21.963],[102.521,21.967],[102.514,21.966],[102.494,21.988],[102.487,22.003],[102.493,22.014],[102.497,22.013],[102.504,22.014],[102.508,22.015],[102.512,22.018],[102.516,22.02],[102.521,22.024],[102.519,22.03],[102.518,22.03],[102.514,22.033],[102.509,22.036],[102.507,22.036],[102.502,22.035],[102.5,22.037],[102.495,22.035],[102.493,22.038],[102.492,22.039],[102.484,22.043],[102.472,22.062],[102.469,22.062],[102.468,22.062],[102.46,22.065],[102.453,22.072],[102.441,22.074],[102.446,22.084],[102.438,22.091],[102.441,22.101],[102.434,22.113],[102.434,22.114],[102.435,22.117],[102.432,22.117],[102.421,22.116],[102.407,22.128],[102.385,22.129],[102.384,22.138],[102.384,22.149],[102.378,22.153],[102.368,22.159],[102.366,22.163],[102.363,22.164],[102.362,22.165],[102.359,22.167],[102.355,22.166],[102.347,22.163],[102.335,22.166],[102.334,22.187],[102.332,22.188],[102.331,22.192],[102.33,22.195],[102.313,22.208],[102.309,22.209],[102.308,22.203],[102.306,22.203],[102.303,22.201],[102.279,22.205],[102.278,22.22],[102.271,22.225],[102.272,22.228],[102.274,22.235],[102.273,22.236],[102.261,22.234],[102.26,22.236],[102.258,22.235],[102.25,22.236],[102.246,22.237],[102.24,22.239],[102.242,22.254],[102.23,22.275],[102.233,22.277],[102.234,22.281],[102.234,22.283],[102.23,22.285],[102.226,22.284],[102.225,22.287],[102.212,22.287],[102.177,22.305],[102.126,22.432],[101.915,22.44],[101.895,22.382],[101.77,22.503],[101.685,22.476],[101.627,22.281],[101.538,22.246],[101.604,22.156],[101.62,21.97],[101.785,21.824],[101.746,21.729],[101.834,21.614],[101.748,21.588],[101.779,21.517],[101.726,21.355],[101.841,21.215],[102.298,20.948],[102.443,20.922],[102.488,20.846],[102.781,21.02],[102.806,21.134],[102.94,21.13],[102.942,21.131]]]},"properties":{"shapeName":"Phongsaly","shapeGroup":"LAO"}},
{"type":"Feature","geometry":{"type":"Polygon","coordinates":[[[105.598,15.448],[105.591,15.425],[106.066,15.47],[106.119,15.429],[106.079,15.353],[106.164,15.278],[106.372,15.406],[106.3,15.444],[106.343,15.519],[106.687,15.555],[106.715,15.726],[106.65,15.773],[106.837,16.05],[106.992,16.05],[107.15,16.19],[107.157,16.257],[107.146,16.271],[107.095,16.306],[107.092,16.308],[107.089,16.311],[107.052,16.305],[107.05,16.303],[107.049,16.302],[107.045,16.294],[106.96,16.304],[106.872,16.428],[106.863,16.541],[106.851,16.544],[106.844,16.547],[106.841,16.549],[106.831,16.549],[106.802,16.464],[106.771,16.467],[106.775,16.459],[106.773,16.451],[106.775,16.443],[106.774,16.439],[106.772,16.434],[106.785,16.43],[106.795,16.417],[106.798,16.359],[106.727,16.316],[106.665,16.35],[106.644,16.196],[106.291,16.104],[106.261,16.176],[106.167,16.176],[106.123,16.147],[106.149,15.999],[106.091,15.947],[105.993,15.964],[105.9,15.879],[105.425,15.991],[105.362,15.953],[105.35,15.943],[105.352,15.906],[105.371,15.865],[105.435,15.754],[105.551,15.75],[105.635,15.663],[105.598,15.448]]]},"properties":{"shapeName":"Salavan","shapeGroup":"LAO"}},
{"type":"Feature","geometry":{"type":"Polygon","coordinates":[[[104.737,16.805],[104.746,16.765],[104.739,16.593],[104.744,16.529],[104.801,16.477],[104.83,16.465],[104.852,16.444],[104.863,16.399],[104.916,16.338],[104.931,16.329],[104.958,16.292],[104.978,16.279],[104.98,16.278],[104.988,16.272],[105.015,16.244],[105.017,16.236],[105.022,16.169],[105.046,16.102],[105.06,16.098],[105.064,16.096],[105.083,16.086],[105.084,16.086],[105.085,16.086],[105.086,16.086],[105.085,16.088],[105.086,16.089],[105.106,16.088],[105.364,16.021],[105.418,16.012],[105.423,16.001],[105.425,15.991],[105.9,15.879],[105.993,15.964],[106.091,15.947],[106.149,15.999],[106.123,16.147],[106.167,16.176],[106.261,16.176],[106.291,16.104],[106.644,16.196],[106.665,16.35],[106.727,16.316],[106.798,16.359],[106.795,16.417],[106.785,16.43],[106.772,16.434],[106.763,16.425],[106.759,16.425],[106.746,16.424],[106.746,16.42],[106.746,16.416],[106.739,16.411],[106.687,16.439],[106.687,16.444],[106.69,16.446],[106.692,16.448],[106.693,16.449],[106.683,16.458],[106.68,16.453],[106.678,16.452],[106.676,16.452],[106.674,16.459],[106.674,16.465],[106.675,16.474],[106.673,16.476],[106.67,16.476],[106.669,16.476],[106.663,16.473],[106.661,16.473],[106.66,16.493],[106.663,16.496],[106.665,16.503],[106.661,16.506],[106.654,16.51],[106.647,16.522],[106.648,16.541],[106.66,16.554],[106.663,16.556],[106.672,16.56],[106.672,16.562],[106.669,16.566],[106.662,16.574],[106.662,16.577],[106.666,16.582],[106.667,16.584],[106.646,16.594],[106.635,16.592],[106.632,16.591],[106.628,16.582],[106.624,16.594],[106.625,16.597],[106.626,16.602],[106.61,16.607],[106.607,16.607],[106.598,16.606],[106.586,16.601],[106.566,16.641],[106.514,16.896],[106.548,16.926],[106.549,16.992],[106.549,17.005],[106.545,17.003],[106.543,16.995],[106.537,16.993],[106.532,16.981],[106.531,16.979],[106.515,16.972],[106.44,16.995],[106.426,17.022],[106.23,17.037],[106.137,17.104],[106.118,17.049],[105.946,17.037],[105.668,17.123],[105.613,17.033],[105.465,17.111],[105.267,17.04],[105.163,17.112],[105.05,17.066],[105.009,17.104],[104.902,17.048],[104.828,17.079],[104.795,16.988],[104.84,17.001],[104.852,16.934],[104.788,16.901],[104.746,16.944],[104.737,16.94],[104.736,16.934],[104.735,16.932],[104.736,16.917],[104.737,16.81],[104.737,16.805]]]},"properties":{"shapeName":"Savannakhet","shapeGroup":"LAO"}},
{"type":"Feature","geometry":{"type":"Polygon","coordinates":[[[103.08,18.123],[103.103,18.141],[103.061,18.181],[103.007,18.13],[103.022,18.205],[102.896,18.304],[102.765,18.311],[102.591,18.2],[102.486,18.298],[102.29,18.316],[102.218,18.42],[102.123,18.437],[102.098,18.383],[102.025,18.396],[102.052,18.366],[102.012,18.223],[102.029,18.21],[102.025,18.15],[102.035,18.161],[102.088,18.22],[102.134,18.216],[102.198,18.135],[102.249,18.098],[102.295,18.055],[102.335,18.048],[102.418,17.991],[102.532,17.963],[102.575,17.964],[102.609,17.949],[102.613,17.91],[102.607,17.888],[102.593,17.837],[102.667,17.805],[102.682,17.803],[102.698,17.819],[102.688,17.87],[102.814,17.939],[102.834,17.952],[103.058,18],[103.081,18.05],[103.079,18.107],[103.08,18.123]]]},"properties":{"shapeName":"Vientiane Capital","shapeGroup":"LAO"}},
{"type":"Feature","geometry":{"type":"Polygon","coordinates":[[[102.025,18.15],[102.029,18.21],[102.012,18.223],[102.052,18.366],[102.025,18.396],[102.098,18.383],[102.123,18.437],[102.218,18.42],[102.29,18.316],[102.486,18.298],[102.591,18.2],[102.765,18.311],[102.896,18.304],[102.81,18.505],[102.714,18.491],[102.649,18.654],[102.587,18.68],[102.632,18.915],[102.542,18.986],[102.649,19.255],[102.546,19.227],[102.448,19.378],[102.116,19.412],[101.932,19.125],[101.8,19.042],[101.797,19.03],[101.792,18.874],[101.846,18.815],[101.798,18.641],[101.716,18.492],[101.645,18.476],[101.392,18.178],[101.411,17.922],[101.501,17.855],[101.537,17.88],[101.551,17.821],[101.565,17.841],[101.575,17.87],[101.586,17.852],[101.724,17.912],[101.763,18.043],[101.768,18.054],[101.794,18.065],[101.875,18.028],[101.889,18.029],[101.91,18.034],[101.915,18.045],[101.995,18.124],[102.018,18.148],[102.025,18.15]]]},"properties":{"shapeName":"Vientiane","shapeGroup":"LAO"}},
{"type":"Feature","geometry":{"type":"Polygon","coordinates":[[[103.879,18.871],[103.865,19.025],[103.568,19.078],[103.47,19.154],[103.103,19.136],[102.745,19.311],[102.649,19.255],[102.542,18.986],[102.632,18.915],[102.587,18.68],[102.649,18.654],[102.714,18.491],[102.81,18.505],[103.254,18.538],[103.479,18.463],[103.489,18.52],[103.389,18.571],[103.492,18.651],[103.491,18.938],[103.56,18.953],[103.765,18.818],[103.879,18.871]]]},"properties":{"shapeName":"Xaisomboun","shapeGroup":"LAO"}},
{"type":"Feature","geometry":{"type":"Polygon","coordinates":[[[107.6,15.185],[107.598,15.185],[107.588,15.197],[107.583,15.196],[107.633,15.23],[107.596,15.383],[107.609,15.393],[107.61,15.393],[107.614,15.399],[107.615,15.403],[107.595,15.402],[107.577,15.402],[107.574,15.398],[107.559,15.394],[107.521,15.413],[107.527,15.442],[107.522,15.457],[107.515,15.46],[107.517,15.464],[107.515,15.465],[107.514,15.47],[107.51,15.474],[107.509,15.474],[107.499,15.475],[107.493,15.479],[107.478,15.478],[107.483,15.487],[107.481,15.491],[107.478,15.491],[107.473,15.496],[107.453,15.496],[107.434,15.491],[107.431,15.492],[107.43,15.49],[107.382,15.494],[107.211,15.755],[107.221,15.836],[107.415,15.912],[107.461,16.073],[107.456,16.083],[107.455,16.084],[107.452,16.085],[107.453,16.088],[107.446,16.091],[107.411,16.084],[107.403,16.078],[107.403,16.071],[107.4,16.069],[107.4,16.068],[107.4,16.064],[107.399,16.062],[107.388,16.063],[107.387,16.064],[107.377,16.074],[107.365,16.061],[107.346,16.062],[107.345,16.06],[107.343,16.058],[107.338,16.056],[107.333,16.055],[107.15,16.19],[106.992,16.05],[106.837,16.05],[106.65,15.773],[106.715,15.726],[106.687,15.555],[106.343,15.519],[106.3,15.444],[106.372,15.406],[106.674,15.242],[106.669,15.13],[106.797,15.265],[106.929,15.226],[107.193,15.288],[107.362,15.163],[107.455,15.224],[107.52,15.039],[107.544,15.049],[107.554,15.044],[107.563,15.043],[107.576,15.038],[107.586,15.03],[107.612,15.047],[107.623,15.14],[107.615,15.163],[107.604,15.176],[107.6,15.185]]]},"properties":{"shapeName":"Xekong","shapeGroup":"LAO"}},
{"type":"Feature","geometry":{"type":"Polygon","coordinates":[[[104.223,19.117],[104.215,19.121],[104.212,19.13],[104.224,19.151],[104.223,19.154],[104.207,19.158],[104.175,19.195],[104.071,19.244],[104.015,19.235],[104.013,19.236],[104,19.233],[103.873,19.31],[103.975,19.399],[104.07,19.417],[104.12,19.504],[104.101,19.522],[104.105,19.57],[104.061,19.613],[104.056,19.653],[104.069,19.683],[104.151,19.668],[104.159,19.697],[104.183,19.888],[104.039,19.881],[103.932,19.787],[103.842,19.856],[103.874,19.967],[103.766,20.04],[103.667,19.99],[103.666,19.924],[103.606,19.952],[103.468,19.866],[103.136,19.921],[102.942,19.824],[102.931,19.718],[102.653,19.502],[102.745,19.311],[103.103,19.136],[103.47,19.154],[103.568,19.078],[103.865,19.025],[103.879,18.871],[104.112,18.798],[104.268,18.979],[104.253,19.032],[104.281,19.11],[104.279,19.112],[104.273,19.112],[104.259,19.105],[104.235,19.108],[104.223,19.116],[104.223,19.117]]]},"properties":{"shapeName":"Xiangkhouang","shapeGroup":"LAO"}},
{"type":"Feature","geometry":{"type":"Polygon","coordinates":[[[106.756,14.386],[106.756,14.387],[106.754,14.387],[106.757,14.396],[106.749,14.417],[106.744,14.426],[106.73,14.435],[106.72,14.423],[106.708,14.424],[106.691,14.429],[106.685,14.433],[106.678,14.432],[106.665,14.439],[106.66,14.443],[106.663,14.449],[106.643,14.447],[106.631,14.444],[106.616,14.467],[106.596,14.506],[106.588,14.509],[106.582,14.507],[106.562,14.504],[106.563,14.541],[106.558,14.55],[106.553,14.568],[106.545,14.592],[106.476,14.559],[106.458,14.546],[106.478,14.513],[106.44,14.494],[106.436,14.481],[106.423,14.474],[106.39,14.451],[106.368,14.453],[106.337,14.443],[106.329,14.439],[106.318,14.441],[106.31,14.451],[106.299,14.451],[106.296,14.463],[106.287,14.473],[106.259,14.487],[106.251,14.484],[106.242,14.465],[106.243,14.46],[106.244,14.431],[106.239,14.415],[106.225,14.382],[106.173,14.35],[106.151,14.368],[106.09,14.371],[106.086,14.351],[106.083,14.343],[106.079,14.337],[106.043,14.344],[106.018,14.355],[106.001,14.372],[105.998,14.36],[105.995,14.349],[105.996,14.334],[106.002,14.314],[106.01,14.311],[106.025,14.31],[106.023,14.306],[106.029,14.251],[106.032,14.243],[106.034,14.237],[106.052,14.203],[106.087,14.19],[106.113,14.173],[106.115,14.134],[106.121,14.11],[106.126,14.106],[106.144,14.089],[106.147,14.087],[106.163,14.079],[106.175,14.073],[106.176,14.07],[106.182,14.051],[106.183,14.048],[106.177,14.033],[106.17,14.023],[106.169,14.02],[106.158,14.017],[106.141,14.017],[106.127,14.006],[106.116,13.993],[106.105,13.993],[106.1,13.981],[106.104,13.96],[106.107,13.914],[106.06,13.919],[106.021,13.925],[106.008,13.929],[105.899,13.937],[105.528,13.853],[105.577,13.653],[105.538,13.45],[105.589,13.23],[105.873,13.115],[105.967,13.23],[106.023,13.226],[106.086,13.354],[106.35,13.4],[106.418,13.418],[106.608,13.323],[106.531,13.67],[106.662,13.775],[106.615,13.993],[106.788,14.073],[106.751,14.172],[106.76,14.235],[106.747,14.361],[106.75,14.365],[106.75,14.37],[106.756,14.386]]]},"properties":{"shapeName":"Stung Treng","shapeGroup":"KHM"}},
{"type":"Feature","geometry":{"type":"Polygon","coordinates":[[[104.907,14.399],[104.907,14.4],[104.903,14.401],[104.901,14.402],[104.899,14.406],[104.838,14.398],[104.817,14.429],[104.792,14.435],[104.72,14.408],[104.716,14.428],[104.699,14.427],[104.566,14.355],[104.485,14.369],[104.479,14.355],[104.472,14.347],[104.467,14.345],[104.442,14.205],[104.509,14.145],[104.437,14.066],[104.422,13.939],[104.358,13.814],[104.44,13.669],[104.41,13.556],[104.683,13.529],[104.573,13.383],[104.565,13.251],[104.892,13.309],[104.878,13.168],[104.974,13.055],[105.538,13.45],[105.577,13.653],[105.528,13.853],[105.899,13.937],[105.894,13.948],[105.86,13.969],[105.846,13.978],[105.834,13.988],[105.811,14.01],[105.783,14.06],[105.718,14.107],[105.709,14.089],[105.699,14.094],[105.687,14.101],[105.667,14.114],[105.662,14.119],[105.655,14.117],[105.659,14.11],[105.633,14.127],[105.626,14.13],[105.618,14.127],[105.616,14.126],[105.608,14.145],[105.604,14.144],[105.593,14.145],[105.585,14.144],[105.586,14.138],[105.568,14.155],[105.549,14.156],[105.541,14.151],[105.526,14.143],[105.524,14.143],[105.516,14.136],[105.499,14.129],[105.494,14.127],[105.49,14.122],[105.472,14.115],[105.467,14.112],[105.457,14.106],[105.456,14.109],[105.446,14.109],[105.435,14.107],[105.432,14.106],[105.426,14.108],[105.419,14.106],[105.409,14.11],[105.407,14.108],[105.403,14.102],[105.401,14.105],[105.395,14.102],[105.392,14.101],[105.379,14.105],[105.373,14.104],[105.371,14.102],[105.361,14.107],[105.357,14.117],[105.355,14.118],[105.348,14.123],[105.333,14.139],[105.33,14.14],[105.327,14.152],[105.321,14.154],[105.324,14.157],[105.321,14.163],[105.304,14.166],[105.298,14.165],[105.275,14.176],[105.271,14.194],[105.267,14.197],[105.256,14.221],[105.255,14.229],[105.246,14.241],[105.237,14.278],[105.222,14.293],[105.206,14.313],[105.207,14.327],[105.206,14.343],[105.198,14.348],[105.181,14.342],[105.168,14.335],[105.176,14.321],[105.128,14.225],[105.05,14.215],[104.955,14.381],[104.933,14.393],[104.916,14.399],[104.907,14.399]]]},"properties":{"shapeName":"Preah Vihear","shapeGroup":"KHM"}},
{"type":"Feature","geometry":{"type":"Polygon","coordinates":[[[105.538,13.45],[104.974,13.055],[104.878,13.168],[104.892,13.309],[104.565,13.251],[104.479,13.176],[104.457,13.001],[104.173,12.772],[104.383,12.578],[104.481,12.555],[104.627,12.607],[104.82,12.531],[104.861,12.371],[104.9,12.37],[104.872,12.239],[104.971,12.266],[105.193,12.189],[105.13,12.365],[105.168,12.4],[105.346,12.357],[105.399,12.487],[105.498,12.45],[105.735,12.5],[105.589,13.23],[105.538,13.45]]]},"properties":{"shapeName":"Kampong Thom","shapeGroup":"KHM"}},
{"type":"Feature","geometry":{"type":"Polygon","coordinates":[[[104.713,11.574],[104.768,11.519],[104.744,11.455],[104.805,11.432],[104.923,11.429],[104.946,11.495],[105.035,11.476],[105.041,11.54],[104.947,11.56],[104.943,11.725],[104.9,11.672],[104.819,11.709],[104.75,11.665],[104.713,11.574]]]},"properties":{"shapeName":"Phnom Penh","shapeGroup":"KHM"}},
{"type":"Feature","geometry":{"type":"MultiPolygon","coordinates":[[[[102.909,11.65],[102.981,11.579],[102.95,11.551],[103.005,11.434],[103.077,11.423],[103.147,11.32],[103.047,11.223],[103.111,11.149],[103.122,10.871],[103.182,10.857],[103.26,10.921],[103.352,10.863],[103.425,10.892],[103.442,11.1],[103.528,11.168],[103.66,11.08],[103.706,10.906],[103.796,10.939],[103.792,11.041],[103.887,11.157],[103.852,11.224],[104.042,11.436],[104.053,11.495],[103.795,11.623],[103.784,11.849],[103.858,11.843],[103.474,12.116],[103.392,12.108],[103.312,11.986],[103.16,11.944],[102.779,12.022],[102.776,12.014],[102.777,12.004],[102.785,11.977],[102.789,11.977],[102.797,11.962],[102.914,11.655],[102.909,11.65]]],[[[103,11.25],[103.044,11.306],[102.982,11.422],[103,11.25]]]]},"properties":{"shapeName":"Koh Kong","shapeGroup":"KHM"}},
{"type":"Feature","geometry":{"type":"Polygon","coordinates":[[[104.266,10.55],[104.29,10.478],[104.416,10.446],[104.379,10.575],[104.276,10.591],[104.266,10.55]]]},"properties":{"shapeName":"Kep","shapeGroup":"KHM"}},
{"type":"Feature","geometry":{"type":"Polygon","coordinates":[[[104.471,10.43],[104.479,10.431],[104.488,10.422],[104.492,10.419],[104.506,10.419],[104.519,10.441],[104.528,10.447],[104.537,10.448],[104.54,10.453],[104.558,10.481],[104.559,10.493],[104.57,10.499],[104.579,10.514],[104.587,10.521],[104.587,10.527],[104.589,10.53],[104.599,10.533],[104.607,10.532],[104.614,10.533],[104.633,10.531],[104.646,10.537],[104.646,10.539],[104.648,10.54],[104.651,10.539],[104.668,10.542],[104.694,10.537],[104.716,10.533],[104.718,10.534],[104.719,10.536],[104.707,10.585],[104.71,10.618],[104.674,10.621],[104.727,10.781],[104.697,10.862],[104.658,10.906],[104.522,10.894],[104.523,11.024],[104.41,11.077],[104.41,11.138],[104.215,11.094],[104.053,11.171],[104.073,11.029],[103.916,10.955],[103.968,10.67],[103.921,10.607],[104.05,10.549],[104.266,10.55],[104.276,10.591],[104.379,10.575],[104.416,10.446],[104.426,10.445],[104.428,10.434],[104.436,10.426],[104.458,10.432],[104.471,10.43]]]},"properties":{"shapeName":"Kampot","shapeGroup":"KHM"}},
{"type":"Feature","geometry":{"type":"Polygon","coordinates":[[[104.777,10.524],[104.779,10.519],[104.869,10.522],[105.098,10.721],[105.038,10.896],[105.032,10.908],[105.043,10.927],[105.042,10.929],[105.039,10.937],[105.037,10.948],[105.031,10.961],[105.031,10.99],[104.991,11.007],[105.027,11.161],[104.934,11.251],[104.939,11.328],[104.732,11.351],[104.685,11.09],[104.41,11.138],[104.41,11.077],[104.523,11.024],[104.522,10.894],[104.658,10.906],[104.697,10.862],[104.727,10.781],[104.674,10.621],[104.71,10.618],[104.707,10.585],[104.719,10.536],[104.718,10.534],[104.716,10.533],[104.719,10.532],[104.777,10.524]]]},"properties":{"shapeName":"Takeo","shapeGroup":"KHM"}},
{"type":"Feature","geometry":{"type":"Polygon","coordinates":[[[105.079,10.95],[105.079,10.952],[105.083,10.957],[105.09,10.955],[105.102,10.961],[105.108,10.96],[105.114,10.962],[105.118,10.944],[105.105,10.927],[105.116,10.925],[105.165,10.931],[105.185,10.914],[105.184,10.915],[105.187,10.916],[105.183,10.962],[105.193,11.082],[105.279,11.249],[105.254,11.39],[105.297,11.424],[105.129,11.537],[105.104,11.622],[105.16,11.736],[105.049,11.752],[105.065,11.817],[104.992,11.88],[104.91,11.807],[104.833,11.824],[104.821,11.886],[104.738,11.827],[104.657,11.436],[104.793,11.424],[104.732,11.351],[104.939,11.328],[104.934,11.251],[105.027,11.161],[104.991,11.007],[105.031,10.99],[105.031,10.961],[105.037,10.948],[105.039,10.937],[105.042,10.929],[105.05,10.936],[105.079,10.95]],[[104.713,11.574],[104.75,11.665],[104.819,11.709],[104.9,11.672],[104.943,11.725],[104.947,11.56],[105.041,11.54],[105.035,11.476],[104.946,11.495],[104.923,11.429],[104.805,11.432],[104.744,11.455],[104.768,11.519],[104.713,11.574]]]},"properties":{"shapeName":"Kandal","shapeGroup":"KHM"}},
{"type":"Feature","geometry":{"type":"Polygon","coordinates":[[[102.774,12.034],[102.779,12.022],[103.16,11.944],[103.312,11.986],[103.392,12.108],[103.474,12.116],[103.858,11.843],[103.94,11.943],[104.061,11.922],[104.093,12.039],[104.2,12.077],[104.18,12.241],[104.393,12.42],[104.383,12.578],[104.173,12.772],[103.875,13.09],[103.741,13.008],[103.696,12.87],[103.633,12.845],[103.611,12.526],[103.512,12.504],[103.325,12.568],[103.068,12.437],[102.997,12.486],[102.81,12.371],[102.785,12.4],[102.78,12.4],[102.762,12.394],[102.704,12.173],[102.774,12.034]]]},"properties":{"shapeName":"Pursat","shapeGroup":"KHM"}},
{"type":"Feature","geometry":{"type":"Polygon","coordinates":[[[107.625,13.409],[107.62,13.502],[107.617,13.526],[107.573,13.624],[107.571,13.63],[107.571,13.64],[107.565,13.658],[107.563,13.671],[107.546,13.707],[107.52,13.75],[107.444,13.796],[107.443,13.819],[107.454,13.842],[107.468,13.857],[107.454,13.871],[107.457,13.878],[107.462,13.883],[107.463,13.908],[107.466,13.921],[107.459,13.921],[107.453,13.93],[107.456,13.962],[107.456,13.97],[107.455,13.98],[107.443,13.998],[107.432,13.994],[107.428,13.998],[107.422,13.994],[107.417,13.994],[107.412,13.994],[107.407,13.99],[107.397,13.993],[107.386,13.99],[107.358,14.016],[107.357,14.028],[107.36,14.029],[107.364,14.032],[107.366,14.035],[107.364,14.049],[107.366,14.056],[107.365,14.063],[107.369,14.067],[107.371,14.07],[107.374,14.084],[107.335,14.115],[107.408,14.236],[107.407,14.298],[107.397,14.307],[107.397,14.312],[107.393,14.314],[107.391,14.316],[107.391,14.325],[107.409,14.363],[107.412,14.362],[107.414,14.362],[107.415,14.363],[107.44,14.382],[107.444,14.396],[107.441,14.396],[107.446,14.403],[107.449,14.415],[107.45,14.419],[107.451,14.418],[107.453,14.416],[107.453,14.414],[107.458,14.413],[107.461,14.406],[107.468,14.405],[107.472,14.407],[107.475,14.408],[107.476,14.406],[107.477,14.405],[107.481,14.403],[107.489,14.407],[107.56,14.623],[107.558,14.634],[107.556,14.637],[107.554,14.64],[107.551,14.641],[107.549,14.658],[107.556,14.686],[107.543,14.687],[107.536,14.69],[107.524,14.676],[107.509,14.644],[107.501,14.638],[107.498,14.628],[107.478,14.625],[107.463,14.614],[107.464,14.61],[107.459,14.591],[107.456,14.583],[107.457,14.563],[107.448,14.549],[107.453,14.536],[107.423,14.528],[107.409,14.537],[107.394,14.54],[107.376,14.54],[107.375,14.544],[107.371,14.545],[107.368,14.549],[107.365,14.56],[107.357,14.57],[107.351,14.576],[107.318,14.587],[107.299,14.588],[107.288,14.581],[107.289,14.574],[107.282,14.57],[107.242,14.482],[107.231,14.481],[107.207,14.488],[107.205,14.482],[107.2,14.477],[107.197,14.451],[107.176,14.425],[107.164,14.415],[107.145,14.414],[107.132,14.405],[107.111,14.393],[107.106,14.398],[107.098,14.394],[107.089,14.397],[107.087,14.394],[107.083,14.395],[107.075,14.414],[107.077,14.426],[107.069,14.43],[107.053,14.44],[107.037,14.444],[107.041,14.438],[107.045,14.422],[107.037,14.413],[107.022,14.4],[107.008,14.385],[106.974,14.33],[106.963,14.315],[106.946,14.314],[106.937,14.324],[106.934,14.324],[106.915,14.33],[106.902,14.334],[106.895,14.334],[106.836,14.308],[106.823,14.311],[106.798,14.326],[106.786,14.341],[106.783,14.357],[106.777,14.368],[106.77,14.381],[106.765,14.384],[106.763,14.384],[106.757,14.386],[106.756,14.387],[106.756,14.386],[106.75,14.37],[106.75,14.365],[106.747,14.361],[106.76,14.235],[106.751,14.172],[106.788,14.073],[106.615,13.993],[106.662,13.775],[106.531,13.67],[106.608,13.323],[106.873,13.174],[107.048,13.173],[107.078,13.321],[107.19,13.308],[107.244,13.367],[107.369,13.277],[107.465,13.335],[107.603,13.303],[107.622,13.353],[107.623,13.358],[107.625,13.378],[107.625,13.409]]]},"properties":{"shapeName":"Ratanakiri Province","shapeGroup":"KHM"}},
{"type":"Feature","geometry":{"type":"Polygon","coordinates":[[[104.383,12.578],[104.393,12.42],[104.18,12.241],[104.2,12.077],[104.376,11.768],[104.533,11.737],[104.738,11.827],[104.821,11.886],[104.895,12.018],[104.872,12.239],[104.9,12.37],[104.861,12.371],[104.82,12.531],[104.627,12.607],[104.481,12.555],[104.383,12.578]]]},"properties":{"shapeName":"Kampong Chhnang","shapeGroup":"KHM"}},
{"type":"Feature","geometry":{"type":"Polygon","coordinates":[[[102.518,12.664],[102.667,12.69],[102.753,12.749],[102.751,13.027],[102.635,13.115],[102.562,12.981],[102.486,12.981],[102.486,12.977],[102.491,12.971],[102.497,12.969],[102.496,12.953],[102.534,12.77],[102.524,12.763],[102.511,12.754],[102.506,12.751],[102.502,12.719],[102.497,12.704],[102.507,12.697],[102.509,12.687],[102.511,12.67],[102.514,12.669],[102.518,12.664]]]},"properties":{"shapeName":"Pailin","shapeGroup":"KHM"}},
{"type":"Feature","geometry":{"type":"Polygon","coordinates":[[[102.936,14.168],[102.936,14.167],[102.941,14.151],[102.941,14.15],[102.936,14.142],[102.911,14.017],[102.783,13.933],[102.732,13.771],[102.551,13.665],[102.624,13.609],[102.373,13.575],[102.365,13.577],[102.358,13.51],[102.361,13.502],[102.358,13.476],[102.687,13.479],[102.688,13.38],[102.745,13.412],[102.984,13.361],[103.166,13.412],[103.416,13.367],[103.389,13.621],[103.44,13.69],[103.435,13.879],[103.328,14.027],[103.204,13.938],[103.17,13.997],[103.211,14.11],[103.11,14.116],[103.032,14.25],[103.033,14.239],[103.022,14.229],[103.01,14.224],[102.99,14.213],[102.945,14.199],[102.941,14.186],[102.93,14.177],[102.936,14.168]]]},"properties":{"shapeName":"Bantey Meanchey","shapeGroup":"KHM"}},
{"type":"Feature","geometry":{"type":"Polygon","coordinates":[[[104.422,13.939],[103.635,13.972],[103.435,13.879],[103.44,13.69],[103.389,13.621],[103.416,13.367],[103.683,13.286],[103.875,13.09],[104.173,12.772],[104.457,13.001],[104.479,13.176],[104.565,13.251],[104.573,13.383],[104.683,13.529],[104.41,13.556],[104.44,13.669],[104.358,13.814],[104.422,13.939]]]},"properties":{"shapeName":"Siem Reap","shapeGroup":"KHM"}},
{"type":"Feature","geometry":{"type":"Polygon","coordinates":[[[103.243,14.337],[103.237,14.336],[103.032,14.25],[103.11,14.116],[103.211,14.11],[103.17,13.997],[103.204,13.938],[103.328,14.027],[103.435,13.879],[103.635,13.972],[104.422,13.939],[104.437,14.066],[104.509,14.145],[104.442,14.205],[104.467,14.345],[104.463,14.345],[104.253,14.386],[104.198,14.384],[104.085,14.348],[104.057,14.346],[104.054,14.342],[104.046,14.341],[104.033,14.34],[104.028,14.34],[104.011,14.348],[104.01,14.355],[103.999,14.352],[103.86,14.358],[103.828,14.358],[103.831,14.354],[103.819,14.356],[103.759,14.378],[103.746,14.378],[103.725,14.381],[103.7,14.392],[103.707,14.413],[103.689,14.44],[103.666,14.437],[103.654,14.439],[103.549,14.427],[103.524,14.418],[103.497,14.39],[103.38,14.352],[103.353,14.353],[103.246,14.338],[103.243,14.337]]]},"properties":{"shapeName":"Oddar Meanchey","shapeGroup":"KHM"}},
{"type":"Feature","geometry":{"type":"Polygon","coordinates":[[[104.872,12.239],[104.895,12.018],[104.821,11.886],[104.833,11.824],[104.91,11.807],[104.992,11.88],[105.065,11.817],[105.049,11.752],[105.16,11.736],[105.285,11.859],[105.418,11.827],[105.477,12.024],[105.547,12.051],[105.555,12.274],[105.721,12.277],[105.776,12.335],[105.735,12.5],[105.498,12.45],[105.399,12.487],[105.346,12.357],[105.168,12.4],[105.13,12.365],[105.193,12.189],[104.971,12.266],[104.872,12.239]]]},"properties":{"shapeName":"Kampong Cham","shapeGroup":"KHM"}},
{"type":"Feature","geometry":{"type":"Polygon","coordinates":[[[106.914,12.064],[106.916,12.062],[106.945,12.068],[106.947,12.071],[106.948,12.072],[106.951,12.075],[106.96,12.077],[106.99,12.085],[107.079,12.163],[107.08,12.169],[107.076,12.171],[107.076,12.173],[107.075,12.175],[107.07,12.178],[107.074,12.187],[107.087,12.186],[107.086,12.181],[107.093,12.181],[107.139,12.23],[107.139,12.237],[107.135,12.238],[107.139,12.242],[107.138,12.243],[107.137,12.243],[107.152,12.276],[107.269,12.325],[107.346,12.334],[107.375,12.306],[107.389,12.285],[107.387,12.271],[107.399,12.261],[107.399,12.256],[107.416,12.246],[107.418,12.24],[107.544,12.351],[107.59,12.559],[107.582,12.68],[107.56,12.708],[107.567,12.732],[107.56,12.747],[107.563,12.788],[107.56,12.796],[107.557,12.805],[107.552,12.806],[107.554,12.818],[107.485,12.948],[107.488,12.971],[107.504,12.976],[107.498,12.998],[107.492,13.002],[107.491,13.012],[107.492,13.021],[107.495,13.023],[107.548,13.17],[107.603,13.302],[107.603,13.303],[107.465,13.335],[107.369,13.277],[107.244,13.367],[107.19,13.308],[107.078,13.321],[107.048,13.173],[106.873,13.174],[106.608,13.323],[106.418,13.418],[106.35,13.4],[106.347,13.287],[106.431,13.173],[106.35,13.172],[106.341,13.105],[106.614,12.9],[106.593,12.832],[106.428,12.717],[106.359,12.528],[106.566,12.407],[106.608,12.315],[106.762,12.25],[106.799,12.084],[106.824,12.083],[106.856,12.066],[106.88,12.074],[106.897,12.066],[106.912,12.067],[106.914,12.064]]]},"properties":{"shapeName":"Mondulkiri","shapeGroup":"KHM"}},
{"type":"Feature","geometry":{"type":"Polygon","coordinates":[[[106.491,11.97],[106.492,11.969],[106.636,11.961],[106.66,11.965],[106.659,11.969],[106.656,11.97],[106.655,11.971],[106.655,11.974],[106.652,11.974],[106.649,11.98],[106.655,11.99],[106.678,11.978],[106.677,11.973],[106.68,11.969],[106.683,11.965],[106.693,11.964],[106.696,11.965],[106.698,11.967],[106.698,11.968],[106.703,11.969],[106.704,11.967],[106.704,11.966],[106.706,11.967],[106.712,11.969],[106.715,11.972],[106.718,11.973],[106.719,11.973],[106.721,11.969],[106.722,11.974],[106.721,11.976],[106.745,12.001],[106.746,12.022],[106.759,12.029],[106.782,12.073],[106.799,12.084],[106.762,12.25],[106.608,12.315],[106.566,12.407],[106.359,12.528],[106.428,12.717],[106.593,12.832],[106.614,12.9],[106.341,13.105],[106.35,13.172],[106.431,13.173],[106.347,13.287],[106.35,13.4],[106.086,13.354],[106.023,13.226],[105.967,13.23],[105.873,13.115],[105.589,13.23],[105.735,12.5],[105.776,12.335],[105.721,12.277],[105.83,12.258],[105.845,12.204],[105.993,12.202],[106.044,12.082],[106.173,12.035],[106.179,11.95],[106.412,11.974],[106.454,11.989],[106.469,11.973],[106.485,11.972],[106.491,11.97]]]},"properties":{"shapeName":"Kratie","shapeGroup":"KHM"}},
{"type":"Feature","geometry":{"type":"Polygon","coordinates":[[[105.512,10.95],[105.537,10.952],[105.614,10.974],[105.607,10.983],[105.61,10.985],[105.611,10.99],[105.611,10.992],[105.608,10.996],[105.58,11.008],[105.636,11.121],[105.624,11.25],[105.669,11.265],[105.677,11.534],[105.809,11.6],[105.7,11.743],[105.443,11.755],[105.418,11.827],[105.285,11.859],[105.16,11.736],[105.104,11.622],[105.129,11.537],[105.297,11.424],[105.254,11.39],[105.279,11.249],[105.193,11.082],[105.183,10.962],[105.187,10.916],[105.187,10.912],[105.338,10.86],[105.427,10.973],[105.497,10.947],[105.499,10.953],[105.505,10.949],[105.512,10.95]]]},"properties":{"shapeName":"Prey Veng","shapeGroup":"KHM"}},
{"type":"Feature","geometry":{"type":"Polygon","coordinates":[[[104.042,11.436],[104.053,11.171],[104.215,11.094],[104.41,11.138],[104.685,11.09],[104.732,11.351],[104.793,11.424],[104.657,11.436],[104.738,11.827],[104.533,11.737],[104.376,11.768],[104.2,12.077],[104.093,12.039],[104.061,11.922],[103.94,11.943],[103.858,11.843],[103.784,11.849],[103.795,11.623],[104.053,11.495],[104.042,11.436]]]},"properties":{"shapeName":"Kampong Speu","shapeGroup":"KHM"}},
{"type":"Feature","geometry":{"type":"Polygon","coordinates":[[[105.775,11.032],[105.778,11.032],[105.864,10.899],[105.855,10.881],[105.856,10.873],[105.861,10.868],[105.929,10.853],[105.942,10.92],[106.011,10.856],[106.068,10.814],[106.094,10.808],[106.158,10.812],[106.191,10.793],[106.188,10.84],[106.14,10.915],[106.143,10.924],[106.148,10.93],[106.146,10.96],[106.143,10.974],[106.144,10.975],[106.144,10.976],[106.145,10.978],[106.148,10.979],[106.151,10.982],[106.153,10.982],[106.155,10.982],[106.16,10.983],[106.199,10.975],[106.18,11.044],[106.157,11.098],[106.121,11.086],[106.115,11.082],[106.112,11.079],[106.109,11.071],[106.101,11.074],[106.023,11.14],[106.018,11.151],[106.014,11.184],[106.011,11.19],[106.009,11.191],[105.996,11.192],[105.975,11.199],[105.963,11.196],[105.926,11.218],[105.913,11.237],[105.91,11.239],[105.903,11.265],[105.892,11.289],[105.89,11.288],[105.877,11.288],[105.868,11.282],[105.865,11.284],[105.874,11.406],[105.877,11.406],[105.877,11.411],[105.896,11.435],[105.875,11.467],[105.881,11.541],[105.869,11.557],[105.856,11.565],[105.853,11.565],[105.851,11.561],[105.818,11.568],[105.815,11.575],[105.815,11.576],[105.811,11.589],[105.81,11.596],[105.809,11.6],[105.677,11.534],[105.669,11.265],[105.624,11.25],[105.636,11.121],[105.58,11.008],[105.608,10.996],[105.611,10.992],[105.611,10.99],[105.667,11.003],[105.749,11.036],[105.772,11.034],[105.775,11.032]]]},"properties":{"shapeName":"Svay Rieng","shapeGroup":"KHM"}},
{"type":"Feature","geometry":{"type":"MultiPolygon","coordinates":[[[[103.706,10.906],[103.671,10.744],[103.542,10.721],[103.501,10.603],[103.633,10.487],[103.733,10.501],[103.711,10.555],[103.804,10.522],[103.858,10.657],[103.921,10.607],[103.968,10.67],[103.916,10.955],[104.073,11.029],[104.053,11.171],[104.042,11.436],[103.852,11.224],[103.887,11.157],[103.792,11.041],[103.796,10.939],[103.706,10.906]]],[[[103.23,10.707],[103.264,10.651],[103.315,10.698],[103.232,10.781],[103.182,10.737],[103.23,10.707]]],[[[103.316,10.623],[103.279,10.608],[103.324,10.543],[103.316,10.623]]],[[[103.798,10.459],[103.742,10.519],[103.735,10.471],[103.798,10.459]]]]},"properties":{"shapeName":"Preah Sihanouk","shapeGroup":"KHM"}},
{"type":"Feature","geometry":{"type":"Polygon","coordinates":[[[106.423,11.738],[106.423,11.739],[106.42,11.757],[106.414,11.766],[106.44,11.857],[106.447,11.866],[106.457,11.864],[106.464,11.867],[106.463,11.874],[106.412,11.974],[106.179,11.95],[106.173,12.035],[106.044,12.082],[105.993,12.202],[105.845,12.204],[105.83,12.258],[105.721,12.277],[105.555,12.274],[105.547,12.051],[105.477,12.024],[105.418,11.827],[105.443,11.755],[105.7,11.743],[105.809,11.6],[105.812,11.604],[105.811,11.606],[105.814,11.609],[105.812,11.609],[105.811,11.616],[105.811,11.617],[105.81,11.619],[105.812,11.62],[105.814,11.62],[105.828,11.62],[105.85,11.66],[105.859,11.666],[105.875,11.671],[105.882,11.676],[105.884,11.677],[105.891,11.676],[105.896,11.671],[105.902,11.665],[105.926,11.649],[105.937,11.645],[105.947,11.642],[105.952,11.64],[105.956,11.642],[105.956,11.643],[105.962,11.65],[105.971,11.657],[105.973,11.662],[105.98,11.666],[105.981,11.668],[105.981,11.671],[105.981,11.672],[105.98,11.673],[105.981,11.68],[105.978,11.686],[106.015,11.727],[106.01,11.75],[106.012,11.755],[106.014,11.762],[106.02,11.77],[106.021,11.771],[106.023,11.774],[106.031,11.775],[106.033,11.775],[106.042,11.778],[106.115,11.743],[106.123,11.744],[106.13,11.746],[106.136,11.743],[106.152,11.737],[106.153,11.737],[106.158,11.739],[106.166,11.747],[106.191,11.754],[106.266,11.721],[106.273,11.713],[106.272,11.711],[106.27,11.706],[106.299,11.681],[106.299,11.673],[106.317,11.676],[106.319,11.677],[106.321,11.68],[106.327,11.683],[106.33,11.687],[106.335,11.682],[106.339,11.681],[106.341,11.682],[106.344,11.685],[106.35,11.686],[106.357,11.692],[106.367,11.696],[106.385,11.697],[106.4,11.691],[106.416,11.678],[106.426,11.678],[106.428,11.676],[106.428,11.673],[106.434,11.67],[106.44,11.669],[106.448,11.67],[106.449,11.671],[106.451,11.672],[106.452,11.677],[106.453,11.68],[106.453,11.683],[106.45,11.692],[106.439,11.705],[106.426,11.718],[106.423,11.729],[106.423,11.738]]]},"properties":{"shapeName":"Tbong Khmum","shapeGroup":"KHM"}},
{"type":"Feature","geometry":{"type":"Polygon","coordinates":[[[102.518,12.664],[102.531,12.654],[102.532,12.654],[102.54,12.652],[102.55,12.656],[102.769,12.442],[102.779,12.437],[102.781,12.435],[102.787,12.415],[102.785,12.4],[102.81,12.371],[102.997,12.486],[103.068,12.437],[103.325,12.568],[103.512,12.504],[103.611,12.526],[103.633,12.845],[103.696,12.87],[103.741,13.008],[103.875,13.09],[103.683,13.286],[103.416,13.367],[103.166,13.412],[102.984,13.361],[102.745,13.412],[102.688,13.38],[102.687,13.479],[102.358,13.476],[102.358,13.472],[102.36,13.314],[102.353,13.297],[102.35,13.292],[102.434,13.091],[102.53,13.002],[102.487,12.983],[102.486,12.981],[102.562,12.981],[102.635,13.115],[102.751,13.027],[102.753,12.749],[102.667,12.69],[102.518,12.664]]]},"properties":{"shapeName":"Battambang","shapeGroup":"KHM"}},
{"type":"Feature","geometry":{"type":"Polygon","coordinates":[[[103.896,1.338],[103.828,1.367],[103.792,1.349],[103.759,1.299],[103.833,1.238],[103.92,1.302],[103.896,1.338]]]},"properties":{"shapeName":"CENTRAL REGION","shapeGroup":"SGP"}},
{"type":"Feature","geometry":{"type":"Polygon","coordinates":[[[103.92,1.302],[104.044,1.349],[103.93,1.401],[103.896,1.338],[103.92,1.302]]]},"properties":{"shapeName":"EAST REGION","shapeGroup":"SGP"}},
{"type":"Feature","geometry":{"type":"MultiPolygon","coordinates":[[[[103.896,1.338],[103.93,1.401],[103.867,1.425],[103.828,1.367],[103.896,1.338]]],[[[104.054,1.432],[104.009,1.419],[104.083,1.338],[104.054,1.432]]]]},"properties":{"shapeName":"NORTH-EAST REGION","shapeGroup":"SGP"}},
{"type":"Feature","geometry":{"type":"Polygon","coordinates":[[[103.828,1.367],[103.867,1.425],[103.809,1.471],[103.767,1.444],[103.716,1.45],[103.693,1.434],[103.792,1.349],[103.828,1.367]]]},"properties":{"shapeName":"NORTH REGION","shapeGroup":"SGP"}},
{"type":"Feature","geometry":{"type":"Polygon","coordinates":[[[103.792,1.349],[103.693,1.434],[103.633,1.351],[103.607,1.22],[103.659,1.217],[103.617,1.222],[103.65,1.229],[103.617,1.238],[103.638,1.316],[103.711,1.308],[103.654,1.273],[103.672,1.223],[103.74,1.273],[103.712,1.308],[103.759,1.299],[103.792,1.349]]]},"properties":{"shapeName":"WEST REGION","shapeGroup":"SGP"}},
{"type":"Feature","geometry":{"type":"Polygon","coordinates":[[[114.424,4.257],[114.426,4.264],[114.427,4.265],[114.426,4.266],[114.431,4.272],[114.434,4.274],[114.435,4.275],[114.44,4.276],[114.441,4.278],[114.444,4.28],[114.451,4.278],[114.457,4.264],[114.456,4.263],[114.458,4.26],[114.457,4.252],[114.456,4.252],[114.456,4.251],[114.454,4.248],[114.454,4.245],[114.454,4.243],[114.459,4.237],[114.461,4.218],[114.464,4.213],[114.467,4.21],[114.469,4.204],[114.473,4.2],[114.479,4.186],[114.479,4.185],[114.48,4.179],[114.482,4.172],[114.49,4.16],[114.495,4.151],[114.496,4.15],[114.497,4.147],[114.499,4.145],[114.503,4.142],[114.514,4.146],[114.516,4.147],[114.522,4.145],[114.528,4.137],[114.534,4.131],[114.536,4.13],[114.537,4.129],[114.541,4.129],[114.545,4.126],[114.548,4.123],[114.549,4.111],[114.546,4.109],[114.544,4.105],[114.546,4.103],[114.551,4.103],[114.551,4.101],[114.553,4.101],[114.554,4.096],[114.556,4.095],[114.554,4.082],[114.563,4.08],[114.569,4.079],[114.576,4.07],[114.582,4.056],[114.587,4.048],[114.591,4.047],[114.602,4.048],[114.614,4.045],[114.627,4.03],[114.625,4.021],[114.625,4.018],[114.622,4.016],[114.617,4.013],[114.614,4.007],[114.611,4.006],[114.61,4.005],[114.614,4.003],[114.62,4.003],[114.636,4.006],[114.646,4.006],[114.673,4.017],[114.676,4.018],[114.687,4.022],[114.716,4.042],[114.727,4.053],[114.728,4.054],[114.742,4.075],[114.756,4.093],[114.757,4.095],[114.763,4.102],[114.771,4.108],[114.772,4.108],[114.777,4.117],[114.778,4.119],[114.78,4.121],[114.789,4.123],[114.791,4.124],[114.793,4.126],[114.793,4.132],[114.809,4.157],[114.808,4.16],[114.805,4.161],[114.803,4.16],[114.801,4.157],[114.797,4.155],[114.796,4.158],[114.793,4.16],[114.794,4.164],[114.796,4.166],[114.797,4.174],[114.804,4.187],[114.806,4.187],[114.807,4.192],[114.815,4.2],[114.819,4.205],[114.832,4.22],[114.833,4.226],[114.837,4.23],[114.851,4.259],[114.853,4.263],[114.854,4.265],[114.856,4.278],[114.85,4.276],[114.836,4.26],[114.828,4.26],[114.825,4.257],[114.82,4.251],[114.815,4.252],[114.814,4.257],[114.813,4.259],[114.854,4.319],[114.805,4.317],[114.594,4.559],[114.523,4.709],[114.08,4.583],[114.262,4.507],[114.334,4.348],[114.318,4.264],[114.42,4.255],[114.424,4.256],[114.424,4.257]]]},"properties":{"shapeName":"Belait","shapeGroup":"BRN"}},
{"type":"Feature","geometry":{"type":"Polygon","coordinates":[[[114.879,4.368],[114.88,4.392],[114.878,4.394],[114.882,4.402],[114.884,4.42],[114.883,4.425],[114.878,4.427],[114.863,4.421],[114.851,4.423],[114.846,4.421],[114.843,4.423],[114.838,4.423],[114.826,4.431],[114.817,4.477],[114.817,4.488],[114.818,4.491],[114.818,4.494],[114.819,4.495],[114.819,4.496],[114.818,4.498],[114.819,4.511],[114.82,4.514],[114.818,4.531],[114.82,4.536],[114.815,4.569],[114.817,4.572],[114.815,4.593],[114.806,4.597],[114.805,4.606],[114.81,4.615],[114.808,4.626],[114.802,4.632],[114.801,4.633],[114.8,4.636],[114.799,4.639],[114.8,4.64],[114.799,4.648],[114.801,4.656],[114.801,4.658],[114.797,4.664],[114.802,4.675],[114.776,4.694],[114.77,4.725],[114.777,4.73],[114.778,4.732],[114.779,4.733],[114.793,4.924],[114.523,4.709],[114.594,4.559],[114.805,4.317],[114.854,4.319],[114.861,4.324],[114.868,4.332],[114.877,4.355],[114.878,4.368],[114.879,4.368]]]},"properties":{"shapeName":"Tutong","shapeGroup":"BRN"}},
{"type":"Feature","geometry":{"type":"Polygon","coordinates":[[[114.988,4.869],[114.988,4.87],[114.989,4.873],[115.022,4.917],[114.935,4.879],[115.093,5.039],[114.793,4.924],[114.779,4.733],[114.896,4.816],[114.915,4.81],[114.92,4.81],[114.934,4.815],[114.961,4.812],[114.964,4.811],[114.967,4.811],[114.972,4.809],[114.975,4.814],[114.975,4.815],[114.977,4.821],[114.98,4.825],[114.988,4.839],[114.985,4.844],[114.985,4.845],[114.983,4.848],[114.984,4.851],[114.99,4.854],[114.992,4.856],[114.988,4.869]]]},"properties":{"shapeName":"Brunei-Muara","shapeGroup":"BRN"}},
{"type":"Feature","geometry":{"type":"Polygon","coordinates":[[[115.029,4.748],[115.029,4.749],[115.031,4.748],[115.031,4.747],[115.032,4.746],[115.031,4.745],[115.031,4.744],[115.026,4.743],[115.027,4.739],[115.026,4.738],[115.027,4.734],[115.032,4.732],[115.033,4.733],[115.033,4.737],[115.034,4.736],[115.037,4.733],[115.038,4.733],[115.043,4.731],[115.043,4.73],[115.044,4.73],[115.04,4.725],[115.034,4.723],[115.039,4.719],[115.042,4.717],[115.042,4.715],[115.041,4.714],[115.036,4.716],[115.034,4.714],[115.034,4.713],[115.039,4.712],[115.038,4.712],[115.039,4.705],[115.037,4.705],[115.035,4.705],[115.034,4.706],[115.031,4.704],[115.03,4.7],[115.03,4.698],[115.032,4.699],[115.04,4.694],[115.039,4.692],[115.034,4.693],[115.037,4.685],[115.04,4.684],[115.041,4.681],[115.042,4.679],[115.043,4.677],[115.044,4.676],[115.043,4.675],[115.044,4.672],[115.047,4.669],[115.046,4.668],[115.047,4.668],[115.046,4.667],[115.04,4.667],[115.04,4.666],[115.041,4.664],[115.039,4.659],[115.044,4.657],[115.043,4.656],[115.042,4.654],[115.046,4.655],[115.048,4.655],[115.049,4.655],[115.049,4.651],[115.051,4.651],[115.05,4.646],[115.046,4.646],[115.044,4.644],[115.047,4.643],[115.047,4.64],[115.043,4.641],[115.042,4.635],[115.039,4.633],[115.04,4.631],[115.045,4.626],[115.042,4.62],[115.054,4.599],[115.061,4.596],[115.062,4.594],[115.063,4.593],[115.064,4.59],[115.062,4.59],[115.062,4.588],[115.063,4.583],[115.064,4.583],[115.064,4.582],[115.07,4.578],[115.07,4.577],[115.071,4.576],[115.086,4.532],[115.084,4.521],[115.081,4.523],[115.08,4.52],[115.082,4.518],[115.08,4.519],[115.083,4.515],[115.083,4.511],[115.079,4.509],[115.081,4.507],[115.079,4.507],[115.08,4.506],[115.082,4.508],[115.085,4.506],[115.084,4.506],[115.086,4.504],[115.088,4.503],[115.088,4.502],[115.09,4.502],[115.092,4.495],[115.091,4.494],[115.09,4.492],[115.092,4.492],[115.092,4.494],[115.094,4.492],[115.095,4.492],[115.095,4.491],[115.094,4.489],[115.095,4.488],[115.094,4.484],[115.092,4.479],[115.092,4.48],[115.092,4.479],[115.093,4.478],[115.093,4.476],[115.094,4.476],[115.094,4.474],[115.095,4.475],[115.096,4.475],[115.097,4.474],[115.098,4.473],[115.097,4.473],[115.098,4.472],[115.098,4.471],[115.097,4.47],[115.099,4.47],[115.099,4.459],[115.097,4.458],[115.097,4.453],[115.093,4.453],[115.094,4.45],[115.094,4.449],[115.095,4.449],[115.094,4.448],[115.095,4.448],[115.093,4.446],[115.094,4.446],[115.094,4.447],[115.094,4.446],[115.095,4.443],[115.093,4.444],[115.092,4.442],[115.093,4.441],[115.098,4.44],[115.099,4.437],[115.092,4.437],[115.092,4.435],[115.097,4.426],[115.107,4.415],[115.105,4.407],[115.099,4.403],[115.097,4.394],[115.091,4.387],[115.091,4.385],[115.099,4.382],[115.104,4.38],[115.107,4.376],[115.111,4.373],[115.121,4.373],[115.151,4.384],[115.154,4.383],[115.155,4.383],[115.156,4.381],[115.16,4.376],[115.181,4.373],[115.185,4.37],[115.189,4.371],[115.19,4.367],[115.191,4.366],[115.197,4.365],[115.2,4.364],[115.201,4.363],[115.203,4.364],[115.206,4.362],[115.218,4.359],[115.219,4.363],[115.233,4.365],[115.236,4.369],[115.246,4.361],[115.247,4.356],[115.245,4.347],[115.246,4.345],[115.245,4.343],[115.246,4.341],[115.249,4.341],[115.253,4.336],[115.254,4.336],[115.256,4.336],[115.264,4.339],[115.267,4.341],[115.268,4.342],[115.269,4.343],[115.272,4.344],[115.274,4.345],[115.275,4.344],[115.278,4.344],[115.296,4.339],[115.327,4.298],[115.336,4.303],[115.337,4.305],[115.342,4.308],[115.344,4.31],[115.344,4.313],[115.347,4.316],[115.351,4.317],[115.352,4.318],[115.354,4.323],[115.356,4.323],[115.356,4.324],[115.356,4.327],[115.358,4.329],[115.363,4.343],[115.363,4.344],[115.363,4.347],[115.358,4.348],[115.353,4.348],[115.347,4.351],[115.339,4.373],[115.328,4.386],[115.302,4.401],[115.299,4.406],[115.299,4.407],[115.295,4.416],[115.291,4.42],[115.287,4.423],[115.279,4.433],[115.278,4.437],[115.274,4.442],[115.274,4.447],[115.272,4.448],[115.268,4.527],[115.285,4.633],[115.235,4.803],[115.15,4.872],[115.153,4.88],[115.153,4.881],[115.149,4.89],[115.147,4.901],[115.14,4.905],[115.101,4.9],[115.103,4.818],[115.046,4.819],[115.072,4.777],[115.058,4.77],[115.05,4.777],[115.049,4.782],[115.043,4.777],[115.033,4.772],[115.032,4.753],[115.022,4.748],[115.023,4.746],[115.024,4.746],[115.029,4.749],[115.029,4.748]]]},"properties":{"shapeName":"Temburong","shapeGroup":"BRN"}},
{"type":"Feature","geometry":{"type":"Polygon","coordinates":[[[124.478,-9.176],[124.309,-9.199],[124.043,-9.336],[124.042,-9.34],[124.048,-9.345],[124.134,-9.426],[124.203,-9.374],[124.211,-9.37],[124.212,-9.368],[124.219,-9.369],[124.284,-9.448],[124.284,-9.455],[124.28,-9.503],[124.355,-9.485],[124.477,-9.2],[124.479,-9.196],[124.478,-9.176]]]},"properties":{"shapeName":"Oecusse","shapeGroup":"TLS"}},
{"type":"Feature","geometry":{"type":"Polygon","coordinates":[[[125.517,-8.618],[125.521,-8.706],[125.464,-8.708],[125.491,-8.84],[125.701,-8.77],[125.69,-8.805],[125.726,-8.802],[125.778,-8.683],[125.716,-8.582],[125.529,-8.616],[125.517,-8.618]]]},"properties":{"shapeName":"Aileu","shapeGroup":"TLS"}},
{"type":"Feature","geometry":{"type":"Polygon","coordinates":[[[125.491,-8.84],[125.437,-8.99],[125.335,-9.054],[125.369,-9.094],[125.327,-9.196],[125.359,-9.283],[125.697,-9.196],[125.542,-8.978],[125.664,-8.907],[125.69,-8.805],[125.701,-8.77],[125.491,-8.84]]]},"properties":{"shapeName":"Ainaro","shapeGroup":"TLS"}},
{"type":"Feature","geometry":{"type":"Polygon","coordinates":[[[126.715,-8.412],[126.567,-8.484],[126.416,-8.415],[126.182,-8.503],[126.22,-8.678],[126.726,-8.69],[126.8,-8.606],[126.715,-8.412]]]},"properties":{"shapeName":"Baucau","shapeGroup":"TLS"}},
{"type":"Feature","geometry":{"type":"Polygon","coordinates":[[[125.177,-9.171],[125.202,-9.18],[125.221,-9.176],[125.258,-9.208],[125.327,-9.196],[125.369,-9.094],[125.335,-9.054],[125.437,-8.99],[125.351,-8.97],[125.254,-8.786],[125.182,-8.751],[125.091,-8.742],[125.096,-8.797],[124.95,-8.958],[124.942,-9.037],[124.943,-9.047],[124.955,-9.056],[124.965,-9.059],[124.98,-9.063],[124.984,-9.066],[125.114,-8.966],[125.187,-9.029],[125.18,-9.166],[125.177,-9.171]]]},"properties":{"shapeName":"Bobonaro","shapeGroup":"TLS"}},
{"type":"Feature","geometry":{"type":"Polygon","coordinates":[[[125.088,-9.462],[125.359,-9.283],[125.327,-9.196],[125.258,-9.208],[125.221,-9.176],[125.202,-9.18],[125.177,-9.171],[125.175,-9.175],[125.148,-9.171],[125.131,-9.179],[124.983,-9.191],[125.085,-9.455],[125.088,-9.459],[125.088,-9.462]]]},"properties":{"shapeName":"Cova Lima","shapeGroup":"TLS"}},
{"type":"Feature","geometry":{"type":"MultiPolygon","coordinates":[[[[125.716,-8.582],[125.823,-8.542],[125.827,-8.491],[125.536,-8.538],[125.529,-8.616],[125.716,-8.582]]],[[[125.619,-8.134],[125.504,-8.259],[125.529,-8.296],[125.599,-8.285],[125.619,-8.134]]]]},"properties":{"shapeName":"Dili","shapeGroup":"TLS"}},
{"type":"Feature","geometry":{"type":"Polygon","coordinates":[[[125.517,-8.618],[125.182,-8.751],[125.254,-8.786],[125.351,-8.97],[125.437,-8.99],[125.491,-8.84],[125.464,-8.708],[125.521,-8.706],[125.517,-8.618]]]},"properties":{"shapeName":"Ermera","shapeGroup":"TLS"}},
{"type":"Feature","geometry":{"type":"Polygon","coordinates":[[[126.726,-8.69],[126.741,-8.757],[127.013,-8.686],[127.302,-8.42],[127.196,-8.336],[127.106,-8.368],[127.002,-8.322],[126.715,-8.412],[126.8,-8.606],[126.726,-8.69]]]},"properties":{"shapeName":"Lautém","shapeGroup":"TLS"}},
{"type":"Feature","geometry":{"type":"Polygon","coordinates":[[[125.529,-8.616],[125.536,-8.538],[125.123,-8.64],[125.091,-8.742],[125.182,-8.751],[125.517,-8.618],[125.529,-8.616]]]},"properties":{"shapeName":"Liquiçá","shapeGroup":"TLS"}},
{"type":"Feature","geometry":{"type":"Polygon","coordinates":[[[125.726,-8.802],[125.819,-8.819],[126.073,-9.048],[126.147,-8.993],[126.046,-8.777],[126.116,-8.687],[126.22,-8.678],[126.182,-8.503],[125.827,-8.491],[125.823,-8.542],[125.716,-8.582],[125.778,-8.683],[125.726,-8.802]]]},"properties":{"shapeName":"Manatuto","shapeGroup":"TLS"}},
{"type":"Feature","geometry":{"type":"Polygon","coordinates":[[[125.69,-8.805],[125.664,-8.907],[125.542,-8.978],[125.697,-9.196],[126.073,-9.048],[125.819,-8.819],[125.726,-8.802],[125.69,-8.805]]]},"properties":{"shapeName":"Manufahi","shapeGroup":"TLS"}},
{"type":"Feature","geometry":{"type":"Polygon","coordinates":[[[126.22,-8.678],[126.116,-8.687],[126.046,-8.777],[126.147,-8.993],[126.479,-8.947],[126.586,-8.803],[126.741,-8.757],[126.726,-8.69],[126.22,-8.678]]]},"properties":{"shapeName":"Viqueque","shapeGroup":"TLS"}}
]}